end_boundary_utc,return
2022-09-01 00:00:00+00:00,-0.0528224467543037
2022-09-02 00:00:00+00:00,-0.047519961024355184
2022-09-03 00:00:00+00:00,-0.04605269274756463
2022-09-04 00:00:00+00:00,-0.04561179958991002
2022-09-05 00:00:00+00:00,-0.04473818171182986
2022-09-06 00:00:00+00:00,-0.046111889209856316
2022-09-07 00:00:00+00:00,-0.04915954028158287
2022-09-08 00:00:00+00:00,-0.04869161661623045
2022-09-09 00:00:00+00:00,-0.04432025907939252
2022-09-10 00:00:00+00:00,-0.051352299695247905
2022-09-11 00:00:00+00:00,-0.05542669886213747
2022-09-12 00:00:00+00:00,-0.058071306813857304
2022-09-13 00:00:00+00:00,-0.05905046649305812
2022-09-14 00:00:00+00:00,-0.05917701535557052
2022-09-15 00:00:00+00:00,-0.061233289975898386
2022-09-16 00:00:00+00:00,-0.0570485761263948
2022-09-17 00:00:00+00:00,-0.057304943472838765
2022-09-18 00:00:00+00:00,-0.058246023674432545
2022-09-19 00:00:00+00:00,-0.05845739243627446
2022-09-20 00:00:00+00:00,-0.06503254909882261
2022-09-21 00:00:00+00:00,-0.05835141560446688
2022-09-22 00:00:00+00:00,-0.051145422567756005
2022-09-23 00:00:00+00:00,-0.05221127815636706
2022-09-24 00:00:00+00:00,-0.047197603590919956
2022-09-25 00:00:00+00:00,-0.05180294794006424
2022-09-26 00:00:00+00:00,-0.052365356019574705
2022-09-27 00:00:00+00:00,-0.05229838636089146
2022-09-28 00:00:00+00:00,-0.058858412447611475
2022-09-29 00:00:00+00:00,-0.05361587682863378
2022-09-30 00:00:00+00:00,-0.05369494158455512
2022-10-01 00:00:00+00:00,-0.046869236446243745
2022-10-02 00:00:00+00:00,-0.042950359265524374
2022-10-03 00:00:00+00:00,-0.04544762332825203
2022-10-04 00:00:00+00:00,-0.04504849093381258
2022-10-05 00:00:00+00:00,-0.051597424771847145
2022-10-06 00:00:00+00:00,-0.04497484046456779
2022-10-07 00:00:00+00:00,-0.04169403000632432
2022-10-08 00:00:00+00:00,-0.04629924458967449
2022-10-09 00:00:00+00:00,-0.049158759967737775
2022-10-10 00:00:00+00:00,-0.047199405331246114
2022-10-11 00:00:00+00:00,-0.04541343419637156
2022-10-12 00:00:00+00:00,-0.04813730467425159
2022-10-13 00:00:00+00:00,-0.04965333272060035
2022-10-14 00:00:00+00:00,-0.04972494659884441
2022-10-15 00:00:00+00:00,-0.048631106651114364
2022-10-16 00:00:00+00:00,-0.05175396688882883
2022-10-17 00:00:00+00:00,-0.05077430605976385
2022-10-18 00:00:00+00:00,-0.053710155407653004
2022-10-19 00:00:00+00:00,-0.05369777191587499
2022-10-20 00:00:00+00:00,-0.051917794234919046
2022-10-21 00:00:00+00:00,-0.05002972452946075
2022-10-22 00:00:00+00:00,-0.05125915499526035
2022-10-23 00:00:00+00:00,-0.05376672350428913
2022-10-24 00:00:00+00:00,-0.05724954643395219
2022-10-25 00:00:00+00:00,-0.05726122423451108
2022-10-26 00:00:00+00:00,-0.05721430175057307
2022-10-27 00:00:00+00:00,-0.0640456801454039
2022-10-28 00:00:00+00:00,-0.05874063113290329
2022-10-29 00:00:00+00:00,-0.058586438645496064
2022-10-30 00:00:00+00:00,-0.05766051554914131
2022-10-31 00:00:00+00:00,-0.05856055767034285
2022-11-01 00:00:00+00:00,-0.05828948020563973
2022-11-02 00:00:00+00:00,-0.0575551854963563
2022-11-03 00:00:00+00:00,-0.05764267838768233
2022-11-04 00:00:00+00:00,-0.05962428988903712
2022-11-05 00:00:00+00:00,-0.06161826323294339
2022-11-06 00:00:00+00:00,-0.06190894262664037
2022-11-07 00:00:00+00:00,-0.0604679469331606
2022-11-08 00:00:00+00:00,-0.06013834644008764
2022-11-09 00:00:00+00:00,-0.06015552625790854
2022-11-10 00:00:00+00:00,-0.06547980125516228
2022-11-11 00:00:00+00:00,-0.06477558324761545
2022-11-12 00:00:00+00:00,-0.06222662326045858
2022-11-13 00:00:00+00:00,-0.06278680020102123
2022-11-14 00:00:00+00:00,-0.06556191061270222
2022-11-15 00:00:00+00:00,-0.06188405719917045
2022-11-16 00:00:00+00:00,-0.06597617199748562
2022-11-17 00:00:00+00:00,-0.059418243925338676
2022-11-18 00:00:00+00:00,-0.05949372158403865
2022-11-19 00:00:00+00:00,-0.061521494913483354
2022-11-20 00:00:00+00:00,-0.06330054858102341
2022-11-21 00:00:00+00:00,-0.05861691933663804
2022-11-22 00:00:00+00:00,-0.06460198682795704
2022-11-23 00:00:00+00:00,-0.057719003520308565
2022-11-24 00:00:00+00:00,-0.06271737132599653
2022-11-25 00:00:00+00:00,-0.06497496293560068
2022-11-26 00:00:00+00:00,-0.06736921345518598
2022-11-27 00:00:00+00:00,-0.07004114837326358
2022-11-28 00:00:00+00:00,-0.07242334928857586
2022-11-29 00:00:00+00:00,-0.07618828682649714
2022-11-30 00:00:00+00:00,-0.07334342940430627
2022-12-01 00:00:00+00:00,-0.07991944794825168
2022-12-02 00:00:00+00:00,-0.08046951052413598
2022-12-03 00:00:00+00:00,-0.0816012096011276
2022-12-04 00:00:00+00:00,-0.0756709133633564
2022-12-05 00:00:00+00:00,-0.06906606100428381
2022-12-06 00:00:00+00:00,-0.06819439986822551
2022-12-07 00:00:00+00:00,-0.06921248749028275
2022-12-08 00:00:00+00:00,-0.06695772020651214
2022-12-09 00:00:00+00:00,-0.0668302732263738
2022-12-10 00:00:00+00:00,-0.06167005794932301
2022-12-11 00:00:00+00:00,-0.06376808722099825
2022-12-12 00:00:00+00:00,-0.06609399624879853
2022-12-13 00:00:00+00:00,-0.0633529792918266
2022-12-14 00:00:00+00:00,-0.0700283163648332
2022-12-15 00:00:00+00:00,-0.07706729540306911
2022-12-16 00:00:00+00:00,-0.0768411095549908
2022-12-17 00:00:00+00:00,-0.08338175696711636
2022-12-18 00:00:00+00:00,-0.07765565144780384
2022-12-19 00:00:00+00:00,-0.07966599011183528
2022-12-20 00:00:00+00:00,-0.0824149722953521
2022-12-21 00:00:00+00:00,-0.08093339216975581
2022-12-22 00:00:00+00:00,-0.0761301913764384
2022-12-23 00:00:00+00:00,-0.07692880089625431
2022-12-24 00:00:00+00:00,-0.07951123704962038
2022-12-25 00:00:00+00:00,-0.07931235553252036
2022-12-26 00:00:00+00:00,-0.07861054639457477
2022-12-27 00:00:00+00:00,-0.078734377551125
2022-12-28 00:00:00+00:00,-0.07637229630493636
2022-12-29 00:00:00+00:00,-0.07350451860211316
2022-12-30 00:00:00+00:00,-0.07002260880361733
2022-12-31 00:00:00+00:00,-0.07002533472434547
2023-01-01 00:00:00+00:00,-0.07318692105882463
2023-01-02 00:00:00+00:00,-0.0745053075696882
2023-01-03 00:00:00+00:00,-0.0770744406589241
2023-01-04 00:00:00+00:00,-0.07525863477016437
2023-01-05 00:00:00+00:00,-0.07924570313145429
2023-01-06 00:00:00+00:00,-0.08126660119876905
2023-01-07 00:00:00+00:00,-0.07955314174624062
2023-01-08 00:00:00+00:00,-0.07520737193320959
2023-01-09 00:00:00+00:00,-0.07318666880639524
2023-01-10 00:00:00+00:00,-0.07339749987111832
2023-01-11 00:00:00+00:00,-0.07843541121376985
2023-01-12 00:00:00+00:00,-0.08518871880428303
2023-01-13 00:00:00+00:00,-0.08663395563979281
2023-01-14 00:00:00+00:00,-0.09317592056795332
2023-01-15 00:00:00+00:00,-0.09974256129935999
2023-01-16 00:00:00+00:00,-0.09734549595458153
2023-01-17 00:00:00+00:00,-0.0951768567903134
2023-01-18 00:00:00+00:00,-0.08930747276234174
2023-01-19 00:00:00+00:00,-0.08741616008549824
2023-01-20 00:00:00+00:00,-0.0876937026953355
2023-01-21 00:00:00+00:00,-0.09418039778353171
2023-01-22 00:00:00+00:00,-0.09053108916657471
2023-01-23 00:00:00+00:00,-0.08430828268455581
2023-01-24 00:00:00+00:00,-0.08409405303369455
2023-01-25 00:00:00+00:00,-0.0837813538005373
2023-01-26 00:00:00+00:00,-0.08335435111588663
2023-01-27 00:00:00+00:00,-0.0784615200599067
2023-01-28 00:00:00+00:00,-0.07744901494321976
2023-01-29 00:00:00+00:00,-0.07896392201173075
2023-01-30 00:00:00+00:00,-0.07541768369438251
2023-01-31 00:00:00+00:00,-0.07521655404372463
2023-02-01 00:00:00+00:00,-0.07505336993846379
2023-02-02 00:00:00+00:00,-0.07191275255838159
2023-02-03 00:00:00+00:00,-0.07198296469771415
2023-02-04 00:00:00+00:00,-0.07364134784068066
2023-02-05 00:00:00+00:00,-0.06986537262390002
2023-02-06 00:00:00+00:00,-0.07257607427897361
2023-02-07 00:00:00+00:00,-0.07598159677775573
2023-02-08 00:00:00+00:00,-0.06937504906004233
2023-02-09 00:00:00+00:00,-0.06259161531830548
2023-02-10 00:00:00+00:00,-0.06923050144082543
2023-02-11 00:00:00+00:00,-0.07227686974643233
2023-02-12 00:00:00+00:00,-0.06756125512426714
2023-02-13 00:00:00+00:00,-0.06630392996502021
2023-02-14 00:00:00+00:00,-0.06601471689492311
2023-02-15 00:00:00+00:00,-0.06601238921333186
2023-02-16 00:00:00+00:00,-0.06606045393184001
2023-02-17 00:00:00+00:00,-0.07214025496756682
2023-02-18 00:00:00+00:00,-0.06431551910385114
2023-02-19 00:00:00+00:00,-0.0634048647987503
2023-02-20 00:00:00+00:00,-0.0614971005159024
2023-02-21 00:00:00+00:00,-0.06194501992643009
2023-02-22 00:00:00+00:00,-0.06239537323704103
2023-02-23 00:00:00+00:00,-0.06878424670632177
2023-02-24 00:00:00+00:00,-0.06857646582023136
2023-02-25 00:00:00+00:00,-0.06865887720031694
2023-02-26 00:00:00+00:00,-0.06632105064455007
2023-02-27 00:00:00+00:00,-0.06448447945591007
2023-02-28 00:00:00+00:00,-0.05801223289275703
2023-03-01 00:00:00+00:00,-0.06305063816960743
2023-03-02 00:00:00+00:00,-0.05639544743264513
2023-03-03 00:00:00+00:00,-0.05600457005420867
2023-03-04 00:00:00+00:00,-0.056072071347598396
2023-03-05 00:00:00+00:00,-0.051532396173355144
2023-03-06 00:00:00+00:00,-0.05017986466180968
2023-03-07 00:00:00+00:00,-0.05208602395085116
2023-03-08 00:00:00+00:00,-0.05593039221615537
2023-03-09 00:00:00+00:00,-0.06280925983489638
2023-03-10 00:00:00+00:00,-0.06296597854413744
2023-03-11 00:00:00+00:00,-0.06947579395268866
2023-03-12 00:00:00+00:00,-0.06569628389282822
2023-03-13 00:00:00+00:00,-0.07230067629778136
2023-03-14 00:00:00+00:00,-0.07874003771665916
2023-03-15 00:00:00+00:00,-0.08533765390456205
2023-03-16 00:00:00+00:00,-0.08522329111006144
2023-03-17 00:00:00+00:00,-0.0851593731749829
2023-03-18 00:00:00+00:00,-0.09009187632411686
2023-03-19 00:00:00+00:00,-0.0907211101217017
2023-03-20 00:00:00+00:00,-0.08774394053265722
2023-03-21 00:00:00+00:00,-0.08762076468993663
2023-03-22 00:00:00+00:00,-0.08505818288458489
2023-03-23 00:00:00+00:00,-0.08526745091332177
2023-03-24 00:00:00+00:00,-0.08163281374072551
2023-03-25 00:00:00+00:00,-0.076503152368402
2023-03-26 00:00:00+00:00,-0.07560071455960093
2023-03-27 00:00:00+00:00,-0.0773822717679824
2023-03-28 00:00:00+00:00,-0.07089571967684327
2023-03-29 00:00:00+00:00,-0.06963962694740977
2023-03-30 00:00:00+00:00,-0.07337529034165391
2023-03-31 00:00:00+00:00,-0.07309716275214617
2023-04-01 00:00:00+00:00,-0.06638163693514243
2023-04-02 00:00:00+00:00,-0.06890530568243036
2023-04-03 00:00:00+00:00,-0.07116053031077696
2023-04-04 00:00:00+00:00,-0.07758651671409167
2023-04-05 00:00:00+00:00,-0.0769205551746942
2023-04-06 00:00:00+00:00,-0.0789421465949729
2023-04-07 00:00:00+00:00,-0.07520619579720034
2023-04-08 00:00:00+00:00,-0.07789867978862153
2023-04-09 00:00:00+00:00,-0.07950805114811854
2023-04-10 00:00:00+00:00,-0.08265948075970275
2023-04-11 00:00:00+00:00,-0.08906186246172709
2023-04-12 00:00:00+00:00,-0.08902594104082584
2023-04-13 00:00:00+00:00,-0.0885452101851093
2023-04-14 00:00:00+00:00,-0.08207044033358712
2023-04-15 00:00:00+00:00,-0.08428364033641977
2023-04-16 00:00:00+00:00,-0.08579587975802105
2023-04-17 00:00:00+00:00,-0.08639772062322071
2023-04-18 00:00:00+00:00,-0.08197969579339726
2023-04-19 00:00:00+00:00,-0.08219749813062316
2023-04-20 00:00:00+00:00,-0.07798082143546936
2023-04-21 00:00:00+00:00,-0.08295680886511025
2023-04-22 00:00:00+00:00,-0.08947041861221305
2023-04-23 00:00:00+00:00,-0.08307846805067631
2023-04-24 00:00:00+00:00,-0.08022329434675535
2023-04-25 00:00:00+00:00,-0.07776731457488828
2023-04-26 00:00:00+00:00,-0.07803900526060081
2023-04-27 00:00:00+00:00,-0.0847248501368777
2023-04-28 00:00:00+00:00,-0.09133228085808365
2023-04-29 00:00:00+00:00,-0.08751406862463307
2023-04-30 00:00:00+00:00,-0.0902345378823236
2023-05-01 00:00:00+00:00,-0.08485652825971124
2023-05-02 00:00:00+00:00,-0.08462776342412937
2023-05-03 00:00:00+00:00,-0.08186900460387725
2023-05-04 00:00:00+00:00,-0.08198238864827034
2023-05-05 00:00:00+00:00,-0.08314080062349483
2023-05-06 00:00:00+00:00,-0.08311752223113533
2023-05-07 00:00:00+00:00,-0.07665899501233187
2023-05-08 00:00:00+00:00,-0.07474845105942607
2023-05-09 00:00:00+00:00,-0.07474538579845325
2023-05-10 00:00:00+00:00,-0.07063300987588539
2023-05-11 00:00:00+00:00,-0.07034595095062712
2023-05-12 00:00:00+00:00,-0.07738406825406563
2023-05-13 00:00:00+00:00,-0.08322645139159712
2023-05-14 00:00:00+00:00,-0.08599485898158665
2023-05-15 00:00:00+00:00,-0.08174038843615772
2023-05-16 00:00:00+00:00,-0.08280636644648953
2023-05-17 00:00:00+00:00,-0.08383007686942068
2023-05-18 00:00:00+00:00,-0.08406686365941929
2023-05-19 00:00:00+00:00,-0.08436885008824002
2023-05-20 00:00:00+00:00,-0.08429520659465017
2023-05-21 00:00:00+00:00,-0.08772229336860493
2023-05-22 00:00:00+00:00,-0.08664677472167015
2023-05-23 00:00:00+00:00,-0.08216620103425942
2023-05-24 00:00:00+00:00,-0.08842466982006447
2023-05-25 00:00:00+00:00,-0.08849630243909368
2023-05-26 00:00:00+00:00,-0.08810037463398324
2023-05-27 00:00:00+00:00,-0.08521670975263851
2023-05-28 00:00:00+00:00,-0.08399540526701499
2023-05-29 00:00:00+00:00,-0.09064424248888558
2023-05-30 00:00:00+00:00,-0.08673810841030338
2023-05-31 00:00:00+00:00,-0.08275193092344735
2023-06-01 00:00:00+00:00,-0.08696960623861816
2023-06-02 00:00:00+00:00,-0.09205196701264118
2023-06-03 00:00:00+00:00,-0.0924970868626338
2023-06-04 00:00:00+00:00,-0.09259572425050289
2023-06-05 00:00:00+00:00,-0.09108925513621513
2023-06-06 00:00:00+00:00,-0.08904351033064639
2023-06-07 00:00:00+00:00,-0.08273196430515806
2023-06-08 00:00:00+00:00,-0.08301200055212044
2023-06-09 00:00:00+00:00,-0.0764434532580115
2023-06-10 00:00:00+00:00,-0.07597891575731608
2023-06-11 00:00:00+00:00,-0.07598272415181007
2023-06-12 00:00:00+00:00,-0.07112860789597508
2023-06-13 00:00:00+00:00,-0.06469072160756606
2023-06-14 00:00:00+00:00,-0.05786753265032596
2023-06-15 00:00:00+00:00,-0.051127683035613214
2023-06-16 00:00:00+00:00,-0.04412117328968945
2023-06-17 00:00:00+00:00,-0.044689266198315036
2023-06-18 00:00:00+00:00,-0.048580394005972805
2023-06-19 00:00:00+00:00,-0.04967029662763789
2023-06-20 00:00:00+00:00,-0.050250768016157576
2023-06-21 00:00:00+00:00,-0.05682627758770309
2023-06-22 00:00:00+00:00,-0.0608911614442309
2023-06-23 00:00:00+00:00,-0.06090899767407176
2023-06-24 00:00:00+00:00,-0.06145565980478607
2023-06-25 00:00:00+00:00,-0.0591134120887401
2023-06-26 00:00:00+00:00,-0.05606198989117228
2023-06-27 00:00:00+00:00,-0.05940885189795975
2023-06-28 00:00:00+00:00,-0.059318782725356956
2023-06-29 00:00:00+00:00,-0.0552319626011013
2023-06-30 00:00:00+00:00,-0.05237014684426844
2023-07-01 00:00:00+00:00,-0.052411305126739194
2023-07-02 00:00:00+00:00,-0.05634823552685064
2023-07-03 00:00:00+00:00,-0.05419477747490742
2023-07-04 00:00:00+00:00,-0.059106988732633425
2023-07-05 00:00:00+00:00,-0.052517556551710864
2023-07-06 00:00:00+00:00,-0.05629290951891064
2023-07-07 00:00:00+00:00,-0.056304852596639976
2023-07-08 00:00:00+00:00,-0.049362559512620696
2023-07-09 00:00:00+00:00,-0.049337305340354964
2023-07-10 00:00:00+00:00,-0.050131018343835265
2023-07-11 00:00:00+00:00,-0.04322872720908155
2023-07-12 00:00:00+00:00,-0.03990793793556868
2023-07-13 00:00:00+00:00,-0.03404523637763612
2023-07-14 00:00:00+00:00,-0.034702446525121
2023-07-15 00:00:00+00:00,-0.03506054820762117
2023-07-16 00:00:00+00:00,-0.033993241144267716
2023-07-17 00:00:00+00:00,-0.03260646845678694
2023-07-18 00:00:00+00:00,-0.035490950745478145
2023-07-19 00:00:00+00:00,-0.04264309511599085
2023-07-20 00:00:00+00:00,-0.04372922161897419
2023-07-21 00:00:00+00:00,-0.04224960840431635
2023-07-22 00:00:00+00:00,-0.041315488756087704
2023-07-23 00:00:00+00:00,-0.04313865533761552
2023-07-24 00:00:00+00:00,-0.040159216448314994
2023-07-25 00:00:00+00:00,-0.03992368827381676
2023-07-26 00:00:00+00:00,-0.042096404777093976
2023-07-27 00:00:00+00:00,-0.042846438404064435
2023-07-28 00:00:00+00:00,-0.04463775144096982
2023-07-29 00:00:00+00:00,-0.0379132189280712
2023-07-30 00:00:00+00:00,-0.0387269361535153
2023-07-31 00:00:00+00:00,-0.03897922453922775
2023-08-01 00:00:00+00:00,-0.04200533887481095
2023-08-02 00:00:00+00:00,-0.04648791200456137
2023-08-03 00:00:00+00:00,-0.043012577377673944
2023-08-04 00:00:00+00:00,-0.045431156992762234
2023-08-05 00:00:00+00:00,-0.04220241620996579
2023-08-06 00:00:00+00:00,-0.045226316977520886
2023-08-07 00:00:00+00:00,-0.04696980415008356
2023-08-08 00:00:00+00:00,-0.04731828155411655
2023-08-09 00:00:00+00:00,-0.047254627143952566
2023-08-10 00:00:00+00:00,-0.047215284297401405
2023-08-11 00:00:00+00:00,-0.051018534514058245
2023-08-12 00:00:00+00:00,-0.04683157308596286
2023-08-13 00:00:00+00:00,-0.049089402328609255
2023-08-14 00:00:00+00:00,-0.04817674441015607
2023-08-15 00:00:00+00:00,-0.04673856432561774
2023-08-16 00:00:00+00:00,-0.047190841679644824
2023-08-17 00:00:00+00:00,-0.05026729156630183
2023-08-18 00:00:00+00:00,-0.05727944108601002
2023-08-19 00:00:00+00:00,-0.06102458312465231
2023-08-20 00:00:00+00:00,-0.05631996196758604
2023-08-21 00:00:00+00:00,-0.05920828506626896
2023-08-22 00:00:00+00:00,-0.0553875043601193
2023-08-23 00:00:00+00:00,-0.06193856192545033
2023-08-24 00:00:00+00:00,-0.060270324111168616
2023-08-25 00:00:00+00:00,-0.05899639128056977
2023-08-26 00:00:00+00:00,-0.06238689669525843
2023-08-27 00:00:00+00:00,-0.06486250445111741
2023-08-28 00:00:00+00:00,-0.06321643388248543
2023-08-29 00:00:00+00:00,-0.060876579659815744
2023-08-30 00:00:00+00:00,-0.06721318104768681
2023-08-31 00:00:00+00:00,-0.06713223607323293
2023-09-01 00:00:00+00:00,-0.06730218587492498
2023-09-02 00:00:00+00:00,-0.07384125460927116
2023-09-03 00:00:00+00:00,-0.07422552166518459
2023-09-04 00:00:00+00:00,-0.07453338937878906
2023-09-05 00:00:00+00:00,-0.07351749455900214
2023-09-06 00:00:00+00:00,-0.07512536342875875
2023-09-07 00:00:00+00:00,-0.06851973414935508
2023-09-08 00:00:00+00:00,-0.06904657090876343
2023-09-09 00:00:00+00:00,-0.06703466382095913
2023-09-10 00:00:00+00:00,-0.06266104052392807
2023-09-11 00:00:00+00:00,-0.061648052364679296
2023-09-12 00:00:00+00:00,-0.06547496046015666
2023-09-13 00:00:00+00:00,-0.060739358675368726
2023-09-14 00:00:00+00:00,-0.06735346868395364
2023-09-15 00:00:00+00:00,-0.0722075964005583
2023-09-16 00:00:00+00:00,-0.07250991093761949
2023-09-17 00:00:00+00:00,-0.07262396533453086
2023-09-18 00:00:00+00:00,-0.07113616369179476
2023-09-19 00:00:00+00:00,-0.07105535723117196
2023-09-20 00:00:00+00:00,-0.0710658877070739
2023-09-21 00:00:00+00:00,-0.07140365186948006
2023-09-22 00:00:00+00:00,-0.07849699103900998
2023-09-23 00:00:00+00:00,-0.08042214089088662
2023-09-24 00:00:00+00:00,-0.08257864715582541
2023-09-25 00:00:00+00:00,-0.08299221753300634
2023-09-26 00:00:00+00:00,-0.08172988575268614
2023-09-27 00:00:00+00:00,-0.08361789888199722
2023-09-28 00:00:00+00:00,-0.07723942223729097
2023-09-29 00:00:00+00:00,-0.08396543419913682
2023-09-30 00:00:00+00:00,-0.08401915239166435
2023-10-01 00:00:00+00:00,-0.0857502453698431
2023-10-02 00:00:00+00:00,-0.08949975911652042
2023-10-03 00:00:00+00:00,-0.09237511962628187
2023-10-04 00:00:00+00:00,-0.095631722380909
2023-10-05 00:00:00+00:00,-0.08943918187774658
2023-10-06 00:00:00+00:00,-0.08974204523330354
2023-10-07 00:00:00+00:00,-0.08664330920054164
2023-10-08 00:00:00+00:00,-0.0844977459146301
2023-10-09 00:00:00+00:00,-0.08182228896659594
2023-10-10 00:00:00+00:00,-0.0864791873121259
2023-10-11 00:00:00+00:00,-0.09034646314924821
2023-10-12 00:00:00+00:00,-0.09449460816631172
2023-10-13 00:00:00+00:00,-0.09601802704317786
2023-10-14 00:00:00+00:00,-0.09602597426407222
2023-10-15 00:00:00+00:00,-0.09738889840185005
2023-10-16 00:00:00+00:00,-0.09474574439315675
2023-10-17 00:00:00+00:00,-0.10115678596132283
2023-10-18 00:00:00+00:00,-0.09741286232736102
2023-10-19 00:00:00+00:00,-0.09766771677613773
2023-10-20 00:00:00+00:00,-0.09404202918913607
2023-10-21 00:00:00+00:00,-0.09781643387124872
2023-10-22 00:00:00+00:00,-0.10294452361072215
2023-10-23 00:00:00+00:00,-0.10330194826635886
2023-10-24 00:00:00+00:00,-0.10510724188243481
2023-10-25 00:00:00+00:00,-0.11148402466630092
2023-10-26 00:00:00+00:00,-0.11769293404185444
2023-10-27 00:00:00+00:00,-0.11169705687915998
2023-10-28 00:00:00+00:00,-0.11503415789707849
2023-10-29 00:00:00+00:00,-0.1153037952577759
2023-10-30 00:00:00+00:00,-0.11592097402475143
2023-10-31 00:00:00+00:00,-0.11502400933537416
2023-11-01 00:00:00+00:00,-0.11333684355025209
2023-11-02 00:00:00+00:00,-0.11153085873940782
2023-11-03 00:00:00+00:00,-0.11135193608496607
2023-11-04 00:00:00+00:00,-0.11265807854035703
2023-11-05 00:00:00+00:00,-0.10620458337616356
2023-11-06 00:00:00+00:00,-0.10322514537030136
2023-11-07 00:00:00+00:00,-0.10514611997662715
2023-11-08 00:00:00+00:00,-0.10420581299805043
2023-11-09 00:00:00+00:00,-0.10088956513376535
2023-11-10 00:00:00+00:00,-0.10082636413200541
2023-11-11 00:00:00+00:00,-0.1059464707934904
2023-11-12 00:00:00+00:00,-0.10626761299219734
2023-11-13 00:00:00+00:00,-0.10539992845386814
2023-11-14 00:00:00+00:00,-0.1053051188567673
2023-11-15 00:00:00+00:00,-0.11168777514871031
2023-11-16 00:00:00+00:00,-0.10813762753072476
2023-11-17 00:00:00+00:00,-0.10832604382537436
2023-11-18 00:00:00+00:00,-0.10620641423434507
2023-11-19 00:00:00+00:00,-0.10621869351084312
2023-11-20 00:00:00+00:00,-0.10406706927902887
2023-11-21 00:00:00+00:00,-0.10433699895419946
2023-11-22 00:00:00+00:00,-0.09798164734563586
2023-11-23 00:00:00+00:00,-0.09878490862791156
2023-11-24 00:00:00+00:00,-0.09431685522781608
2023-11-25 00:00:00+00:00,-0.09222681687300305
2023-11-26 00:00:00+00:00,-0.09201216879300811
2023-11-27 00:00:00+00:00,-0.08953845942413952
2023-11-28 00:00:00+00:00,-0.09020405282052402
2023-11-29 00:00:00+00:00,-0.08629669406830143
2023-11-30 00:00:00+00:00,-0.0887962321900434
2023-12-01 00:00:00+00:00,-0.08386857431936201
2023-12-02 00:00:00+00:00,-0.08396606668502427
2023-12-03 00:00:00+00:00,-0.08915376777401096
2023-12-04 00:00:00+00:00,-0.09279694274723549
2023-12-05 00:00:00+00:00,-0.09923675852872871
2023-12-06 00:00:00+00:00,-0.09877728438778632
2023-12-07 00:00:00+00:00,-0.09786776863165081
2023-12-08 00:00:00+00:00,-0.1016794122152348
2023-12-09 00:00:00+00:00,-0.102012390259829
2023-12-10 00:00:00+00:00,-0.10052373824068184
2023-12-11 00:00:00+00:00,-0.10048407170907059
2023-12-12 00:00:00+00:00,-0.09813191747341754
2023-12-13 00:00:00+00:00,-0.09752205017019677
2023-12-14 00:00:00+00:00,-0.09138179963509707
2023-12-15 00:00:00+00:00,-0.08496658875007168
2023-12-16 00:00:00+00:00,-0.08519437414807352
2023-12-17 00:00:00+00:00,-0.07886481115839772
2023-12-18 00:00:00+00:00,-0.07823695278498455
2023-12-19 00:00:00+00:00,-0.07661112141023396
2023-12-20 00:00:00+00:00,-0.07206732478638278
2023-12-21 00:00:00+00:00,-0.07212767849794566
2023-12-22 00:00:00+00:00,-0.07338900573048124
2023-12-23 00:00:00+00:00,-0.07355116341526369
2023-12-24 00:00:00+00:00,-0.07108277878906755
2023-12-25 00:00:00+00:00,-0.07398079210110275
2023-12-26 00:00:00+00:00,-0.0716509625254077
2023-12-27 00:00:00+00:00,-0.07033017380049833
2023-12-28 00:00:00+00:00,-0.07097290219019037
2023-12-29 00:00:00+00:00,-0.06714862387337583
2023-12-30 00:00:00+00:00,-0.06984451543565262
2023-12-31 00:00:00+00:00,-0.07170974384538797
2024-01-01 00:00:00+00:00,-0.0711935658631484
2024-01-02 00:00:00+00:00,-0.07614486120955888
2024-01-03 00:00:00+00:00,-0.08001089398137173
2024-01-04 00:00:00+00:00,-0.07747166128943328
2024-01-05 00:00:00+00:00,-0.07338041109344506
2024-01-06 00:00:00+00:00,-0.07128054507563664
2024-01-07 00:00:00+00:00,-0.07050052545672247
2024-01-08 00:00:00+00:00,-0.07075155878076023
2024-01-09 00:00:00+00:00,-0.07043761234835788
2024-01-10 00:00:00+00:00,-0.06780399569837992
2024-01-11 00:00:00+00:00,-0.06928127681049123
2024-01-12 00:00:00+00:00,-0.06318231577288713
2024-01-13 00:00:00+00:00,-0.06320647556844505
2024-01-14 00:00:00+00:00,-0.058907576809862916
2024-01-15 00:00:00+00:00,-0.052312072170170754
2024-01-16 00:00:00+00:00,-0.05262616881698268
2024-01-17 00:00:00+00:00,-0.057256558941231606
2024-01-18 00:00:00+00:00,-0.05650570762864837
2024-01-19 00:00:00+00:00,-0.06317862684917419
2024-01-20 00:00:00+00:00,-0.0626007002955713
2024-01-21 00:00:00+00:00,-0.058192454427165585
2024-01-22 00:00:00+00:00,-0.05713102423817751
2024-01-23 00:00:00+00:00,-0.06356709516082082
2024-01-24 00:00:00+00:00,-0.06402290334422445
2024-01-25 00:00:00+00:00,-0.06681082716816111
2024-01-26 00:00:00+00:00,-0.06687597023304048
2024-01-27 00:00:00+00:00,-0.06524611997564267
2024-01-28 00:00:00+00:00,-0.06865998681624508
2024-01-29 00:00:00+00:00,-0.06683887434459224
2024-01-30 00:00:00+00:00,-0.06628001569625175
2024-01-31 00:00:00+00:00,-0.06667272414036907
2024-02-01 00:00:00+00:00,-0.0676067367742682
2024-02-02 00:00:00+00:00,-0.0680792522357635
2024-02-03 00:00:00+00:00,-0.06849609693723058
2024-02-04 00:00:00+00:00,-0.06707706300181815
2024-02-05 00:00:00+00:00,-0.06830008063884152
2024-02-06 00:00:00+00:00,-0.06341677315526573
2024-02-07 00:00:00+00:00,-0.06379721919028913
2024-02-08 00:00:00+00:00,-0.07039403749721573
2024-02-09 00:00:00+00:00,-0.07702018785016795
2024-02-10 00:00:00+00:00,-0.07704333164678578
2024-02-11 00:00:00+00:00,-0.0781993301332371
2024-02-12 00:00:00+00:00,-0.08195020506733253
2024-02-13 00:00:00+00:00,-0.08068656875080349
2024-02-14 00:00:00+00:00,-0.07848138650568148
2024-02-15 00:00:00+00:00,-0.07842633758143669
2024-02-16 00:00:00+00:00,-0.07428760774217902
2024-02-17 00:00:00+00:00,-0.07053456188665763
2024-02-18 00:00:00+00:00,-0.07167623980443494
2024-02-19 00:00:00+00:00,-0.06903455763255006
2024-02-20 00:00:00+00:00,-0.07020343058491352
2024-02-21 00:00:00+00:00,-0.06970112991465338
2024-02-22 00:00:00+00:00,-0.06972088975701973
2024-02-23 00:00:00+00:00,-0.06677119046697877
2024-02-24 00:00:00+00:00,-0.07063426073254264
2024-02-25 00:00:00+00:00,-0.06400388526510103
2024-02-26 00:00:00+00:00,-0.06434312344395543
2024-02-27 00:00:00+00:00,-0.06442325603760368
2024-02-28 00:00:00+00:00,-0.07088243533660232
2024-02-29 00:00:00+00:00,-0.07248377897837865
2024-03-01 00:00:00+00:00,-0.07287328655116543
2024-03-02 00:00:00+00:00,-0.0731723481408122
2024-03-03 00:00:00+00:00,-0.06782020929101595
2024-03-04 00:00:00+00:00,-0.06555576686896758
2024-03-05 00:00:00+00:00,-0.07204257470009368
2024-03-06 00:00:00+00:00,-0.07037510523284074
2024-03-07 00:00:00+00:00,-0.06658413070465108
2024-03-08 00:00:00+00:00,-0.06326977663225297
2024-03-09 00:00:00+00:00,-0.0629125125590736
2024-03-10 00:00:00+00:00,-0.05868168479415381
2024-03-11 00:00:00+00:00,-0.061572732072200154
2024-03-12 00:00:00+00:00,-0.055084861610323
2024-03-13 00:00:00+00:00,-0.048027762431302246
2024-03-14 00:00:00+00:00,-0.041045739431827655
2024-03-15 00:00:00+00:00,-0.04119287406717531
2024-03-16 00:00:00+00:00,-0.047785600074002454
2024-03-17 00:00:00+00:00,-0.04783694135424632
2024-03-18 00:00:00+00:00,-0.04793970235983536
2024-03-19 00:00:00+00:00,-0.04804704516609226
2024-03-20 00:00:00+00:00,-0.05501633014168783
2024-03-21 00:00:00+00:00,-0.055431545395598025
2024-03-22 00:00:00+00:00,-0.05554707619093724
2024-03-23 00:00:00+00:00,-0.06227791378675951
2024-03-24 00:00:00+00:00,-0.06220483040565994
2024-03-25 00:00:00+00:00,-0.06655676516359821
2024-03-26 00:00:00+00:00,-0.06843379898795354
2024-03-27 00:00:00+00:00,-0.0707735677841369
2024-03-28 00:00:00+00:00,-0.06913599318644292
2024-03-29 00:00:00+00:00,-0.06232357451704196
2024-03-30 00:00:00+00:00,-0.06230776480017741
2024-03-31 00:00:00+00:00,-0.06493740390390235
2024-04-01 00:00:00+00:00,-0.0630309625536426
2024-04-02 00:00:00+00:00,-0.0595589302651095
2024-04-03 00:00:00+00:00,-0.05948861039084219
2024-04-04 00:00:00+00:00,-0.05975798753739303
2024-04-05 00:00:00+00:00,-0.06415189476026462
2024-04-06 00:00:00+00:00,-0.061534813319140236
2024-04-07 00:00:00+00:00,-0.05866571432541867
2024-04-08 00:00:00+00:00,-0.05944743789188245
2024-04-09 00:00:00+00:00,-0.06160062352722229
2024-04-10 00:00:00+00:00,-0.05489193711771767
2024-04-11 00:00:00+00:00,-0.04806104413945855
2024-04-12 00:00:00+00:00,-0.04956989447309501
2024-04-13 00:00:00+00:00,-0.056358525069587606
2024-04-14 00:00:00+00:00,-0.06027870356480669
2024-04-15 00:00:00+00:00,-0.05941005092868401
2024-04-16 00:00:00+00:00,-0.057656808779808166
2024-04-17 00:00:00+00:00,-0.058803168293424024
2024-04-18 00:00:00+00:00,-0.05909524171030944
2024-04-19 00:00:00+00:00,-0.058644743208561834
2024-04-20 00:00:00+00:00,-0.05363211177822702
2024-04-21 00:00:00+00:00,-0.051275737877485184
2024-04-22 00:00:00+00:00,-0.053546588089122826
2024-04-23 00:00:00+00:00,-0.058893194612797295
2024-04-24 00:00:00+00:00,-0.060520242460989526
2024-04-25 00:00:00+00:00,-0.06713206513833192
2024-04-26 00:00:00+00:00,-0.06220852083685258
2024-04-27 00:00:00+00:00,-0.05540173495853107
2024-04-28 00:00:00+00:00,-0.058190189196904996
2024-04-29 00:00:00+00:00,-0.05853157276561227
2024-04-30 00:00:00+00:00,-0.05848206315189508
2024-05-01 00:00:00+00:00,-0.058976365180359425
2024-05-02 00:00:00+00:00,-0.06599169930828475
2024-05-03 00:00:00+00:00,-0.06584588104987621
2024-05-04 00:00:00+00:00,-0.07129750732198925
2024-05-05 00:00:00+00:00,-0.07572989276950448
2024-05-06 00:00:00+00:00,-0.0753262064586333
2024-05-07 00:00:00+00:00,-0.07064144430618902
2024-05-08 00:00:00+00:00,-0.06407025808016642
2024-05-09 00:00:00+00:00,-0.06658243685574172
2024-05-10 00:00:00+00:00,-0.06645804139252287
2024-05-11 00:00:00+00:00,-0.06014829842261693
2024-05-12 00:00:00+00:00,-0.055706628909976685
2024-05-13 00:00:00+00:00,-0.0570724542715948
2024-05-14 00:00:00+00:00,-0.06345407290709304
2024-05-15 00:00:00+00:00,-0.057148554329635615
2024-05-16 00:00:00+00:00,-0.05583379370959407
2024-05-17 00:00:00+00:00,-0.05545671563967369
2024-05-18 00:00:00+00:00,-0.05538064810092358
2024-05-19 00:00:00+00:00,-0.057335204107331283
2024-05-20 00:00:00+00:00,-0.05732743484043745
2024-05-21 00:00:00+00:00,-0.0570716865281502
2024-05-22 00:00:00+00:00,-0.05711385879421749
2024-05-23 00:00:00+00:00,-0.054756892514830624
2024-05-24 00:00:00+00:00,-0.06125007147746808
2024-05-25 00:00:00+00:00,-0.059599930183663274
2024-05-26 00:00:00+00:00,-0.059689725896196366
2024-05-27 00:00:00+00:00,-0.05649373858069673
2024-05-28 00:00:00+00:00,-0.049912434416765405
2024-05-29 00:00:00+00:00,-0.05032034004613695
2024-05-30 00:00:00+00:00,-0.05174053470641393
2024-05-31 00:00:00+00:00,-0.04499858303409898
2024-06-01 00:00:00+00:00,-0.03993988124497505
2024-06-02 00:00:00+00:00,-0.041638593774445565
2024-06-03 00:00:00+00:00,-0.04379325072920581
2024-06-04 00:00:00+00:00,-0.050444075896811325
2024-06-05 00:00:00+00:00,-0.0567902936015221
2024-06-06 00:00:00+00:00,-0.05981763767527504
2024-06-07 00:00:00+00:00,-0.05937129488203441
2024-06-08 00:00:00+00:00,-0.05944904007687968
2024-06-09 00:00:00+00:00,-0.05949005574455757
2024-06-10 00:00:00+00:00,-0.054229055449841024
2024-06-11 00:00:00+00:00,-0.05607174189610631
2024-06-12 00:00:00+00:00,-0.06258978551309924
2024-06-13 00:00:00+00:00,-0.0628857185567171
2024-06-14 00:00:00+00:00,-0.06312667571958519
2024-06-15 00:00:00+00:00,-0.06750089404655701
2024-06-16 00:00:00+00:00,-0.0686762271389153
2024-06-17 00:00:00+00:00,-0.0686711838778401
2024-06-18 00:00:00+00:00,-0.06776238945696544
2024-06-19 00:00:00+00:00,-0.07401455141644842
2024-06-20 00:00:00+00:00,-0.06999337454934129
2024-06-21 00:00:00+00:00,-0.06325972336945174
2024-06-22 00:00:00+00:00,-0.06737029725870203
2024-06-23 00:00:00+00:00,-0.0690514060274997
2024-06-24 00:00:00+00:00,-0.06878707742028212
2024-06-25 00:00:00+00:00,-0.07535063623754201
2024-06-26 00:00:00+00:00,-0.07207384476204448
2024-06-27 00:00:00+00:00,-0.07215589321104676
2024-06-28 00:00:00+00:00,-0.07182630319638483
2024-06-29 00:00:00+00:00,-0.07193155996566791
2024-06-30 00:00:00+00:00,-0.06537363775316674
2024-07-01 00:00:00+00:00,-0.06904219355238994
2024-07-02 00:00:00+00:00,-0.07157641896393352
2024-07-03 00:00:00+00:00,-0.0648383385124649
2024-07-04 00:00:00+00:00,-0.07134175956187383
2024-07-05 00:00:00+00:00,-0.07412154940911098
2024-07-06 00:00:00+00:00,-0.08065484602460826
2024-07-07 00:00:00+00:00,-0.08074800129798687
2024-07-08 00:00:00+00:00,-0.07913044933128044
2024-07-09 00:00:00+00:00,-0.0826058635486806
2024-07-10 00:00:00+00:00,-0.0891779982480454
2024-07-11 00:00:00+00:00,-0.08610158541403656
2024-07-12 00:00:00+00:00,-0.08568947892162537
2024-07-13 00:00:00+00:00,-0.08575386339636026
2024-07-14 00:00:00+00:00,-0.09206899127510781
2024-07-15 00:00:00+00:00,-0.09622552095477221
2024-07-16 00:00:00+00:00,-0.09991808121005985
2024-07-17 00:00:00+00:00,-0.09722628521337806
2024-07-18 00:00:00+00:00,-0.09113941996821495
2024-07-19 00:00:00+00:00,-0.08933609324247738
2024-07-20 00:00:00+00:00,-0.08918090839822812
2024-07-21 00:00:00+00:00,-0.09046459103421456
2024-07-22 00:00:00+00:00,-0.08892932646484253
2024-07-23 00:00:00+00:00,-0.08866263809412056
2024-07-24 00:00:00+00:00,-0.09385753536102648
2024-07-25 00:00:00+00:00,-0.09185069016545933
2024-07-26 00:00:00+00:00,-0.09022127057457896
2024-07-27 00:00:00+00:00,-0.09524058939792812
2024-07-28 00:00:00+00:00,-0.09531356405883307
2024-07-29 00:00:00+00:00,-0.09392608144859049
2024-07-30 00:00:00+00:00,-0.094054095195923
2024-07-31 00:00:00+00:00,-0.09480485664258209
2024-08-01 00:00:00+00:00,-0.09405096987799677
2024-08-02 00:00:00+00:00,-0.10028569075932237
2024-08-03 00:00:00+00:00,-0.09823570778836788
2024-08-04 00:00:00+00:00,-0.10463150006190314
2024-08-05 00:00:00+00:00,-0.1082688039480072
2024-08-06 00:00:00+00:00,-0.1125095401628674
2024-08-07 00:00:00+00:00,-0.11270831569610551
2024-08-08 00:00:00+00:00,-0.11261330861910868
2024-08-09 00:00:00+00:00,-0.11276728088628352
2024-08-10 00:00:00+00:00,-0.10993766391233406
2024-08-11 00:00:00+00:00,-0.109240730922743
2024-08-12 00:00:00+00:00,-0.10711659001033669
2024-08-13 00:00:00+00:00,-0.10552054436136615
2024-08-14 00:00:00+00:00,-0.1055728418776154
2024-08-15 00:00:00+00:00,-0.1054926912639087
2024-08-16 00:00:00+00:00,-0.09962960170046853
2024-08-17 00:00:00+00:00,-0.09303637652876517
2024-08-18 00:00:00+00:00,-0.09022793538991936
2024-08-19 00:00:00+00:00,-0.08850594048692995
2024-08-20 00:00:00+00:00,-0.08574894643445852
2024-08-21 00:00:00+00:00,-0.09185928082822203
2024-08-22 00:00:00+00:00,-0.08565501079214832
2024-08-23 00:00:00+00:00,-0.08581736010689445
2024-08-24 00:00:00+00:00,-0.08568992826943012
2024-08-25 00:00:00+00:00,-0.08481949267934386
2024-08-26 00:00:00+00:00,-0.08482274831133807
2024-08-27 00:00:00+00:00,-0.08309700216165272
2024-08-28 00:00:00+00:00,-0.0870694721803662
2024-08-29 00:00:00+00:00,-0.08369471595251066
2024-08-30 00:00:00+00:00,-0.08359588592775735
2024-08-31 00:00:00+00:00,-0.08372549891476977
2024-09-01 00:00:00+00:00,-0.07978401444829408
2024-09-02 00:00:00+00:00,-0.08452820694081009
2024-09-03 00:00:00+00:00,-0.08143764087728433
2024-09-04 00:00:00+00:00,-0.08152970861828657
2024-09-05 00:00:00+00:00,-0.08531003695892103
2024-09-06 00:00:00+00:00,-0.08522414064306172
2024-09-07 00:00:00+00:00,-0.0851526888539923
2024-09-08 00:00:00+00:00,-0.08497856312878604
2024-09-09 00:00:00+00:00,-0.08666999624742378
2024-09-10 00:00:00+00:00,-0.09043913647511592
2024-09-11 00:00:00+00:00,-0.08762755607034678
2024-09-12 00:00:00+00:00,-0.08734881773674641
2024-09-13 00:00:00+00:00,-0.08098620234233289
2024-09-14 00:00:00+00:00,-0.08096526133529713
2024-09-15 00:00:00+00:00,-0.08070848944951003
2024-09-16 00:00:00+00:00,-0.08315528374496617
2024-09-17 00:00:00+00:00,-0.08708336000338412
2024-09-18 00:00:00+00:00,-0.08682169737034151
2024-09-19 00:00:00+00:00,-0.0804382413211745
2024-09-20 00:00:00+00:00,-0.0866758267991512
2024-09-21 00:00:00+00:00,-0.08283419254077062
2024-09-22 00:00:00+00:00,-0.08325194834241734
2024-09-23 00:00:00+00:00,-0.0809223467156569
2024-09-24 00:00:00+00:00,-0.07637026116406953
2024-09-25 00:00:00+00:00,-0.0747023962829173
2024-09-26 00:00:00+00:00,-0.0731033081845982
2024-09-27 00:00:00+00:00,-0.07289738452105787
2024-09-28 00:00:00+00:00,-0.07003503300735625
2024-09-29 00:00:00+00:00,-0.072454244003482
2024-09-30 00:00:00+00:00,-0.07232558037250114
2024-10-01 00:00:00+00:00,-0.07219535618874706
2024-10-02 00:00:00+00:00,-0.07223017561377232
2024-10-03 00:00:00+00:00,-0.06925056071721258
2024-10-04 00:00:00+00:00,-0.07117283910781713
2024-10-05 00:00:00+00:00,-0.07625330299506661
2024-10-06 00:00:00+00:00,-0.07813297919319828
2024-10-07 00:00:00+00:00,-0.07569061791037668
2024-10-08 00:00:00+00:00,-0.0764904319408225
2024-10-09 00:00:00+00:00,-0.07028896089698533
2024-10-10 00:00:00+00:00,-0.07270777390323613
2024-10-11 00:00:00+00:00,-0.06906061665890195
2024-10-12 00:00:00+00:00,-0.06569613989486522
2024-10-13 00:00:00+00:00,-0.0693526274424211
2024-10-14 00:00:00+00:00,-0.06701304733445212
2024-10-15 00:00:00+00:00,-0.0667858603894903
2024-10-16 00:00:00+00:00,-0.060318123542292046
2024-10-17 00:00:00+00:00,-0.06345842046490302
2024-10-18 00:00:00+00:00,-0.06516828658740703
2024-10-19 00:00:00+00:00,-0.0650782662661229
2024-10-20 00:00:00+00:00,-0.060483437756453484
2024-10-21 00:00:00+00:00,-0.05376521095683173
2024-10-22 00:00:00+00:00,-0.05108742884063211
2024-10-23 00:00:00+00:00,-0.046563967260375594
2024-10-24 00:00:00+00:00,-0.03997047023546452
2024-10-25 00:00:00+00:00,-0.0331154486922377
2024-10-26 00:00:00+00:00,-0.03266100525625337
2024-10-27 00:00:00+00:00,-0.030390006178400153
2024-10-28 00:00:00+00:00,-0.03458050927328826
2024-10-29 00:00:00+00:00,-0.03681945517403651
2024-10-30 00:00:00+00:00,-0.04356446978009565
2024-10-31 00:00:00+00:00,-0.04207309733980902
2024-11-01 00:00:00+00:00,-0.04858663824422105
2024-11-02 00:00:00+00:00,-0.04888896944146437
2024-11-03 00:00:00+00:00,-0.048294653897496764
2024-11-04 00:00:00+00:00,-0.05190705026722131
2024-11-05 00:00:00+00:00,-0.055907859934289705
2024-11-06 00:00:00+00:00,-0.05393871811352746
2024-11-07 00:00:00+00:00,-0.05685248401767329
2024-11-08 00:00:00+00:00,-0.05615428636269926
2024-11-09 00:00:00+00:00,-0.05262676216281037
2024-11-10 00:00:00+00:00,-0.050660630745253954
2024-11-11 00:00:00+00:00,-0.057412534376024116
2024-11-12 00:00:00+00:00,-0.061125160571335435
2024-11-13 00:00:00+00:00,-0.05672446208577442
2024-11-14 00:00:00+00:00,-0.04985830390788837
2024-11-15 00:00:00+00:00,-0.050217466144987455
2024-11-16 00:00:00+00:00,-0.050653869888931835
2024-11-17 00:00:00+00:00,-0.05246994313615938
2024-11-18 00:00:00+00:00,-0.053857940986554165
2024-11-19 00:00:00+00:00,-0.05379994908574037
2024-11-20 00:00:00+00:00,-0.060117337898447976
2024-11-21 00:00:00+00:00,-0.06535611139675024
2024-11-22 00:00:00+00:00,-0.0712986262599371
2024-11-23 00:00:00+00:00,-0.0740969866027843
2024-11-24 00:00:00+00:00,-0.07430383152979192
2024-11-25 00:00:00+00:00,-0.07376193477143012
2024-11-26 00:00:00+00:00,-0.07391764008527713
2024-11-27 00:00:00+00:00,-0.07053093200191252
2024-11-28 00:00:00+00:00,-0.07067871078772958
2024-11-29 00:00:00+00:00,-0.0701934907863545
2024-11-30 00:00:00+00:00,-0.0686653412017173
2024-12-01 00:00:00+00:00,-0.06955282264344431
2024-12-02 00:00:00+00:00,-0.06387355319800392
2024-12-03 00:00:00+00:00,-0.05952478111751347
2024-12-04 00:00:00+00:00,-0.05486598644206997
2024-12-05 00:00:00+00:00,-0.06055923113174788
2024-12-06 00:00:00+00:00,-0.06673935100045447
2024-12-07 00:00:00+00:00,-0.062456908507783515
2024-12-08 00:00:00+00:00,-0.06465127183605579
2024-12-09 00:00:00+00:00,-0.0688577296801649
2024-12-10 00:00:00+00:00,-0.06694010407678297
2024-12-11 00:00:00+00:00,-0.07317445973791958
2024-12-12 00:00:00+00:00,-0.07298922335593105
2024-12-13 00:00:00+00:00,-0.07277640371455274
2024-12-14 00:00:00+00:00,-0.07268929690145853
2024-12-15 00:00:00+00:00,-0.07460141235814832
2024-12-16 00:00:00+00:00,-0.08072702938948173
2024-12-17 00:00:00+00:00,-0.08717029899953987
2024-12-18 00:00:00+00:00,-0.08917881911161807
2024-12-19 00:00:00+00:00,-0.08895823889954824
2024-12-20 00:00:00+00:00,-0.08941845546040483
2024-12-21 00:00:00+00:00,-0.09275959623803609
2024-12-22 00:00:00+00:00,-0.09185013304604084
2024-12-23 00:00:00+00:00,-0.09808264973373693
2024-12-24 00:00:00+00:00,-0.09629086751496885
2024-12-25 00:00:00+00:00,-0.09610161114862192
2024-12-26 00:00:00+00:00,-0.09900099885029945
2024-12-27 00:00:00+00:00,-0.0986416804893866
2024-12-28 00:00:00+00:00,-0.09880302003810071
2024-12-29 00:00:00+00:00,-0.09565554313118896
2024-12-30 00:00:00+00:00,-0.09394592433727722
2024-12-31 00:00:00+00:00,-0.09484974203811392
2025-01-01 00:00:00+00:00,-0.08852080763926706
2025-01-02 00:00:00+00:00,-0.08545404544857826
2025-01-03 00:00:00+00:00,-0.09207997494822051
2025-01-04 00:00:00+00:00,-0.09577179310045414
2025-01-05 00:00:00+00:00,-0.09802011024469726
2025-01-06 00:00:00+00:00,-0.09999624055368628
2025-01-07 00:00:00+00:00,-0.10395102492787334
2025-01-08 00:00:00+00:00,-0.10425130264480709
2025-01-09 00:00:00+00:00,-0.1102464575224843
2025-01-10 00:00:00+00:00,-0.11004371644576338
2025-01-11 00:00:00+00:00,-0.10960633067697478
2025-01-12 00:00:00+00:00,-0.10516716831109263
2025-01-13 00:00:00+00:00,-0.10514196656313435
2025-01-14 00:00:00+00:00,-0.11119289156325085
2025-01-15 00:00:00+00:00,-0.1112428739693011
2025-01-16 00:00:00+00:00,-0.11304087737759594
2025-01-17 00:00:00+00:00,-0.11253328390374828
2025-01-18 00:00:00+00:00,-0.10625270772367967
2025-01-19 00:00:00+00:00,-0.1066762828226443
2025-01-20 00:00:00+00:00,-0.10461313169611752
2025-01-21 00:00:00+00:00,-0.10196674652890247
2025-01-22 00:00:00+00:00,-0.09528442538528237
2025-01-23 00:00:00+00:00,-0.09513742290593652
2025-01-24 00:00:00+00:00,-0.09221250297414196
2025-01-25 00:00:00+00:00,-0.09529710643292622
2025-01-26 00:00:00+00:00,-0.09742956625818322
2025-01-27 00:00:00+00:00,-0.09892111905558953
2025-01-28 00:00:00+00:00,-0.1050340600816645
2025-01-29 00:00:00+00:00,-0.10586040040377287
2025-01-30 00:00:00+00:00,-0.105822090714347
2025-01-31 00:00:00+00:00,-0.1083274612183599
2025-02-01 00:00:00+00:00,-0.10787696090549359
2025-02-02 00:00:00+00:00,-0.11211040079711876
2025-02-03 00:00:00+00:00,-0.11697677447791455
2025-02-04 00:00:00+00:00,-0.11923412579015102
2025-02-05 00:00:00+00:00,-0.11913922259378928
2025-02-06 00:00:00+00:00,-0.11927548871658833
2025-02-07 00:00:00+00:00,-0.11303185639959434
2025-02-08 00:00:00+00:00,-0.10707248924082369
2025-02-09 00:00:00+00:00,-0.1028016529526804
2025-02-10 00:00:00+00:00,-0.10048710924554849
2025-02-11 00:00:00+00:00,-0.09964609921727063
2025-02-12 00:00:00+00:00,-0.0994324017559236
2025-02-13 00:00:00+00:00,-0.09937349359137782
2025-02-14 00:00:00+00:00,-0.09983193314349026
2025-02-15 00:00:00+00:00,-0.09768082253538246
2025-02-16 00:00:00+00:00,-0.09730682298614401
2025-02-17 00:00:00+00:00,-0.09751248724580674
2025-02-18 00:00:00+00:00,-0.10008186858466739
2025-02-19 00:00:00+00:00,-0.10144326424752503
2025-02-20 00:00:00+00:00,-0.10201766465851936
2025-02-21 00:00:00+00:00,-0.106597796277897
2025-02-22 00:00:00+00:00,-0.10286771662471916
2025-02-23 00:00:00+00:00,-0.10038310556309815
2025-02-24 00:00:00+00:00,-0.1005520089829608
2025-02-25 00:00:00+00:00,-0.10416235014824826
2025-02-26 00:00:00+00:00,-0.11050349763045031
2025-02-27 00:00:00+00:00,-0.11052312810433607
2025-02-28 00:00:00+00:00,-0.1044718647740116
2025-03-01 00:00:00+00:00,-0.10412274885494777
2025-03-02 00:00:00+00:00,-0.10370477413122259
2025-03-03 00:00:00+00:00,-0.1088605092491225
2025-03-04 00:00:00+00:00,-0.10936412661546235
2025-03-05 00:00:00+00:00,-0.10945362963969196
2025-03-06 00:00:00+00:00,-0.11527419686982054
2025-03-07 00:00:00+00:00,-0.115103286494452
2025-03-08 00:00:00+00:00,-0.11816902945752505
2025-03-09 00:00:00+00:00,-0.11501736535306406
2025-03-10 00:00:00+00:00,-0.11898690456420957
2025-03-11 00:00:00+00:00,-0.11638785803931107
2025-03-12 00:00:00+00:00,-0.11632753073667068
2025-03-13 00:00:00+00:00,-0.11695871097453148
2025-03-14 00:00:00+00:00,-0.1173860481709601
2025-03-15 00:00:00+00:00,-0.11703437978230458
2025-03-16 00:00:00+00:00,-0.11371404686146802
2025-03-17 00:00:00+00:00,-0.10742819708724427
2025-03-18 00:00:00+00:00,-0.10699758804653414
2025-03-19 00:00:00+00:00,-0.10707833392746469
2025-03-20 00:00:00+00:00,-0.1005751120738797
2025-03-21 00:00:00+00:00,-0.10017169968438178
2025-03-22 00:00:00+00:00,-0.10237515149082721
2025-03-23 00:00:00+00:00,-0.0986739793840099
2025-03-24 00:00:00+00:00,-0.09887989450960377
2025-03-25 00:00:00+00:00,-0.09909642806262897
2025-03-26 00:00:00+00:00,-0.09322170312459233
2025-03-27 00:00:00+00:00,-0.09401038906301817
2025-03-28 00:00:00+00:00,-0.09559051105286787
2025-03-29 00:00:00+00:00,-0.09602565201505397
2025-03-30 00:00:00+00:00,-0.1023293727684258
2025-03-31 00:00:00+00:00,-0.1025331571310305
2025-04-01 00:00:00+00:00,-0.1023017413567302
2025-04-02 00:00:00+00:00,-0.10863798983652795
2025-04-03 00:00:00+00:00,-0.10254144867926507
2025-04-04 00:00:00+00:00,-0.10225141692353146
2025-04-05 00:00:00+00:00,-0.09580008467038703
2025-04-06 00:00:00+00:00,-0.09580848668542852
2025-04-07 00:00:00+00:00,-0.10195677818939308
2025-04-08 00:00:00+00:00,-0.10547406100097956
2025-04-09 00:00:00+00:00,-0.09942052375484545
2025-04-10 00:00:00+00:00,-0.09949543346894252
2025-04-11 00:00:00+00:00,-0.09978270693664837
2025-04-12 00:00:00+00:00,-0.09830724848301053
2025-04-13 00:00:00+00:00,-0.09820803004850898
2025-04-14 00:00:00+00:00,-0.09199395776123787
2025-04-15 00:00:00+00:00,-0.09142639651825724
2025-04-16 00:00:00+00:00,-0.09145708279530296
2025-04-17 00:00:00+00:00,-0.09027392909403009
2025-04-18 00:00:00+00:00,-0.09376460023220368
2025-04-19 00:00:00+00:00,-0.09525284317518878
2025-04-20 00:00:00+00:00,-0.09504699283214724
2025-04-21 00:00:00+00:00,-0.09100757696247208
2025-04-22 00:00:00+00:00,-0.09511054546700437
2025-04-23 00:00:00+00:00,-0.096113278890401
2025-04-24 00:00:00+00:00,-0.09453770760245073
2025-04-25 00:00:00+00:00,-0.08811859735083538
2025-04-26 00:00:00+00:00,-0.08991709842501816
2025-04-27 00:00:00+00:00,-0.0920476991174034
2025-04-28 00:00:00+00:00,-0.09308016599607938
2025-04-29 00:00:00+00:00,-0.09005524938710852
2025-04-30 00:00:00+00:00,-0.09042531244073349
2025-05-01 00:00:00+00:00,-0.09255496604136015
2025-05-02 00:00:00+00:00,-0.08633634818286573
2025-05-03 00:00:00+00:00,-0.08903744790129897
2025-05-04 00:00:00+00:00,-0.08295286412053837
2025-05-05 00:00:00+00:00,-0.08378485468353969
2025-05-06 00:00:00+00:00,-0.0856200471726043
2025-05-07 00:00:00+00:00,-0.08581660334905206
2025-05-08 00:00:00+00:00,-0.08833286114631067
2025-05-09 00:00:00+00:00,-0.08986275416100653
2025-05-10 00:00:00+00:00,-0.09185516697776586
2025-05-11 00:00:00+00:00,-0.09166661062892623
2025-05-12 00:00:00+00:00,-0.0899120591659146
2025-05-13 00:00:00+00:00,-0.08625449375806349
2025-05-14 00:00:00+00:00,-0.07996147477842408
2025-05-15 00:00:00+00:00,-0.07997058625599418
2025-05-16 00:00:00+00:00,-0.08170314571786808
2025-05-17 00:00:00+00:00,-0.08377219108810507
2025-05-18 00:00:00+00:00,-0.08636767810792645
2025-05-19 00:00:00+00:00,-0.08441182466338693
2025-05-20 00:00:00+00:00,-0.08107047547245294
2025-05-21 00:00:00+00:00,-0.08122038291704281
2025-05-22 00:00:00+00:00,-0.08736072690903829
2025-05-23 00:00:00+00:00,-0.08875155757392461
2025-05-24 00:00:00+00:00,-0.08260003955686879
2025-05-25 00:00:00+00:00,-0.08255566423220895
2025-05-26 00:00:00+00:00,-0.08296847530783102
2025-05-27 00:00:00+00:00,-0.08570674610038131
2025-05-28 00:00:00+00:00,-0.08582955675046822
2025-05-29 00:00:00+00:00,-0.08972131628967672
2025-05-30 00:00:00+00:00,-0.09232506170197319
2025-05-31 00:00:00+00:00,-0.09720734816045395
2025-06-01 00:00:00+00:00,-0.09866031344283199
2025-06-02 00:00:00+00:00,-0.10077376875781485
2025-06-03 00:00:00+00:00,-0.09872778982600439
2025-06-04 00:00:00+00:00,-0.09384028563039903
2025-06-05 00:00:00+00:00,-0.0907612423141162
2025-06-06 00:00:00+00:00,-0.08786895103804271
2025-06-07 00:00:00+00:00,-0.08789835095280918
2025-06-08 00:00:00+00:00,-0.0923934633384329
2025-06-09 00:00:00+00:00,-0.09277930746751961
2025-06-10 00:00:00+00:00,-0.09753967638930916
2025-06-11 00:00:00+00:00,-0.09588609254407343
2025-06-12 00:00:00+00:00,-0.08971450517140767
2025-06-13 00:00:00+00:00,-0.09603552196709586
2025-06-14 00:00:00+00:00,-0.10205173713594895
2025-06-15 00:00:00+00:00,-0.0984591170151149
2025-06-16 00:00:00+00:00,-0.09871055645102111
2025-06-17 00:00:00+00:00,-0.10181922637360508
2025-06-18 00:00:00+00:00,-0.10220024467690392
2025-06-19 00:00:00+00:00,-0.09751388725597443
2025-06-20 00:00:00+00:00,-0.09685747336310846
2025-06-21 00:00:00+00:00,-0.0970905342806937
2025-06-22 00:00:00+00:00,-0.09932530984372101
2025-06-23 00:00:00+00:00,-0.09798151733613925
2025-06-24 00:00:00+00:00,-0.09759355295116179
2025-06-25 00:00:00+00:00,-0.09455672507034318
2025-06-26 00:00:00+00:00,-0.09908663568085108
2025-06-27 00:00:00+00:00,-0.10054646575773873
2025-06-28 00:00:00+00:00,-0.102656298264726
2025-06-29 00:00:00+00:00,-0.10509167301545508
2025-06-30 00:00:00+00:00,-0.10924990370298215
2025-07-01 00:00:00+00:00,-0.10333091522085314
2025-07-02 00:00:00+00:00,-0.10582607088046536
2025-07-03 00:00:00+00:00,-0.10610934222069768
2025-07-04 00:00:00+00:00,-0.10331844507102916
2025-07-05 00:00:00+00:00,-0.09711473807587556
2025-07-06 00:00:00+00:00,-0.09255561486470121
2025-07-07 00:00:00+00:00,-0.09666639351971262
2025-07-08 00:00:00+00:00,-0.09662444448475493
2025-07-09 00:00:00+00:00,-0.09124505572283692
2025-07-10 00:00:00+00:00,-0.09111773368467324
2025-07-11 00:00:00+00:00,-0.09722511492193864
2025-07-12 00:00:00+00:00,-0.10383726928280879
2025-07-13 00:00:00+00:00,-0.10550262247442876
2025-07-14 00:00:00+00:00,-0.0994084427877
2025-07-15 00:00:00+00:00,-0.09926811637002941
2025-07-16 00:00:00+00:00,-0.09327313701662199
2025-07-17 00:00:00+00:00,-0.09291700864072461
2025-07-18 00:00:00+00:00,-0.09571322029887153
2025-07-19 00:00:00+00:00,-0.09585262586900112
2025-07-20 00:00:00+00:00,-0.09821346598204395
2025-07-21 00:00:00+00:00,-0.09849334105346985
2025-07-22 00:00:00+00:00,-0.09835626321257684
2025-07-23 00:00:00+00:00,-0.09843701170133778
2025-07-24 00:00:00+00:00,-0.09356948346051108
2025-07-25 00:00:00+00:00,-0.09666162973099579
2025-07-26 00:00:00+00:00,-0.10158898176169762
2025-07-27 00:00:00+00:00,-0.0968311692412187
2025-07-28 00:00:00+00:00,-0.10131745586402618
2025-07-29 00:00:00+00:00,-0.10043792933188822
2025-07-30 00:00:00+00:00,-0.1024807164054562
2025-07-31 00:00:00+00:00,-0.10147682676061409
2025-08-01 00:00:00+00:00,-0.10199730274216245
2025-08-02 00:00:00+00:00,-0.1020395376131944
2025-08-03 00:00:00+00:00,-0.10564990536598595
2025-08-04 00:00:00+00:00,-0.09982062639867717
2025-08-05 00:00:00+00:00,-0.09724139389451891
2025-08-06 00:00:00+00:00,-0.09111616991097615
2025-08-07 00:00:00+00:00,-0.09086127185843162
2025-08-08 00:00:00+00:00,-0.09070961071892492
2025-08-09 00:00:00+00:00,-0.0909875284738284
2025-08-10 00:00:00+00:00,-0.09084047336646195
2025-08-11 00:00:00+00:00,-0.08938209443677325
2025-08-12 00:00:00+00:00,-0.09550496560589927
2025-08-13 00:00:00+00:00,-0.09592766052872992
2025-08-14 00:00:00+00:00,-0.09629199146238965
2025-08-15 00:00:00+00:00,-0.09621781996001166
2025-08-16 00:00:00+00:00,-0.09993796842744262
2025-08-17 00:00:00+00:00,-0.10204412806434815
2025-08-18 00:00:00+00:00,-0.10077498549888864
2025-08-19 00:00:00+00:00,-0.10068803567767015
2025-08-20 00:00:00+00:00,-0.10663941164662782
2025-08-21 00:00:00+00:00,-0.10102307385597986
2025-08-22 00:00:00+00:00,-0.10116505095234496
2025-08-23 00:00:00+00:00,-0.10143732283494922
2025-08-24 00:00:00+00:00,-0.10192744897296313
2025-08-25 00:00:00+00:00,-0.10586945727064312
2025-08-26 00:00:00+00:00,-0.10957949164342307
2025-08-27 00:00:00+00:00,-0.1091946707545568
2025-08-28 00:00:00+00:00,-0.10320265989084554
2025-08-29 00:00:00+00:00,-0.10043825365533354
2025-08-30 00:00:00+00:00,-0.10075344286363463
2025-08-31 00:00:00+00:00,-0.10176913655006181
2025-09-01 00:00:00+00:00,-0.10024226051486462
2025-09-02 00:00:00+00:00,-0.09419901077043802
2025-09-03 00:00:00+00:00,-0.10024880715901374
2025-09-04 00:00:00+00:00,-0.10283674546878385
2025-09-05 00:00:00+00:00,-0.09673539316603186
2025-09-06 00:00:00+00:00,-0.09693603478630852
2025-09-07 00:00:00+00:00,-0.09992935852353302
2025-09-08 00:00:00+00:00,-0.10003013033551322
2025-09-09 00:00:00+00:00,-0.10007199664409272
2025-09-10 00:00:00+00:00,-0.09373798455353832
2025-09-11 00:00:00+00:00,-0.09018815192505258
2025-09-12 00:00:00+00:00,-0.09528923987461901
2025-09-13 00:00:00+00:00,-0.09809127715570154
2025-09-14 00:00:00+00:00,-0.09364988508363614
2025-09-15 00:00:00+00:00,-0.09700921904380844
2025-09-16 00:00:00+00:00,-0.09278664431938699
2025-09-17 00:00:00+00:00,-0.09140879200554686
2025-09-18 00:00:00+00:00,-0.0918348140507208
2025-09-19 00:00:00+00:00,-0.09156729104926109
2025-09-20 00:00:00+00:00,-0.08515385250786256
2025-09-21 00:00:00+00:00,-0.08459778210178182
2025-09-22 00:00:00+00:00,-0.08343966491218358
2025-09-23 00:00:00+00:00,-0.08996884031000252
2025-09-24 00:00:00+00:00,-0.09338566621149647
2025-09-25 00:00:00+00:00,-0.09343858703364927
2025-09-26 00:00:00+00:00,-0.09374690818607712
2025-09-27 00:00:00+00:00,-0.09403826921997571
2025-09-28 00:00:00+00:00,-0.09263774156614524
2025-09-29 00:00:00+00:00,-0.09043801259557183
2025-09-30 00:00:00+00:00,-0.09517317026620964
2025-10-01 00:00:00+00:00,-0.08910663398725294
2025-10-02 00:00:00+00:00,-0.0831142117450816
2025-10-03 00:00:00+00:00,-0.08930937549794238
2025-10-04 00:00:00+00:00,-0.08766831644929118
2025-10-05 00:00:00+00:00,-0.08484101162171198
2025-10-06 00:00:00+00:00,-0.08926981223897601
2025-10-07 00:00:00+00:00,-0.09540637134754493
2025-10-08 00:00:00+00:00,-0.09454108947189621
2025-10-09 00:00:00+00:00,-0.09455932944863743
2025-10-10 00:00:00+00:00,-0.08842049305394728
2025-10-11 00:00:00+00:00,-0.09186151613437232
2025-10-12 00:00:00+00:00,-0.09831451762738519
2025-10-13 00:00:00+00:00,-0.09456798885348916
2025-10-14 00:00:00+00:00,-0.09511546601245702
2025-10-15 00:00:00+00:00,-0.09539682633609292
2025-10-16 00:00:00+00:00,-0.10130679797764641
2025-10-17 00:00:00+00:00,-0.10416513376848635
2025-10-18 00:00:00+00:00,-0.10862863270002476
2025-10-19 00:00:00+00:00,-0.10969944655913688
2025-10-20 00:00:00+00:00,-0.11196647158590067
2025-10-21 00:00:00+00:00,-0.11800883183693922
2025-10-22 00:00:00+00:00,-0.11809617370369196
2025-10-23 00:00:00+00:00,-0.11929222187184774
2025-10-24 00:00:00+00:00,-0.11917546818615365
2025-10-25 00:00:00+00:00,-0.12271600969789442
2025-10-26 00:00:00+00:00,-0.12578816029367712
2025-10-27 00:00:00+00:00,-0.13079980568377692
2025-10-28 00:00:00+00:00,-0.1285516536547716
2025-10-29 00:00:00+00:00,-0.12265778382564707
2025-10-30 00:00:00+00:00,-0.1225932780377208
2025-10-31 00:00:00+00:00,-0.12272467620962413
2025-11-01 00:00:00+00:00,-0.11675621756081422
2025-11-02 00:00:00+00:00,-0.11962506433278952
2025-11-03 00:00:00+00:00,-0.12010883425396068
2025-11-04 00:00:00+00:00,-0.11710376687187918
2025-11-05 00:00:00+00:00,-0.11957848734537524
2025-11-06 00:00:00+00:00,-0.1255935874997952
2025-11-07 00:00:00+00:00,-0.11978751249691355
2025-11-08 00:00:00+00:00,-0.1176404831049761
2025-11-09 00:00:00+00:00,-0.11475016899061796
2025-11-10 00:00:00+00:00,-0.11223649579986605
2025-11-11 00:00:00+00:00,-0.11046725865924356
2025-11-12 00:00:00+00:00,-0.10459014601295913
2025-11-13 00:00:00+00:00,-0.1046417315621544
2025-11-14 00:00:00+00:00,-0.10486759472792573
2025-11-15 00:00:00+00:00,-0.11085641708495086
2025-11-16 00:00:00+00:00,-0.11108891480247618
2025-11-17 00:00:00+00:00,-0.10971669102974158
2025-11-18 00:00:00+00:00,-0.10637367261778097
2025-11-19 00:00:00+00:00,-0.11266969308180763
2025-11-20 00:00:00+00:00,-0.1067552943264346
2025-11-21 00:00:00+00:00,-0.10145705568692887
2025-11-22 00:00:00+00:00,-0.10140686980200275
2025-11-23 00:00:00+00:00,-0.10150090251545718
2025-11-24 00:00:00+00:00,-0.10150437712555127
2025-11-25 00:00:00+00:00,-0.10000223162091149
2025-11-26 00:00:00+00:00,-0.10011211464783021
2025-11-27 00:00:00+00:00,-0.10042316116252736
2025-11-28 00:00:00+00:00,-0.10376554027098661
2025-11-29 00:00:00+00:00,-0.1034463202228516
2025-11-30 00:00:00+00:00,-0.10566150957501697
2025-12-01 00:00:00+00:00,-0.10785170129323385
2025-12-02 00:00:00+00:00,-0.11303420336205983
2025-12-03 00:00:00+00:00,-0.11316733429389314
2025-12-04 00:00:00+00:00,-0.11754069030362435
2025-12-05 00:00:00+00:00,-0.11162979764057146
2025-12-06 00:00:00+00:00,-0.11175357921455187
2025-12-07 00:00:00+00:00,-0.11407567878333968
2025-12-08 00:00:00+00:00,-0.11181127285016645
2025-12-09 00:00:00+00:00,-0.11064539424696485
2025-12-10 00:00:00+00:00,-0.11041342774794094
2025-12-11 00:00:00+00:00,-0.10526149664836981
2025-12-12 00:00:00+00:00,-0.11166647998295554
2025-12-13 00:00:00+00:00,-0.11164721954236867
2025-12-14 00:00:00+00:00,-0.11376238170425346
2025-12-15 00:00:00+00:00,-0.11794666337912962
2025-12-16 00:00:00+00:00,-0.11275517960994663
2025-12-17 00:00:00+00:00,-0.10627895619164696
2025-12-18 00:00:00+00:00,-0.10466102312892722
2025-12-19 00:00:00+00:00,-0.10460698563358606
2025-12-20 00:00:00+00:00,-0.10403832566987081
2025-12-21 00:00:00+00:00,-0.10053763314103725
2025-12-22 00:00:00+00:00,-0.10175629545249898
2025-12-23 00:00:00+00:00,-0.09722696056863267
2025-12-24 00:00:00+00:00,-0.09891827816012988
2025-12-25 00:00:00+00:00,-0.10123491585880628
2025-12-26 00:00:00+00:00,-0.09983405228715059
2025-12-27 00:00:00+00:00,-0.10026939944721747
2025-12-28 00:00:00+00:00,-0.10336101217897542
2025-12-29 00:00:00+00:00,-0.10475645183065363
2025-12-30 00:00:00+00:00,-0.11068893241280153
2025-12-31 00:00:00+00:00,-0.10773513178573413
2026-01-01 00:00:00+00:00,-0.10803557671690833
2026-01-02 00:00:00+00:00,-0.10494813787124924
2026-01-03 00:00:00+00:00,-0.10487912543729505
2026-01-04 00:00:00+00:00,-0.1047458178561046
2026-01-05 00:00:00+00:00,-0.10646076832770224
2026-01-06 00:00:00+00:00,-0.11049969695516226
2026-01-07 00:00:00+00:00,-0.10425773399514471
2026-01-08 00:00:00+00:00,-0.11028425019097465
2026-01-09 00:00:00+00:00,-0.10682581704252436
2026-01-10 00:00:00+00:00,-0.10376382141823826
2026-01-11 00:00:00+00:00,-0.10611801200404236
2026-01-12 00:00:00+00:00,-0.10538255508121008
2026-01-13 00:00:00+00:00,-0.10585916183964261
2026-01-14 00:00:00+00:00,-0.10588706895343503
2026-01-15 00:00:00+00:00,-0.1120996502851429
2026-01-16 00:00:00+00:00,-0.10645491739634605
2026-01-17 00:00:00+00:00,-0.10943729538496694
2026-01-18 00:00:00+00:00,-0.1123629820161669
2026-01-19 00:00:00+00:00,-0.11754818095895714
2026-01-20 00:00:00+00:00,-0.120492887565682
2026-01-21 00:00:00+00:00,-0.1274718985890928
2026-01-22 00:00:00+00:00,-0.12808647534476914
2026-01-23 00:00:00+00:00,-0.12797831955230865
2026-01-24 00:00:00+00:00,-0.12832837215263815
2026-01-25 00:00:00+00:00,-0.12647228320063453
2026-01-26 00:00:00+00:00,-0.13063433074742636
2026-01-27 00:00:00+00:00,-0.1261967569012511
2026-01-28 00:00:00+00:00,-0.12035312736000325
2026-01-29 00:00:00+00:00,-0.1223073576962358
2026-01-30 00:00:00+00:00,-0.12209029782736924
2026-01-31 00:00:00+00:00,-0.12503750204219877
2026-02-01 00:00:00+00:00,-0.1311173743294919
2026-02-02 00:00:00+00:00,-0.13293845485364164
2026-02-03 00:00:00+00:00,-0.12611584314230073
2026-02-04 00:00:00+00:00,-0.12030222874909624
2026-02-05 00:00:00+00:00,-0.12006297763873586
2026-02-06 00:00:00+00:00,-0.12227135325957439
2026-02-07 00:00:00+00:00,-0.12834169311799126
2026-02-08 00:00:00+00:00,-0.12896639366475893
2026-02-09 00:00:00+00:00,-0.12679166544710796
2026-02-10 00:00:00+00:00,-0.12450371223787327
2026-02-11 00:00:00+00:00,-0.12557221521483675
2026-02-12 00:00:00+00:00,-0.1315192376101595
2026-02-13 00:00:00+00:00,-0.13175448186004213
2026-02-14 00:00:00+00:00,-0.1315542493869808
2026-02-15 00:00:00+00:00,-0.135260142981959
2026-02-16 00:00:00+00:00,-0.13322778791040946
2026-02-17 00:00:00+00:00,-0.13286241362217188
2026-02-18 00:00:00+00:00,-0.1306209477548661
2026-02-19 00:00:00+00:00,-0.1283477252105808
2026-02-20 00:00:00+00:00,-0.1286101147458134
2026-02-21 00:00:00+00:00,-0.1282477532202111
2026-02-22 00:00:00+00:00,-0.13052218281141836
2026-02-23 00:00:00+00:00,-0.13200753856523673
2026-02-24 00:00:00+00:00,-0.13791319629330412
2026-02-25 00:00:00+00:00,-0.13810266614951527
2026-02-26 00:00:00+00:00,-0.13196613602040697
2026-02-27 00:00:00+00:00,-0.12641566983352515
2026-02-28 00:00:00+00:00,-0.13226943267808522
2026-03-01 00:00:00+00:00,-0.13834301791960724
2026-03-02 00:00:00+00:00,-0.13858995394662332
2026-03-03 00:00:00+00:00,-0.13261174161491407
2026-03-04 00:00:00+00:00,-0.1324251805310961
2026-03-05 00:00:00+00:00,-0.12615492788272742
2026-03-06 00:00:00+00:00,-0.11979088771720614
2026-03-07 00:00:00+00:00,-0.12594851570717958
2026-03-08 00:00:00+00:00,-0.12363557609924214
2026-03-09 00:00:00+00:00,-0.12562669213436206
2026-03-10 00:00:00+00:00,-0.11964217101775898
2026-03-11 00:00:00+00:00,-0.1256146158258259
2026-03-12 00:00:00+00:00,-0.1282135932824814
2026-03-13 00:00:00+00:00,-0.13048797998931494
2026-03-14 00:00:00+00:00,-0.13640360639364013
2026-03-15 00:00:00+00:00,-0.1395124745397459
2026-03-16 00:00:00+00:00,-0.14205930172776493
2026-03-17 00:00:00+00:00,-0.1478607322927601
2026-03-18 00:00:00+00:00,-0.14835328723052266
2026-03-19 00:00:00+00:00,-0.15399427617678285
2026-03-20 00:00:00+00:00,-0.15997107458626691
2026-03-21 00:00:00+00:00,-0.16004020266483465
2026-03-22 00:00:00+00:00,-0.15784659926005873
2026-03-23 00:00:00+00:00,-0.15879824293542188
2026-03-24 00:00:00+00:00,-0.15890860790445027
2026-03-25 00:00:00+00:00,-0.15277407058123982
2026-03-26 00:00:00+00:00,-0.1524651910138065
2026-03-27 00:00:00+00:00,-0.14961146529740033
2026-03-28 00:00:00+00:00,-0.15395691696405267
2026-03-29 00:00:00+00:00,-0.155692750162992
2026-03-30 00:00:00+00:00,-0.15271042717734384
2026-03-31 00:00:00+00:00,-0.15002490310199734
2026-04-01 00:00:00+00:00,-0.15521327351782233
2026-04-02 00:00:00+00:00,-0.15106065426438042
2026-04-03 00:00:00+00:00,-0.15687784224366708
2026-04-04 00:00:00+00:00,-0.1590677461308183
2026-04-05 00:00:00+00:00,-0.16190643045791842
2026-04-06 00:00:00+00:00,-0.16765186248067532
2026-04-07 00:00:00+00:00,-0.16187525219110643
2026-04-08 00:00:00+00:00,-0.15619580197058747
2026-04-09 00:00:00+00:00,-0.1561829715945342
2026-04-10 00:00:00+00:00,-0.15611914293712925
2026-04-11 00:00:00+00:00,-0.16043390433984284
2026-04-12 00:00:00+00:00,-0.16293283734520203
2026-04-13 00:00:00+00:00,-0.15731012148325452
2026-04-14 00:00:00+00:00,-0.15699669948592687
2026-04-15 00:00:00+00:00,-0.15837325168599903
2026-04-16 00:00:00+00:00,-0.1584343669245467
2026-04-17 00:00:00+00:00,-0.15852415608012327
2026-04-18 00:00:00+00:00,-0.16087196247917135
2026-04-19 00:00:00+00:00,-0.15949534874832205
2026-04-20 00:00:00+00:00,-0.16531168953808206
2026-04-21 00:00:00+00:00,-0.16533423440960981
2026-04-22 00:00:00+00:00,-0.15959914496300454
2026-04-23 00:00:00+00:00,-0.15958406538437242
2026-04-24 00:00:00+00:00,-0.15944469728860167
2026-04-25 00:00:00+00:00,-0.1594295584419917
2026-04-26 00:00:00+00:00,-0.15801335821806928
2026-04-27 00:00:00+00:00,-0.16050944108101228
2026-04-28 00:00:00+00:00,-0.1567494681178776
2026-04-29 00:00:00+00:00,-0.16263346941167633
2026-04-30 00:00:00+00:00,-0.16247967100765248
2026-05-01 00:00:00+00:00,-0.16050296511911255
2026-05-02 00:00:00+00:00,-0.1663074865587243
2026-05-03 00:00:00+00:00,-0.16682089721826665
2026-05-04 00:00:00+00:00,-0.1681075602755957
2026-05-05 00:00:00+00:00,-0.16326786791214243
2026-05-06 00:00:00+00:00,-0.1676266607710819
2026-05-07 00:00:00+00:00,-0.17321068672778261
2026-05-08 00:00:00+00:00,-0.1710228887470775
2026-05-09 00:00:00+00:00,-0.1668854257043242
2026-05-10 00:00:00+00:00,-0.16828145285314167
2026-05-11 00:00:00+00:00,-0.1738045068831775
2026-05-12 00:00:00+00:00,-0.17356438791317141
2026-05-13 00:00:00+00:00,-0.17937859891424301
2026-05-14 00:00:00+00:00,-0.18506682880543635
2026-05-15 00:00:00+00:00,-0.18503118957511733
2026-05-16 00:00:00+00:00,-0.18362411537885537
2026-05-17 00:00:00+00:00,-0.1862858934366607
2026-05-18 00:00:00+00:00,-0.1875206045034007
2026-05-19 00:00:00+00:00,-0.1902682746770017
2026-05-20 00:00:00+00:00,-0.19246837445976117
2026-05-21 00:00:00+00:00,-0.192493128355269
2026-05-22 00:00:00+00:00,-0.1870999008992521
2026-05-23 00:00:00+00:00,-0.18247261325323738
2026-05-24 00:00:00+00:00,-0.18232824632735944
2026-05-25 00:00:00+00:00,-0.18541423221483444
2026-05-26 00:00:00+00:00,-0.1843981014873035
2026-05-27 00:00:00+00:00,-0.18218768175085254
2026-05-28 00:00:00+00:00,-0.1877889176776374
2026-05-29 00:00:00+00:00,-0.18987829118009514
2026-05-30 00:00:00+00:00,-0.18459936678186395
2026-05-31 00:00:00+00:00,-0.18114237380081077
2026-06-01 00:00:00+00:00,-0.18115394097148252
2026-06-02 00:00:00+00:00,-0.18354408742475647
2026-06-03 00:00:00+00:00,-0.18907255622350283
2026-06-04 00:00:00+00:00,-0.19346932850696785
2026-06-05 00:00:00+00:00,-0.19607538956217951
2026-06-06 00:00:00+00:00,-0.2015080658886348
2026-06-07 00:00:00+00:00,-0.20702597660935307
2026-06-08 00:00:00+00:00,-0.20310215804565002
2026-06-09 00:00:00+00:00,-0.2012841045052014
2026-06-10 00:00:00+00:00,-0.20148342285090948
2026-06-11 00:00:00+00:00,-0.2012350402767359
2026-06-12 00:00:00+00:00,-0.2014405857779945
2026-06-13 00:00:00+00:00,-0.1958499040768411
2026-06-14 00:00:00+00:00,-0.19031884033810942
2026-06-15 00:00:00+00:00,-0.19026048451222466
2026-06-16 00:00:00+00:00,-0.1941592808015038
2026-06-17 00:00:00+00:00,-0.1886302059637659
2026-06-18 00:00:00+00:00,-0.1884502753528653
2026-06-19 00:00:00+00:00,-0.19261207609249975
2026-06-20 00:00:00+00:00,-0.1909392796438779
2026-06-21 00:00:00+00:00,-0.19486087258991824
2026-06-22 00:00:00+00:00,-0.1894116905573947
2026-06-23 00:00:00+00:00,-0.18926544696585568
2026-06-24 00:00:00+00:00,-0.18996581667452395
2026-06-25 00:00:00+00:00,-0.19258387635874097
2026-06-26 00:00:00+00:00,-0.1886134791683165
2026-06-27 00:00:00+00:00,-0.19297952095311388
2026-06-28 00:00:00+00:00,-0.19299795685287024
2026-06-29 00:00:00+00:00,-0.19375027884580265
2026-06-30 00:00:00+00:00,-0.18949182877364568
2026-07-01 00:00:00+00:00,-0.1893902787675047
2026-07-02 00:00:00+00:00,-0.18505428772511778
2026-07-03 00:00:00+00:00,-0.19064329269933689
2026-07-04 00:00:00+00:00,-0.19210488099626932
2026-07-05 00:00:00+00:00,-0.1952980078750184
2026-07-06 00:00:00+00:00,-0.19429310040500958
2026-07-07 00:00:00+00:00,-0.1911318273004876
2026-07-08 00:00:00+00:00,-0.1910940544629346
2026-07-09 00:00:00+00:00,-0.19583455408833705
2026-07-10 00:00:00+00:00,-0.19007325792805352
2026-07-11 00:00:00+00:00,-0.19006118702068264
2026-07-12 00:00:00+00:00,-0.18549157891604928
2026-07-13 00:00:00+00:00,-0.18616480403061608
2026-07-14 00:00:00+00:00,-0.1860825655378312
2026-07-15 00:00:00+00:00,-0.18070999991502557
2026-07-16 00:00:00+00:00,-0.1815129082657151
2026-07-17 00:00:00+00:00,-0.18646393588930765
2026-07-18 00:00:00+00:00,-0.1893304378628744
2026-07-19 00:00:00+00:00,-0.19381406359138453
2026-07-20 00:00:00+00:00,-0.19335230921772217
2026-07-21 00:00:00+00:00,-0.18991024660859834
2026-07-22 00:00:00+00:00,-0.1956309587989501
2026-07-23 00:00:00+00:00,-0.19567985598331283
2026-07-24 00:00:00+00:00,-0.2010607155243519
2026-07-25 00:00:00+00:00,-0.19843690424200455
2026-07-26 00:00:00+00:00,-0.19412902654484976
2026-07-27 00:00:00+00:00,-0.19759812028401957
2026-07-28 00:00:00+00:00,-0.19380819491545775
2026-07-29 00:00:00+00:00,-0.1948962170147127
2026-07-30 00:00:00+00:00,-0.19259498542265852
2026-07-31 00:00:00+00:00,-0.19468332267658794
2026-08-01 00:00:00+00:00,-0.18913553811156403
2026-08-02 00:00:00+00:00,-0.18577017832626697
2026-08-03 00:00:00+00:00,-0.18271558636807594
2026-08-04 00:00:00+00:00,-0.1826199130192092
2026-08-05 00:00:00+00:00,-0.17929149101449482
2026-08-06 00:00:00+00:00,-0.1828211329142564
2026-08-07 00:00:00+00:00,-0.18379013689735657
2026-08-08 00:00:00+00:00,-0.17845796712796436
2026-08-09 00:00:00+00:00,-0.1802985268054732
2026-08-10 00:00:00+00:00,-0.18194013740007842
2026-08-11 00:00:00+00:00,-0.1866414954474671
2026-08-12 00:00:00+00:00,-0.18423165440198142
2026-08-13 00:00:00+00:00,-0.18405383541766784
2026-08-14 00:00:00+00:00,-0.18571392786263574
2026-08-15 00:00:00+00:00,-0.18576802307488582
2026-08-16 00:00:00+00:00,-0.18412218048113083
2026-08-17 00:00:00+00:00,-0.18373552968731854
2026-08-18 00:00:00+00:00,-0.1817423499970613
2026-08-19 00:00:00+00:00,-0.18428329130049736
2026-08-20 00:00:00+00:00,-0.18439000585263088
2026-08-21 00:00:00+00:00,-0.18946993080303498
2026-08-22 00:00:00+00:00,-0.1948106130398758
2026-08-23 00:00:00+00:00,-0.1942484665765951
2026-08-24 00:00:00+00:00,-0.19415070527769074
2026-08-25 00:00:00+00:00,-0.18892287032321853
2026-08-26 00:00:00+00:00,-0.18896663720074558
2026-08-27 00:00:00+00:00,-0.1902798581771692
2026-08-28 00:00:00+00:00,-0.19561782856138843
2026-08-29 00:00:00+00:00,-0.19568640709196972
2026-08-30 00:00:00+00:00,-0.1965840651234666
2026-08-31 00:00:00+00:00,-0.19568051109787798
2026-09-01 00:00:00+00:00,-0.19492734865952888
