boundary_utc,rolling_365day_return
2022-09-01 00:00:00+00:00,0.037033618310029714
2022-09-02 00:00:00+00:00,0.036605568348782036
2022-09-03 00:00:00+00:00,0.0368334960203236
2022-09-04 00:00:00+00:00,0.037351004435251856
2022-09-05 00:00:00+00:00,0.0356030449915441
2022-09-06 00:00:00+00:00,0.03630836585288555
2022-09-07 00:00:00+00:00,0.04114600043788874
2022-09-08 00:00:00+00:00,0.03126406648554392
2022-09-09 00:00:00+00:00,0.030893423025189604
2022-09-10 00:00:00+00:00,0.023040790120526955
2022-09-11 00:00:00+00:00,0.020143082121560463
2022-09-12 00:00:00+00:00,0.021411855657427203
2022-09-13 00:00:00+00:00,0.0207524381820261
2022-09-14 00:00:00+00:00,0.02772738364659233
2022-09-15 00:00:00+00:00,0.026034391278290103
2022-09-16 00:00:00+00:00,0.030520268052810717
2022-09-17 00:00:00+00:00,0.022319386082457093
2022-09-18 00:00:00+00:00,0.017441343356563
2022-09-19 00:00:00+00:00,0.022417396705492587
2022-09-20 00:00:00+00:00,0.02638633732717599
2022-09-21 00:00:00+00:00,0.018748606017498837
2022-09-22 00:00:00+00:00,0.02090849943038897
2022-09-23 00:00:00+00:00,0.015662407363599584
2022-09-24 00:00:00+00:00,0.01333881658878222
2022-09-25 00:00:00+00:00,0.013292987526455802
2022-09-26 00:00:00+00:00,0.012802374350857404
2022-09-27 00:00:00+00:00,0.01498364298726984
2022-09-28 00:00:00+00:00,0.016434410523963328
2022-09-29 00:00:00+00:00,0.015613727581368808
2022-09-30 00:00:00+00:00,0.013733120355409856
2022-10-01 00:00:00+00:00,0.015065558001827961
2022-10-02 00:00:00+00:00,0.017872482992781435
2022-10-03 00:00:00+00:00,0.019930009699453688
2022-10-04 00:00:00+00:00,0.019335224355300662
2022-10-05 00:00:00+00:00,0.01880145759488494
2022-10-06 00:00:00+00:00,0.019891984520996164
2022-10-07 00:00:00+00:00,0.019311922492727396
2022-10-08 00:00:00+00:00,0.017599480848851545
2022-10-09 00:00:00+00:00,0.0176732905084378
2022-10-10 00:00:00+00:00,0.019397665573189338
2022-10-11 00:00:00+00:00,0.018683171660274445
2022-10-12 00:00:00+00:00,0.018831428194865607
2022-10-13 00:00:00+00:00,0.01781823845717523
2022-10-14 00:00:00+00:00,0.019063462812809462
2022-10-15 00:00:00+00:00,0.01847810385184534
2022-10-16 00:00:00+00:00,0.019567916879990932
2022-10-17 00:00:00+00:00,0.019054962075792492
2022-10-18 00:00:00+00:00,0.014359628315510076
2022-10-19 00:00:00+00:00,0.016446429616190805
2022-10-20 00:00:00+00:00,0.0195568531938759
2022-10-21 00:00:00+00:00,0.025119798769575707
2022-10-22 00:00:00+00:00,0.01887571539272237
2022-10-23 00:00:00+00:00,0.017854898099380012
2022-10-24 00:00:00+00:00,0.017060023837466298
2022-10-25 00:00:00+00:00,0.019350405302577478
2022-10-26 00:00:00+00:00,0.01889601739523017
2022-10-27 00:00:00+00:00,0.019930728072117043
2022-10-28 00:00:00+00:00,0.01211117819667562
2022-10-29 00:00:00+00:00,0.014547476343468979
2022-10-30 00:00:00+00:00,0.017247379787810324
2022-10-31 00:00:00+00:00,0.01960104155309872
2022-11-01 00:00:00+00:00,0.021622923333994182
2022-11-02 00:00:00+00:00,0.020167428493256923
2022-11-03 00:00:00+00:00,0.02619502674365326
2022-11-04 00:00:00+00:00,0.03313321571851513
2022-11-05 00:00:00+00:00,0.02165083453060701
2022-11-06 00:00:00+00:00,0.020732606960035538
2022-11-07 00:00:00+00:00,0.02504803101841868
2022-11-08 00:00:00+00:00,0.02881167421977371
2022-11-09 00:00:00+00:00,0.03721739038926275
2022-11-10 00:00:00+00:00,0.03883976240037024
2022-11-11 00:00:00+00:00,0.0372667566867273
2022-11-12 00:00:00+00:00,0.03969170154041235
2022-11-13 00:00:00+00:00,0.04029293259321909
2022-11-14 00:00:00+00:00,0.04254063958386012
2022-11-15 00:00:00+00:00,0.038855215018849476
2022-11-16 00:00:00+00:00,0.037876641715578474
2022-11-17 00:00:00+00:00,0.03856365067943246
2022-11-18 00:00:00+00:00,0.03895098646908002
2022-11-19 00:00:00+00:00,0.03513929528201598
2022-11-20 00:00:00+00:00,0.039541668354799775
2022-11-21 00:00:00+00:00,0.04133323422355906
2022-11-22 00:00:00+00:00,0.038112258668741905
2022-11-23 00:00:00+00:00,0.03566914656829567
2022-11-24 00:00:00+00:00,0.03764757703698263
2022-11-25 00:00:00+00:00,0.03625282284922293
2022-11-26 00:00:00+00:00,0.0367380311528307
2022-11-27 00:00:00+00:00,0.032478878748910534
2022-11-28 00:00:00+00:00,0.03303155738449859
2022-11-29 00:00:00+00:00,0.035195907280219485
2022-11-30 00:00:00+00:00,0.035754126223128235
2022-12-01 00:00:00+00:00,0.035468657613657584
2022-12-02 00:00:00+00:00,0.03586739389976756
2022-12-03 00:00:00+00:00,0.03597488902144286
2022-12-04 00:00:00+00:00,0.029963886607131007
2022-12-05 00:00:00+00:00,0.0249177604761599
2022-12-06 00:00:00+00:00,0.020215570332790866
2022-12-07 00:00:00+00:00,0.022293558077660203
2022-12-08 00:00:00+00:00,0.024371332433407833
2022-12-09 00:00:00+00:00,0.024535502653332042
2022-12-10 00:00:00+00:00,0.028291736217322727
2022-12-11 00:00:00+00:00,0.023025284356033016
2022-12-12 00:00:00+00:00,0.023392199718152096
2022-12-13 00:00:00+00:00,0.021332300018475747
2022-12-14 00:00:00+00:00,0.014415143302446864
2022-12-15 00:00:00+00:00,0.02016317723552863
2022-12-16 00:00:00+00:00,0.021087555238628264
2022-12-17 00:00:00+00:00,0.02583385335177346
2022-12-18 00:00:00+00:00,0.023755547644260133
2022-12-19 00:00:00+00:00,0.02813311229109905
2022-12-20 00:00:00+00:00,0.037441920125860895
2022-12-21 00:00:00+00:00,0.03830605882630356
2022-12-22 00:00:00+00:00,0.04461913363275061
2022-12-23 00:00:00+00:00,0.04470903669878035
2022-12-24 00:00:00+00:00,0.04550588006769307
2022-12-25 00:00:00+00:00,0.04141307959768814
2022-12-26 00:00:00+00:00,0.042140367288909575
2022-12-27 00:00:00+00:00,0.035022870835163644
2022-12-28 00:00:00+00:00,0.034828759917572505
2022-12-29 00:00:00+00:00,0.0387254167581812
2022-12-30 00:00:00+00:00,0.0414260853157018
2022-12-31 00:00:00+00:00,0.04166803984734213
2023-01-01 00:00:00+00:00,0.0411086877218001
2023-01-02 00:00:00+00:00,0.04210301196735866
2023-01-03 00:00:00+00:00,0.052574118351924604
2023-01-04 00:00:00+00:00,0.053394311053511556
2023-01-05 00:00:00+00:00,0.05200542972115452
2023-01-06 00:00:00+00:00,0.04961184092225435
2023-01-07 00:00:00+00:00,0.048879396237284656
2023-01-08 00:00:00+00:00,0.04761366326669503
2023-01-09 00:00:00+00:00,0.046036782285560296
2023-01-10 00:00:00+00:00,0.04508592352143381
2023-01-11 00:00:00+00:00,0.041042589688830455
2023-01-12 00:00:00+00:00,0.03627404690641689
2023-01-13 00:00:00+00:00,0.03871501180548553
2023-01-14 00:00:00+00:00,0.033028159744143526
2023-01-15 00:00:00+00:00,0.031187411425084743
2023-01-16 00:00:00+00:00,0.034405953967222125
2023-01-17 00:00:00+00:00,0.03427503327069381
2023-01-18 00:00:00+00:00,0.03283995373616877
2023-01-19 00:00:00+00:00,0.034982840032902196
2023-01-20 00:00:00+00:00,0.02876126217326136
2023-01-21 00:00:00+00:00,0.020078647351431833
2023-01-22 00:00:00+00:00,0.019627550183440423
2023-01-23 00:00:00+00:00,0.015603473599534956
2023-01-24 00:00:00+00:00,0.012450647514558044
2023-01-25 00:00:00+00:00,0.015440893393696253
2023-01-26 00:00:00+00:00,0.013377981158692043
2023-01-27 00:00:00+00:00,0.013436926607668376
2023-01-28 00:00:00+00:00,0.011964727901355943
2023-01-29 00:00:00+00:00,0.0130087795758429
2023-01-30 00:00:00+00:00,0.012486070393309179
2023-01-31 00:00:00+00:00,0.016784228453978978
2023-02-01 00:00:00+00:00,0.01650473516914719
2023-02-02 00:00:00+00:00,0.016410857988108818
2023-02-03 00:00:00+00:00,0.014258630251769544
2023-02-04 00:00:00+00:00,0.01404700042913043
2023-02-05 00:00:00+00:00,0.01934577451210706
2023-02-06 00:00:00+00:00,0.02034908109019873
2023-02-07 00:00:00+00:00,0.023566909421746107
2023-02-08 00:00:00+00:00,0.023219860806012127
2023-02-09 00:00:00+00:00,0.026688135857808604
2023-02-10 00:00:00+00:00,0.032029518629956844
2023-02-11 00:00:00+00:00,0.029816044843083978
2023-02-12 00:00:00+00:00,0.026073263897411048
2023-02-13 00:00:00+00:00,0.031417042388137695
2023-02-14 00:00:00+00:00,0.03243054736383444
2023-02-15 00:00:00+00:00,0.02946873811017392
2023-02-16 00:00:00+00:00,0.031890688916554
2023-02-17 00:00:00+00:00,0.033993948910630456
2023-02-18 00:00:00+00:00,0.030898542850335886
2023-02-19 00:00:00+00:00,0.03198534212832649
2023-02-20 00:00:00+00:00,0.035319358180267546
2023-02-21 00:00:00+00:00,0.028676565198618054
2023-02-22 00:00:00+00:00,0.029200776335027046
2023-02-23 00:00:00+00:00,0.028984891640159383
2023-02-24 00:00:00+00:00,0.027462375975181308
2023-02-25 00:00:00+00:00,0.030265782794086205
2023-02-26 00:00:00+00:00,0.03478446915906508
2023-02-27 00:00:00+00:00,0.03363574846858386
2023-02-28 00:00:00+00:00,0.033507244892758914
2023-03-01 00:00:00+00:00,0.038345592734639444
2023-03-02 00:00:00+00:00,0.0384166695171233
2023-03-03 00:00:00+00:00,0.03860213924531841
2023-03-04 00:00:00+00:00,0.039788575089391376
2023-03-05 00:00:00+00:00,0.03986570995637506
2023-03-06 00:00:00+00:00,0.04360168792595709
2023-03-07 00:00:00+00:00,0.040367528691027
2023-03-08 00:00:00+00:00,0.03441810682052493
2023-03-09 00:00:00+00:00,0.025261582216119738
2023-03-10 00:00:00+00:00,0.030684144153890536
2023-03-11 00:00:00+00:00,0.029385986014698773
2023-03-12 00:00:00+00:00,0.03163422901556712
2023-03-13 00:00:00+00:00,0.0330764363801439
2023-03-14 00:00:00+00:00,0.03579988552748481
2023-03-15 00:00:00+00:00,0.03625507249287896
2023-03-16 00:00:00+00:00,0.04058848736940024
2023-03-17 00:00:00+00:00,0.04078222790074504
2023-03-18 00:00:00+00:00,0.03673176984245807
2023-03-19 00:00:00+00:00,0.03870919527314021
2023-03-20 00:00:00+00:00,0.03475951869507932
2023-03-21 00:00:00+00:00,0.03662730803420988
2023-03-22 00:00:00+00:00,0.026418090629247937
2023-03-23 00:00:00+00:00,0.02950816220090058
2023-03-24 00:00:00+00:00,0.02821912447382835
2023-03-25 00:00:00+00:00,0.029865756304104485
2023-03-26 00:00:00+00:00,0.02663719727702807
2023-03-27 00:00:00+00:00,0.02736635524832076
2023-03-28 00:00:00+00:00,0.028593223761729902
2023-03-29 00:00:00+00:00,0.029287131186891857
2023-03-30 00:00:00+00:00,0.028080471658174178
2023-03-31 00:00:00+00:00,0.029508639212885157
2023-04-01 00:00:00+00:00,0.02142096482922118
2023-04-02 00:00:00+00:00,0.0247669538628692
2023-04-03 00:00:00+00:00,0.023536308199515688
2023-04-04 00:00:00+00:00,0.02739597551520978
2023-04-05 00:00:00+00:00,0.02340622850751961
2023-04-06 00:00:00+00:00,0.02127139070666062
2023-04-07 00:00:00+00:00,0.021466314979246226
2023-04-08 00:00:00+00:00,0.025548371462330577
2023-04-09 00:00:00+00:00,0.019443069511539735
2023-04-10 00:00:00+00:00,0.020859295744186657
2023-04-11 00:00:00+00:00,0.018443741893558352
2023-04-12 00:00:00+00:00,0.010080783937258753
2023-04-13 00:00:00+00:00,0.013197231403157872
2023-04-14 00:00:00+00:00,0.013919075629036826
2023-04-15 00:00:00+00:00,0.013748811219559398
2023-04-16 00:00:00+00:00,0.01978550564917958
2023-04-17 00:00:00+00:00,0.019371594813557325
2023-04-18 00:00:00+00:00,0.018529461592025287
2023-04-19 00:00:00+00:00,0.016765862274841448
2023-04-20 00:00:00+00:00,0.02419831894882707
2023-04-21 00:00:00+00:00,0.025181270396935407
2023-04-22 00:00:00+00:00,0.027061836377209048
2023-04-23 00:00:00+00:00,0.02058854127732812
2023-04-24 00:00:00+00:00,0.020853678051207636
2023-04-25 00:00:00+00:00,0.02081360422718026
2023-04-26 00:00:00+00:00,0.01573521332644834
2023-04-27 00:00:00+00:00,0.010640457051186436
2023-04-28 00:00:00+00:00,0.011609384364488884
2023-04-29 00:00:00+00:00,0.00791968441256019
2023-04-30 00:00:00+00:00,0.003850273369385926
2023-05-01 00:00:00+00:00,0.0009456367711015989
2023-05-02 00:00:00+00:00,0.004144875532639203
2023-05-03 00:00:00+00:00,0.005014750178021554
2023-05-04 00:00:00+00:00,0.003925684651349348
2023-05-05 00:00:00+00:00,0.008557572520131895
2023-05-06 00:00:00+00:00,0.0024927756519164124
2023-05-07 00:00:00+00:00,0.003898347211320319
2023-05-08 00:00:00+00:00,0.003022097997680717
2023-05-09 00:00:00+00:00,0.003455061168998519
2023-05-10 00:00:00+00:00,0.0021292115474154105
2023-05-11 00:00:00+00:00,0.005270463248517654
2023-05-12 00:00:00+00:00,-0.004593235776367943
2023-05-13 00:00:00+00:00,-0.013481849340668317
2023-05-14 00:00:00+00:00,-0.0029443829092574703
2023-05-15 00:00:00+00:00,-0.0026764286691621786
2023-05-16 00:00:00+00:00,-0.0012908103156181738
2023-05-17 00:00:00+00:00,-0.005554657898177773
2023-05-18 00:00:00+00:00,-0.007144451204514346
2023-05-19 00:00:00+00:00,-0.012719354425454465
2023-05-20 00:00:00+00:00,-0.014499913371761042
2023-05-21 00:00:00+00:00,-0.015668653948102462
2023-05-22 00:00:00+00:00,-0.012478710997199327
2023-05-23 00:00:00+00:00,-0.012803270842893122
2023-05-24 00:00:00+00:00,-0.014455372564422864
2023-05-25 00:00:00+00:00,-0.0088196479957654
2023-05-26 00:00:00+00:00,-0.008933614222106812
2023-05-27 00:00:00+00:00,-0.015371462929181234
2023-05-28 00:00:00+00:00,-0.01772162422364898
2023-05-29 00:00:00+00:00,-0.021295373991581545
2023-05-30 00:00:00+00:00,-0.023884974103845713
2023-05-31 00:00:00+00:00,-0.02647580576523645
2023-06-01 00:00:00+00:00,-0.025693092724989097
2023-06-02 00:00:00+00:00,-0.027456151473267743
2023-06-03 00:00:00+00:00,-0.030550946774605237
2023-06-04 00:00:00+00:00,-0.031774671915903885
2023-06-05 00:00:00+00:00,-0.03553749013092489
2023-06-06 00:00:00+00:00,-0.035064849086857364
2023-06-07 00:00:00+00:00,-0.038068100184552534
2023-06-08 00:00:00+00:00,-0.034767470969560677
2023-06-09 00:00:00+00:00,-0.036935595703090573
2023-06-10 00:00:00+00:00,-0.03902673075424301
2023-06-11 00:00:00+00:00,-0.035440391294253026
2023-06-12 00:00:00+00:00,-0.04025034757205259
2023-06-13 00:00:00+00:00,-0.04488387669684668
2023-06-14 00:00:00+00:00,-0.046547955507547645
2023-06-15 00:00:00+00:00,-0.03880239550138098
2023-06-16 00:00:00+00:00,-0.03398371073225959
2023-06-17 00:00:00+00:00,-0.040476595764940004
2023-06-18 00:00:00+00:00,-0.03917668929363227
2023-06-19 00:00:00+00:00,-0.043307683135249575
2023-06-20 00:00:00+00:00,-0.04417711833076077
2023-06-21 00:00:00+00:00,-0.04512813223910617
2023-06-22 00:00:00+00:00,-0.0452320733958157
2023-06-23 00:00:00+00:00,-0.04570675192497908
2023-06-24 00:00:00+00:00,-0.043128744652914386
2023-06-25 00:00:00+00:00,-0.03390782622071442
2023-06-26 00:00:00+00:00,-0.03429367771065572
2023-06-27 00:00:00+00:00,-0.03599730863762862
2023-06-28 00:00:00+00:00,-0.03781313276619447
2023-06-29 00:00:00+00:00,-0.03682869918045539
2023-06-30 00:00:00+00:00,-0.04040074295335305
2023-07-01 00:00:00+00:00,-0.03956099044715833
2023-07-02 00:00:00+00:00,-0.04332879464752293
2023-07-03 00:00:00+00:00,-0.04494802130307718
2023-07-04 00:00:00+00:00,-0.04452369131792033
2023-07-05 00:00:00+00:00,-0.04313047099821177
2023-07-06 00:00:00+00:00,-0.037210357294152674
2023-07-07 00:00:00+00:00,-0.033788958354055154
2023-07-08 00:00:00+00:00,-0.03113813024219414
2023-07-09 00:00:00+00:00,-0.03232089651392045
2023-07-10 00:00:00+00:00,-0.030558064466086332
2023-07-11 00:00:00+00:00,-0.03784415814954323
2023-07-12 00:00:00+00:00,-0.037118330406008204
2023-07-13 00:00:00+00:00,-0.03716241869792836
2023-07-14 00:00:00+00:00,-0.03382540243469967
2023-07-15 00:00:00+00:00,-0.028984514847304133
2023-07-16 00:00:00+00:00,-0.02882925960451177
2023-07-17 00:00:00+00:00,-0.024900082127738754
2023-07-18 00:00:00+00:00,-0.02732821494749449
2023-07-19 00:00:00+00:00,-0.02111873200191794
2023-07-20 00:00:00+00:00,-0.018657597076694232
2023-07-21 00:00:00+00:00,-0.01530433490831129
2023-07-22 00:00:00+00:00,-0.013727661485191556
2023-07-23 00:00:00+00:00,-0.015255140182349636
2023-07-24 00:00:00+00:00,-0.014979412681187076
2023-07-25 00:00:00+00:00,-0.01458934329269268
2023-07-26 00:00:00+00:00,-0.019762232961030857
2023-07-27 00:00:00+00:00,-0.019848175373601507
2023-07-28 00:00:00+00:00,-0.014006916530685976
2023-07-29 00:00:00+00:00,-0.009892485989152822
2023-07-30 00:00:00+00:00,-0.010921488859408468
2023-07-31 00:00:00+00:00,-0.006245077877200522
2023-08-01 00:00:00+00:00,-0.008289807281961492
2023-08-02 00:00:00+00:00,-0.008463348535846738
2023-08-03 00:00:00+00:00,-0.009874465530409382
2023-08-04 00:00:00+00:00,-0.009433885218175009
2023-08-05 00:00:00+00:00,-0.008666816811491174
2023-08-06 00:00:00+00:00,-0.007511682349903626
2023-08-07 00:00:00+00:00,-0.008538633641262505
2023-08-08 00:00:00+00:00,-0.00827093081813235
2023-08-09 00:00:00+00:00,-0.00865118331517889
2023-08-10 00:00:00+00:00,-0.008725824764690748
2023-08-11 00:00:00+00:00,-0.004003210265123069
2023-08-12 00:00:00+00:00,-0.00418790564787852
2023-08-13 00:00:00+00:00,-0.00441455850032868
2023-08-14 00:00:00+00:00,-0.004784565860314616
2023-08-15 00:00:00+00:00,-0.00568359977355426
2023-08-16 00:00:00+00:00,-0.0046260868653369425
2023-08-17 00:00:00+00:00,0.0021200257806288647
2023-08-18 00:00:00+00:00,0.008226887332416055
2023-08-19 00:00:00+00:00,0.006304700752418846
2023-08-20 00:00:00+00:00,0.00037294988191494127
2023-08-21 00:00:00+00:00,-0.002243398737145519
2023-08-22 00:00:00+00:00,0.0030445894453916544
2023-08-23 00:00:00+00:00,0.0033408854537451127
2023-08-24 00:00:00+00:00,0.0044301648514954994
2023-08-25 00:00:00+00:00,0.005322403329115932
2023-08-26 00:00:00+00:00,0.004525016752097599
2023-08-27 00:00:00+00:00,0.002209834568212443
2023-08-28 00:00:00+00:00,-0.001272130827294049
2023-08-29 00:00:00+00:00,-0.004490044959208239
2023-08-30 00:00:00+00:00,-0.0013837402911056618
2023-08-31 00:00:00+00:00,-0.0019123717526601247
2023-09-01 00:00:00+00:00,0.0007319696741296955
2023-09-02 00:00:00+00:00,0.004093832502711114
2023-09-03 00:00:00+00:00,0.004022458259677286
2023-09-04 00:00:00+00:00,0.003484231648891667
2023-09-05 00:00:00+00:00,0.004280648075922988
2023-09-06 00:00:00+00:00,0.004894392896544586
2023-09-07 00:00:00+00:00,0.0004231923549919969
2023-09-08 00:00:00+00:00,0.006584614604304706
2023-09-09 00:00:00+00:00,0.006711633547171969
2023-09-10 00:00:00+00:00,0.01426954040406625
2023-09-11 00:00:00+00:00,0.016395863712794778
2023-09-12 00:00:00+00:00,0.01923596971410757
2023-09-13 00:00:00+00:00,0.019382259393891488
2023-09-14 00:00:00+00:00,0.011897311560673973
2023-09-15 00:00:00+00:00,0.01320230017473989
2023-09-16 00:00:00+00:00,0.007153106222283823
2023-09-17 00:00:00+00:00,0.014623535507218843
2023-09-18 00:00:00+00:00,0.018849092672075685
2023-09-19 00:00:00+00:00,0.012213926223983762
2023-09-20 00:00:00+00:00,0.006391942191643629
2023-09-21 00:00:00+00:00,0.009438676184730044
2023-09-22 00:00:00+00:00,0.008682503629574567
2023-09-23 00:00:00+00:00,0.016886437943653743
2023-09-24 00:00:00+00:00,0.019101218561076605
2023-09-25 00:00:00+00:00,0.018309583159403342
2023-09-26 00:00:00+00:00,0.018063934305587726
2023-09-27 00:00:00+00:00,0.016559919378841492
2023-09-28 00:00:00+00:00,0.014935358158950862
2023-09-29 00:00:00+00:00,0.013117065912067627
2023-09-30 00:00:00+00:00,0.01585670130514516
2023-10-01 00:00:00+00:00,0.016338284329408204
2023-10-02 00:00:00+00:00,0.013896437388854377
2023-10-03 00:00:00+00:00,0.016741744148823567
2023-10-04 00:00:00+00:00,0.011828312415764985
2023-10-05 00:00:00+00:00,0.013273697738307666
2023-10-06 00:00:00+00:00,0.0160307706557119
2023-10-07 00:00:00+00:00,0.01568896714784307
2023-10-08 00:00:00+00:00,0.01785656645435796
2023-10-09 00:00:00+00:00,0.017732520804604857
2023-10-10 00:00:00+00:00,0.022540718357355605
2023-10-11 00:00:00+00:00,0.023472092728008098
2023-10-12 00:00:00+00:00,0.026582754336690995
2023-10-13 00:00:00+00:00,0.027692908293720286
2023-10-14 00:00:00+00:00,0.026671696811241485
2023-10-15 00:00:00+00:00,0.027015878896470946
2023-10-16 00:00:00+00:00,0.026442863038007358
2023-10-17 00:00:00+00:00,0.024305450583991695
2023-10-18 00:00:00+00:00,0.025108753602320233
2023-10-19 00:00:00+00:00,0.022921973026113207
2023-10-20 00:00:00+00:00,0.01562534780485736
2023-10-21 00:00:00+00:00,0.01696317151568638
2023-10-22 00:00:00+00:00,0.01842081232027737
2023-10-23 00:00:00+00:00,0.01886010365327495
2023-10-24 00:00:00+00:00,0.012063809461304364
2023-10-25 00:00:00+00:00,0.004170392864593309
2023-10-26 00:00:00+00:00,0.006255084821467749
2023-10-27 00:00:00+00:00,0.006673171975212444
2023-10-28 00:00:00+00:00,0.010168700446459233
2023-10-29 00:00:00+00:00,0.012194031235107872
2023-10-30 00:00:00+00:00,0.008455033298372383
2023-10-31 00:00:00+00:00,-0.0003935516298211317
2023-11-01 00:00:00+00:00,-0.002899280717590491
2023-11-02 00:00:00+00:00,-0.004293200900581273
2023-11-03 00:00:00+00:00,-0.006298168130063786
2023-11-04 00:00:00+00:00,-0.0063003615718904005
2023-11-05 00:00:00+00:00,0.003675727085900471
2023-11-06 00:00:00+00:00,0.0008172774848838049
2023-11-07 00:00:00+00:00,-0.009218045139309572
2023-11-08 00:00:00+00:00,-0.006146299588222992
2023-11-09 00:00:00+00:00,-0.01129479067692929
2023-11-10 00:00:00+00:00,-0.007427734977714651
2023-11-11 00:00:00+00:00,-0.001038520646034824
2023-11-12 00:00:00+00:00,-0.0022367259047620935
2023-11-13 00:00:00+00:00,-0.004024016746026149
2023-11-14 00:00:00+00:00,-0.0068141994412065365
2023-11-15 00:00:00+00:00,-0.00013225094396174253
2023-11-16 00:00:00+00:00,-0.0018656849135059161
2023-11-17 00:00:00+00:00,0.0010307310697923455
2023-11-18 00:00:00+00:00,0.001267479691931639
2023-11-19 00:00:00+00:00,0.001569344841702458
2023-11-20 00:00:00+00:00,0.00019215819282192292
2023-11-21 00:00:00+00:00,-0.0010405741587156125
2023-11-22 00:00:00+00:00,0.0022291183791156577
2023-11-23 00:00:00+00:00,-0.0001301493437775303
2023-11-24 00:00:00+00:00,-0.0006573762239561187
2023-11-25 00:00:00+00:00,0.0007488788456910811
2023-11-26 00:00:00+00:00,0.0010347278491666945
2023-11-27 00:00:00+00:00,0.00016752812230524938
2023-11-28 00:00:00+00:00,0.0011472854607534888
2023-11-29 00:00:00+00:00,-0.0001351709062079598
2023-11-30 00:00:00+00:00,0.0007247646532391183
2023-12-01 00:00:00+00:00,0.0017524758955826947
2023-12-02 00:00:00+00:00,0.00033914273424806574
2023-12-03 00:00:00+00:00,0.0002403555915038158
2023-12-04 00:00:00+00:00,4.85513252490577e-07
2023-12-05 00:00:00+00:00,0.004464138303942322
2023-12-06 00:00:00+00:00,0.00449006182479228
2023-12-07 00:00:00+00:00,0.00284398091238236
2023-12-08 00:00:00+00:00,-0.0005326749039471501
2023-12-09 00:00:00+00:00,-0.00017878303755114455
2023-12-10 00:00:00+00:00,-0.003334309639338673
2023-12-11 00:00:00+00:00,-0.0038867680711227592
2023-12-12 00:00:00+00:00,-0.0013756787093665013
2023-12-13 00:00:00+00:00,0.0005041070796079072
2023-12-14 00:00:00+00:00,0.0018942344735877192
2023-12-15 00:00:00+00:00,-0.0018637932664726797
2023-12-16 00:00:00+00:00,0.0005245633710193598
2023-12-17 00:00:00+00:00,-0.006132766413821988
2023-12-18 00:00:00+00:00,-0.004736120320610326
2023-12-19 00:00:00+00:00,-0.007058060051369552
2023-12-20 00:00:00+00:00,-0.01488801144324825
2023-12-21 00:00:00+00:00,-0.01375456152360266
2023-12-22 00:00:00+00:00,-0.01560771854209253
2023-12-23 00:00:00+00:00,-0.014366040278266712
2023-12-24 00:00:00+00:00,-0.01296171544004232
2023-12-25 00:00:00+00:00,-0.012821238380798183
2023-12-26 00:00:00+00:00,-0.016531563395991267
2023-12-27 00:00:00+00:00,-0.007208059046118986
2023-12-28 00:00:00+00:00,-0.00795304757818438
2023-12-29 00:00:00+00:00,-0.011551948086446329
2023-12-30 00:00:00+00:00,-0.015883179401393832
2023-12-31 00:00:00+00:00,-0.014737642812526208
2024-01-01 00:00:00+00:00,-0.01392331716966444
2024-01-02 00:00:00+00:00,-0.015545753095529413
2024-01-03 00:00:00+00:00,-0.024152012284958113
2024-01-04 00:00:00+00:00,-0.021028621057929686
2024-01-05 00:00:00+00:00,-0.021013835980758455
2024-01-06 00:00:00+00:00,-0.021877545402076648
2024-01-07 00:00:00+00:00,-0.01971518051443688
2024-01-08 00:00:00+00:00,-0.018059196906433428
2024-01-09 00:00:00+00:00,-0.020600890698213026
2024-01-10 00:00:00+00:00,-0.01916527134097923
2024-01-11 00:00:00+00:00,-0.022667013600856767
2024-01-12 00:00:00+00:00,-0.015226468063889609
2024-01-13 00:00:00+00:00,-0.010957736686594277
2024-01-14 00:00:00+00:00,-0.008979513833647368
2024-01-15 00:00:00+00:00,-0.006942705237844349
2024-01-16 00:00:00+00:00,-0.00954091568749027
2024-01-17 00:00:00+00:00,-0.009470019305290345
2024-01-18 00:00:00+00:00,-0.008478205463017807
2024-01-19 00:00:00+00:00,-0.009282074766274628
2024-01-20 00:00:00+00:00,-0.00276750038228879
2024-01-21 00:00:00+00:00,0.0018854617787946726
2024-01-22 00:00:00+00:00,0.0006753759795992131
2024-01-23 00:00:00+00:00,0.00212585533649845
2024-01-24 00:00:00+00:00,0.010638647811243462
2024-01-25 00:00:00+00:00,0.005978258085005184
2024-01-26 00:00:00+00:00,0.009217687294287735
2024-01-27 00:00:00+00:00,0.006689642913868754
2024-01-28 00:00:00+00:00,0.0074456078953595295
2024-01-29 00:00:00+00:00,0.007358294243940078
2024-01-30 00:00:00+00:00,0.008382671620723814
2024-01-31 00:00:00+00:00,0.006617134115858292
2024-02-01 00:00:00+00:00,0.010318507949746536
2024-02-02 00:00:00+00:00,0.010906725606332657
2024-02-03 00:00:00+00:00,0.009525979499328097
2024-02-04 00:00:00+00:00,0.008237507989832027
2024-02-05 00:00:00+00:00,0.011078519042639456
2024-02-06 00:00:00+00:00,0.010458555791794888
2024-02-07 00:00:00+00:00,0.008965214572187241
2024-02-08 00:00:00+00:00,0.010884755854188022
2024-02-09 00:00:00+00:00,0.009490658869427238
2024-02-10 00:00:00+00:00,0.00317437467369297
2024-02-11 00:00:00+00:00,0.0033124948500555806
2024-02-12 00:00:00+00:00,0.003535565248057093
2024-02-13 00:00:00+00:00,0.0014332497977116443
2024-02-14 00:00:00+00:00,0.002191001825109895
2024-02-15 00:00:00+00:00,0.0018039238760474419
2024-02-16 00:00:00+00:00,-0.006548660858163635
2024-02-17 00:00:00+00:00,-0.009949330767144549
2024-02-18 00:00:00+00:00,-0.007645394786232496
2024-02-19 00:00:00+00:00,-0.009166168353254345
2024-02-20 00:00:00+00:00,-0.013199192917155766
2024-02-21 00:00:00+00:00,-0.003965549295200765
2024-02-22 00:00:00+00:00,-0.001746871002853756
2024-02-23 00:00:00+00:00,0.0007015775693575144
2024-02-24 00:00:00+00:00,0.0022413301420936005
2024-02-25 00:00:00+00:00,-0.002540824127497121
2024-02-26 00:00:00+00:00,-0.0021569503339926577
2024-02-27 00:00:00+00:00,-0.003629076591786684
2024-02-28 00:00:00+00:00,-0.0035369240048334083
2024-02-29 00:00:00+00:00,0.0018346377047153695
2024-03-01 00:00:00+00:00,-0.00013215806876620828
2024-03-02 00:00:00+00:00,-0.0033299953609576827
2024-03-03 00:00:00+00:00,-0.010990829390989165
2024-03-04 00:00:00+00:00,-0.010078633458985187
2024-03-05 00:00:00+00:00,-0.015637367723555284
2024-03-06 00:00:00+00:00,-0.00746835738755558
2024-03-07 00:00:00+00:00,-0.0039410677028864916
2024-03-08 00:00:00+00:00,0.003731319825437618
2024-03-09 00:00:00+00:00,0.0016530200484872193
2024-03-10 00:00:00+00:00,0.001375399395176169
2024-03-11 00:00:00+00:00,0.0003343846900658587
2024-03-12 00:00:00+00:00,-0.002836731158437411
2024-03-13 00:00:00+00:00,-0.00554080791267153
2024-03-14 00:00:00+00:00,-0.0051130747491968664
2024-03-15 00:00:00+00:00,-0.008757376615133539
2024-03-16 00:00:00+00:00,-0.005550839891178216
2024-03-17 00:00:00+00:00,-0.00029686569270925833
2024-03-18 00:00:00+00:00,-0.002489541292742148
2024-03-19 00:00:00+00:00,0.002681437857108504
2024-03-20 00:00:00+00:00,0.0018440559946215629
2024-03-21 00:00:00+00:00,0.014179751795529993
2024-03-22 00:00:00+00:00,0.01099550277866701
2024-03-23 00:00:00+00:00,0.013467350193466121
2024-03-24 00:00:00+00:00,0.012265674458534548
2024-03-25 00:00:00+00:00,0.012607786839933022
2024-03-26 00:00:00+00:00,0.012591795466159406
2024-03-27 00:00:00+00:00,0.014656796880985645
2024-03-28 00:00:00+00:00,0.01465086135217386
2024-03-29 00:00:00+00:00,0.015409075753219481
2024-03-30 00:00:00+00:00,0.014696923673658047
2024-03-31 00:00:00+00:00,0.015397899079168331
2024-04-01 00:00:00+00:00,0.01371386279321185
2024-04-02 00:00:00+00:00,0.014947313865506517
2024-04-03 00:00:00+00:00,0.014949309825568857
2024-04-04 00:00:00+00:00,0.016383320843667448
2024-04-05 00:00:00+00:00,0.014937164068931308
2024-04-06 00:00:00+00:00,0.015387596417633986
2024-04-07 00:00:00+00:00,0.015340607688662189
2024-04-08 00:00:00+00:00,0.014874705401572985
2024-04-09 00:00:00+00:00,0.014848055910379854
2024-04-10 00:00:00+00:00,0.015838010585873752
2024-04-11 00:00:00+00:00,0.015419295683443579
2024-04-12 00:00:00+00:00,0.015823151527244672
2024-04-13 00:00:00+00:00,0.02136410161930491
2024-04-14 00:00:00+00:00,0.02535550866777614
2024-04-15 00:00:00+00:00,0.02341631973385594
2024-04-16 00:00:00+00:00,0.024118152200609533
2024-04-17 00:00:00+00:00,0.022725290577947588
2024-04-18 00:00:00+00:00,0.0260402765193406
2024-04-19 00:00:00+00:00,0.018420494415065436
2024-04-20 00:00:00+00:00,0.015517750217808546
2024-04-21 00:00:00+00:00,0.01198142675204239
2024-04-22 00:00:00+00:00,0.017428486298110668
2024-04-23 00:00:00+00:00,0.013482879518226687
2024-04-24 00:00:00+00:00,0.01343002157814932
2024-04-25 00:00:00+00:00,0.016706561980239787
2024-04-26 00:00:00+00:00,0.014762577736322724
2024-04-27 00:00:00+00:00,0.01489934651497471
2024-04-28 00:00:00+00:00,0.01781838833994831
2024-04-29 00:00:00+00:00,0.01804825395723708
2024-04-30 00:00:00+00:00,0.016377879988205724
2024-05-01 00:00:00+00:00,0.016395577195027045
2024-05-02 00:00:00+00:00,0.016258275017413615
2024-05-03 00:00:00+00:00,0.016339278285010028
2024-05-04 00:00:00+00:00,0.015237410088669856
2024-05-05 00:00:00+00:00,0.01627400378154409
2024-05-06 00:00:00+00:00,0.014944836499932501
2024-05-07 00:00:00+00:00,0.012881552398599894
2024-05-08 00:00:00+00:00,0.010761823399086046
2024-05-09 00:00:00+00:00,0.012122606001230274
2024-05-10 00:00:00+00:00,0.0117082988771533
2024-05-11 00:00:00+00:00,0.013761418333498865
2024-05-12 00:00:00+00:00,0.014096760142721543
2024-05-13 00:00:00+00:00,0.014552882789164334
2024-05-14 00:00:00+00:00,0.014531322157858018
2024-05-15 00:00:00+00:00,0.01552673084646794
2024-05-16 00:00:00+00:00,0.014900334356042988
2024-05-17 00:00:00+00:00,0.018212516696027414
2024-05-18 00:00:00+00:00,0.020200616110744862
2024-05-19 00:00:00+00:00,0.02244756853231178
2024-05-20 00:00:00+00:00,0.022683492077410605
2024-05-21 00:00:00+00:00,0.015500247742002982
2024-05-22 00:00:00+00:00,0.016671337887889326
2024-05-23 00:00:00+00:00,0.018285201724632882
2024-05-24 00:00:00+00:00,0.01260661779871386
2024-05-25 00:00:00+00:00,0.011662684824252922
2024-05-26 00:00:00+00:00,0.01617786232501528
2024-05-27 00:00:00+00:00,0.018426608358029117
2024-05-28 00:00:00+00:00,0.022199051965970273
2024-05-29 00:00:00+00:00,0.02590891144830887
2024-05-30 00:00:00+00:00,0.033505222785788824
2024-05-31 00:00:00+00:00,0.03381112713483714
2024-06-01 00:00:00+00:00,0.031193891626123182
2024-06-02 00:00:00+00:00,0.035731450549354005
2024-06-03 00:00:00+00:00,0.035428029011458806
2024-06-04 00:00:00+00:00,0.03844430698492918
2024-06-05 00:00:00+00:00,0.037198853580540314
2024-06-06 00:00:00+00:00,0.040409467067246796
2024-06-07 00:00:00+00:00,0.03964878912738046
2024-06-08 00:00:00+00:00,0.04453918099558196
2024-06-09 00:00:00+00:00,0.04790885324911898
2024-06-10 00:00:00+00:00,0.03854275384315353
2024-06-11 00:00:00+00:00,0.04106117842072554
2024-06-12 00:00:00+00:00,0.047426398221160015
2024-06-13 00:00:00+00:00,0.045261697363923714
2024-06-14 00:00:00+00:00,0.04179878844482454
2024-06-15 00:00:00+00:00,0.04426633000446345
2024-06-16 00:00:00+00:00,0.033291996700859805
2024-06-17 00:00:00+00:00,0.03382817900310764
2024-06-18 00:00:00+00:00,0.031070076686370074
2024-06-19 00:00:00+00:00,0.04105341186051259
2024-06-20 00:00:00+00:00,0.04011597077749118
2024-06-21 00:00:00+00:00,0.04287916685909887
2024-06-22 00:00:00+00:00,0.0417532172509818
2024-06-23 00:00:00+00:00,0.04272522120349609
2024-06-24 00:00:00+00:00,0.042689829681418434
2024-06-25 00:00:00+00:00,0.04321828912611125
2024-06-26 00:00:00+00:00,0.042904775575142384
2024-06-27 00:00:00+00:00,0.04506972818063337
2024-06-28 00:00:00+00:00,0.03934638125165968
2024-06-29 00:00:00+00:00,0.0422933008861992
2024-06-30 00:00:00+00:00,0.041781371413595725
2024-07-01 00:00:00+00:00,0.04174640143387687
2024-07-02 00:00:00+00:00,0.0436089949995917
2024-07-03 00:00:00+00:00,0.04255907484320143
2024-07-04 00:00:00+00:00,0.04681513354095346
2024-07-05 00:00:00+00:00,0.04371686598235769
2024-07-06 00:00:00+00:00,0.04447208566895333
2024-07-07 00:00:00+00:00,0.03913974135857612
2024-07-08 00:00:00+00:00,0.04586163631198703
2024-07-09 00:00:00+00:00,0.04847429974066397
2024-07-10 00:00:00+00:00,0.0495972972341816
2024-07-11 00:00:00+00:00,0.047975065374498804
2024-07-12 00:00:00+00:00,0.04367437255111706
2024-07-13 00:00:00+00:00,0.03891587197277113
2024-07-14 00:00:00+00:00,0.026481312643111155
2024-07-15 00:00:00+00:00,0.02720114377144811
2024-07-16 00:00:00+00:00,0.02599353736532528
2024-07-17 00:00:00+00:00,0.021109802475636652
2024-07-18 00:00:00+00:00,0.01745581993781853
2024-07-19 00:00:00+00:00,0.02272093642051365
2024-07-20 00:00:00+00:00,0.02201861129766014
2024-07-21 00:00:00+00:00,0.020467900923931248
2024-07-22 00:00:00+00:00,0.01962599314312108
2024-07-23 00:00:00+00:00,0.019167424020068324
2024-07-24 00:00:00+00:00,0.01924094351472272
2024-07-25 00:00:00+00:00,0.0192244675592681
2024-07-26 00:00:00+00:00,0.020938332191628994
2024-07-27 00:00:00+00:00,0.0206031359022929
2024-07-28 00:00:00+00:00,0.021144019530239477
2024-07-29 00:00:00+00:00,0.02074851672217992
2024-07-30 00:00:00+00:00,0.020540206010694284
2024-07-31 00:00:00+00:00,0.02051362867640938
2024-08-01 00:00:00+00:00,0.021039256090283454
2024-08-02 00:00:00+00:00,0.02319962940543352
2024-08-03 00:00:00+00:00,0.026384476494818232
2024-08-04 00:00:00+00:00,0.026420910348888382
2024-08-05 00:00:00+00:00,0.029151365483956804
2024-08-06 00:00:00+00:00,0.03382462459307578
2024-08-07 00:00:00+00:00,0.03226681965848521
2024-08-08 00:00:00+00:00,0.025092275810136178
2024-08-09 00:00:00+00:00,0.024005331820929898
2024-08-10 00:00:00+00:00,0.02544977058250919
2024-08-11 00:00:00+00:00,0.025047030405538795
2024-08-12 00:00:00+00:00,0.027162734627832474
2024-08-13 00:00:00+00:00,0.026083863688255438
2024-08-14 00:00:00+00:00,0.026380907644044438
2024-08-15 00:00:00+00:00,0.02581380354509899
2024-08-16 00:00:00+00:00,0.019903159300330486
2024-08-17 00:00:00+00:00,0.014232766275845021
2024-08-18 00:00:00+00:00,0.013509402517221103
2024-08-19 00:00:00+00:00,0.016057841653578597
2024-08-20 00:00:00+00:00,0.01914386464393658
2024-08-21 00:00:00+00:00,0.016944722194971007
2024-08-22 00:00:00+00:00,0.016047866620011675
2024-08-23 00:00:00+00:00,0.016274483944733076
2024-08-24 00:00:00+00:00,0.014157531789154021
2024-08-25 00:00:00+00:00,0.014995654334740927
2024-08-26 00:00:00+00:00,0.014629484226073686
2024-08-27 00:00:00+00:00,0.015505330023663833
2024-08-28 00:00:00+00:00,0.01673786608870964
2024-08-29 00:00:00+00:00,0.016619164193393487
2024-08-30 00:00:00+00:00,0.01570222157576784
2024-08-31 00:00:00+00:00,0.012980264076931203
2024-09-01 00:00:00+00:00,0.011130356708015432
2024-09-02 00:00:00+00:00,0.01281604106926082
2024-09-03 00:00:00+00:00,0.011953718691924298
2024-09-04 00:00:00+00:00,0.012880637942875861
2024-09-05 00:00:00+00:00,0.013905409856342699
2024-09-06 00:00:00+00:00,0.015290953523085848
2024-09-07 00:00:00+00:00,0.018072339196323117
2024-09-08 00:00:00+00:00,0.017486808926273634
2024-09-09 00:00:00+00:00,0.016760586529491084
2024-09-10 00:00:00+00:00,0.01542073719698811
2024-09-11 00:00:00+00:00,0.01170254773301882
2024-09-12 00:00:00+00:00,0.013897622102557294
2024-09-13 00:00:00+00:00,0.014448744900861898
2024-09-14 00:00:00+00:00,0.013957342461839994
2024-09-15 00:00:00+00:00,0.012972288141712252
2024-09-16 00:00:00+00:00,0.01632965978044365
2024-09-17 00:00:00+00:00,0.014158971746953242
2024-09-18 00:00:00+00:00,0.016423545395074957
2024-09-19 00:00:00+00:00,0.01831790009614176
2024-09-20 00:00:00+00:00,0.019411294884303043
2024-09-21 00:00:00+00:00,0.017119322770341894
2024-09-22 00:00:00+00:00,0.016124127643108332
2024-09-23 00:00:00+00:00,0.017821168831818168
2024-09-24 00:00:00+00:00,0.017280527971266668
2024-09-25 00:00:00+00:00,0.01783712549394778
2024-09-26 00:00:00+00:00,0.018385163325662646
2024-09-27 00:00:00+00:00,0.016643778288758293
2024-09-28 00:00:00+00:00,0.018849647004763437
2024-09-29 00:00:00+00:00,0.014417576777930208
2024-09-30 00:00:00+00:00,0.007554487311894453
2024-10-01 00:00:00+00:00,0.013737487736114273
2024-10-02 00:00:00+00:00,0.009506883341793726
2024-10-03 00:00:00+00:00,0.020083724697366634
2024-10-04 00:00:00+00:00,0.019803940338115167
2024-10-05 00:00:00+00:00,0.01618589511248869
2024-10-06 00:00:00+00:00,0.017321292104686803
2024-10-07 00:00:00+00:00,0.016012078272601427
2024-10-08 00:00:00+00:00,0.016696666252892456
2024-10-09 00:00:00+00:00,0.012735742799575789
2024-10-10 00:00:00+00:00,0.012529812546129504
2024-10-11 00:00:00+00:00,0.008659844513087656
2024-10-12 00:00:00+00:00,0.006821842644637366
2024-10-13 00:00:00+00:00,0.007209317209422972
2024-10-14 00:00:00+00:00,0.00827071408392177
2024-10-15 00:00:00+00:00,0.008371069114206486
2024-10-16 00:00:00+00:00,0.011136956352924887
2024-10-17 00:00:00+00:00,0.010455264557347466
2024-10-18 00:00:00+00:00,0.010557695630227792
2024-10-19 00:00:00+00:00,0.014825853830602309
2024-10-20 00:00:00+00:00,0.010906638984649053
2024-10-21 00:00:00+00:00,0.012665473392170057
2024-10-22 00:00:00+00:00,0.01356705545470871
2024-10-23 00:00:00+00:00,0.02269851405344081
2024-10-24 00:00:00+00:00,0.028052189841203612
2024-10-25 00:00:00+00:00,0.02686082360354991
2024-10-26 00:00:00+00:00,0.029252771312909598
2024-10-27 00:00:00+00:00,0.0206717607528748
2024-10-28 00:00:00+00:00,0.020216476408685624
2024-10-29 00:00:00+00:00,0.02259295061937694
2024-10-30 00:00:00+00:00,0.02714432109981524
2024-10-31 00:00:00+00:00,0.03231570070221945
2024-11-01 00:00:00+00:00,0.03369725949380609
2024-11-02 00:00:00+00:00,0.03264155581177741
2024-11-03 00:00:00+00:00,0.03419117452361009
2024-11-04 00:00:00+00:00,0.03592775758716682
2024-11-05 00:00:00+00:00,0.035977667506553734
2024-11-06 00:00:00+00:00,0.04004521703082076
2024-11-07 00:00:00+00:00,0.03677329998409551
2024-11-08 00:00:00+00:00,0.034037953935290854
2024-11-09 00:00:00+00:00,0.027250364107665126
2024-11-10 00:00:00+00:00,0.025812429777200663
2024-11-11 00:00:00+00:00,0.019512380544741914
2024-11-12 00:00:00+00:00,0.015197981228353141
2024-11-13 00:00:00+00:00,0.00995336241257272
2024-11-14 00:00:00+00:00,0.011186038083756511
2024-11-15 00:00:00+00:00,0.007730124778562386
2024-11-16 00:00:00+00:00,-0.0006258317036705874
2024-11-17 00:00:00+00:00,-0.010502012589397536
2024-11-18 00:00:00+00:00,-0.00851466294029335
2024-11-19 00:00:00+00:00,-0.008631183799231668
2024-11-20 00:00:00+00:00,-0.008204580301344633
2024-11-21 00:00:00+00:00,-0.011489370007360722
2024-11-22 00:00:00+00:00,-0.012163835284931479
2024-11-23 00:00:00+00:00,-0.011283277685065873
2024-11-24 00:00:00+00:00,-0.011031064611301433
2024-11-25 00:00:00+00:00,-0.00923026946081451
2024-11-26 00:00:00+00:00,-0.009140023156534172
2024-11-27 00:00:00+00:00,-0.00985352487968183
2024-11-28 00:00:00+00:00,-0.010307554319540668
2024-11-29 00:00:00+00:00,-0.011461833976172175
2024-11-30 00:00:00+00:00,-0.015406072984723962
2024-12-01 00:00:00+00:00,-0.014892880908769501
2024-12-02 00:00:00+00:00,-0.01889312079005545
2024-12-03 00:00:00+00:00,-0.02438608708316936
2024-12-04 00:00:00+00:00,-0.027112219593478093
2024-12-05 00:00:00+00:00,-0.026592087117407126
2024-12-06 00:00:00+00:00,-0.0237565594841207
2024-12-07 00:00:00+00:00,-0.024039406464672952
2024-12-08 00:00:00+00:00,-0.020979733421800262
2024-12-09 00:00:00+00:00,-0.017719167671975566
2024-12-10 00:00:00+00:00,-0.0163386886353053
2024-12-11 00:00:00+00:00,-0.01935012052365559
2024-12-12 00:00:00+00:00,-0.019333086323089166
2024-12-13 00:00:00+00:00,-0.01802525616605377
2024-12-14 00:00:00+00:00,-0.017799797166256237
2024-12-15 00:00:00+00:00,-0.019952281291114815
2024-12-16 00:00:00+00:00,-0.019523711560679335
2024-12-17 00:00:00+00:00,-0.019472534094344462
2024-12-18 00:00:00+00:00,-0.019927522860023528
2024-12-19 00:00:00+00:00,-0.019683507606775508
2024-12-20 00:00:00+00:00,-0.017722852947893997
2024-12-21 00:00:00+00:00,-0.01599196609148834
2024-12-22 00:00:00+00:00,-0.01579508160584464
2024-12-23 00:00:00+00:00,-0.015535198506853032
2024-12-24 00:00:00+00:00,-0.01670071990146671
2024-12-25 00:00:00+00:00,-0.013276722748461478
2024-12-26 00:00:00+00:00,-0.015975614245691494
2024-12-27 00:00:00+00:00,-0.014662310497783881
2024-12-28 00:00:00+00:00,-0.014632025336758003
2024-12-29 00:00:00+00:00,-0.014873077710320981
2024-12-30 00:00:00+00:00,-0.014463075978239037
2024-12-31 00:00:00+00:00,-0.01497518596235703
2025-01-01 00:00:00+00:00,-0.01338905462983253
2025-01-02 00:00:00+00:00,-0.014197572182142126
2025-01-03 00:00:00+00:00,-0.018725990398952064
2025-01-04 00:00:00+00:00,-0.018545509331968413
2025-01-05 00:00:00+00:00,-0.019300046408223026
2025-01-06 00:00:00+00:00,-0.0198425989595431
2025-01-07 00:00:00+00:00,-0.021741576083710523
2025-01-08 00:00:00+00:00,-0.01914527159127999
2025-01-09 00:00:00+00:00,-0.020481260806167412
2025-01-10 00:00:00+00:00,-0.014984463732706454
2025-01-11 00:00:00+00:00,-0.0157658967327724
2025-01-12 00:00:00+00:00,-0.02277047854091563
2025-01-13 00:00:00+00:00,-0.021243947955638887
2025-01-14 00:00:00+00:00,-0.021071250278034248
2025-01-15 00:00:00+00:00,-0.022532285182359946
2025-01-16 00:00:00+00:00,-0.027338130769032687
2025-01-17 00:00:00+00:00,-0.029269485100095305
2025-01-18 00:00:00+00:00,-0.031840127542037244
2025-01-19 00:00:00+00:00,-0.034062317668487774
2025-01-20 00:00:00+00:00,-0.03285663681223283
2025-01-21 00:00:00+00:00,-0.03504886338071711
2025-01-22 00:00:00+00:00,-0.03780513631816862
2025-01-23 00:00:00+00:00,-0.03981949730987755
2025-01-24 00:00:00+00:00,-0.03917355502131015
2025-01-25 00:00:00+00:00,-0.03962916939591621
2025-01-26 00:00:00+00:00,-0.03715848790975884
2025-01-27 00:00:00+00:00,-0.03668743406809738
2025-01-28 00:00:00+00:00,-0.035698007765865514
2025-01-29 00:00:00+00:00,-0.035418405052369706
2025-01-30 00:00:00+00:00,-0.03937512752958716
2025-01-31 00:00:00+00:00,-0.04161195508843085
2025-02-01 00:00:00+00:00,-0.040414827337795556
2025-02-02 00:00:00+00:00,-0.0384227337852141
2025-02-03 00:00:00+00:00,-0.03695260885422358
2025-02-04 00:00:00+00:00,-0.03810917206408093
2025-02-05 00:00:00+00:00,-0.03551007203541867
2025-02-06 00:00:00+00:00,-0.03364019645283001
2025-02-07 00:00:00+00:00,-0.03260019929836677
2025-02-08 00:00:00+00:00,-0.03334450836420333
2025-02-09 00:00:00+00:00,-0.03290998974863901
2025-02-10 00:00:00+00:00,-0.03271235655114291
2025-02-11 00:00:00+00:00,-0.03298725541117431
2025-02-12 00:00:00+00:00,-0.0328193855407124
2025-02-13 00:00:00+00:00,-0.03450159301371114
2025-02-14 00:00:00+00:00,-0.032840967822735045
2025-02-15 00:00:00+00:00,-0.02738935873948445
2025-02-16 00:00:00+00:00,-0.027037408900425608
2025-02-17 00:00:00+00:00,-0.029073625701022232
2025-02-18 00:00:00+00:00,-0.02678885109345941
2025-02-19 00:00:00+00:00,-0.02597275885148087
2025-02-20 00:00:00+00:00,-0.032420076021695055
2025-02-21 00:00:00+00:00,-0.036561033222278216
2025-02-22 00:00:00+00:00,-0.03630469027396377
2025-02-23 00:00:00+00:00,-0.0377258342093455
2025-02-24 00:00:00+00:00,-0.03576204591384624
2025-02-25 00:00:00+00:00,-0.03630048395283114
2025-02-26 00:00:00+00:00,-0.03223141428212006
2025-02-27 00:00:00+00:00,-0.030036244929771305
2025-02-28 00:00:00+00:00,-0.035864656767875536
2025-03-01 00:00:00+00:00,-0.03156631738168547
2025-03-02 00:00:00+00:00,-0.03032726570139399
2025-03-03 00:00:00+00:00,-0.03394393953902897
2025-03-04 00:00:00+00:00,-0.03526063432616522
2025-03-05 00:00:00+00:00,-0.03369643972211722
2025-03-06 00:00:00+00:00,-0.04052605820864197
2025-03-07 00:00:00+00:00,-0.03924411889200019
2025-03-08 00:00:00+00:00,-0.03687330905667263
2025-03-09 00:00:00+00:00,-0.03727609130922782
2025-03-10 00:00:00+00:00,-0.03736694618921421
2025-03-11 00:00:00+00:00,-0.03759912860675385
2025-03-12 00:00:00+00:00,-0.03853414854389159
2025-03-13 00:00:00+00:00,-0.04034884788350823
2025-03-14 00:00:00+00:00,-0.040438869248344056
2025-03-15 00:00:00+00:00,-0.04209906808940078
2025-03-16 00:00:00+00:00,-0.043898635018652654
2025-03-17 00:00:00+00:00,-0.044748653733656996
2025-03-18 00:00:00+00:00,-0.04434503519279487
2025-03-19 00:00:00+00:00,-0.043090648280749266
2025-03-20 00:00:00+00:00,-0.04672617377605903
2025-03-21 00:00:00+00:00,-0.045192289113656026
2025-03-22 00:00:00+00:00,-0.045178678236639014
2025-03-23 00:00:00+00:00,-0.04624285868320499
2025-03-24 00:00:00+00:00,-0.04631815057920419
2025-03-25 00:00:00+00:00,-0.04578661791841998
2025-03-26 00:00:00+00:00,-0.04551435161559303
2025-03-27 00:00:00+00:00,-0.04545340388360064
2025-03-28 00:00:00+00:00,-0.045444662090103116
2025-03-29 00:00:00+00:00,-0.04339513508146864
2025-03-30 00:00:00+00:00,-0.04245358138968447
2025-03-31 00:00:00+00:00,-0.0428849764763517
2025-04-01 00:00:00+00:00,-0.041502510238057955
2025-04-02 00:00:00+00:00,-0.04299906644467555
2025-04-03 00:00:00+00:00,-0.04085644947418943
2025-04-04 00:00:00+00:00,-0.04068517674206684
2025-04-05 00:00:00+00:00,-0.04005033939093228
2025-04-06 00:00:00+00:00,-0.04076546456359187
2025-04-07 00:00:00+00:00,-0.03736670188353597
2025-04-08 00:00:00+00:00,-0.034616422114655876
2025-04-09 00:00:00+00:00,-0.03304952588002763
2025-04-10 00:00:00+00:00,-0.03272473086352767
2025-04-11 00:00:00+00:00,-0.03149626135428163
2025-04-12 00:00:00+00:00,-0.03318898083070143
2025-04-13 00:00:00+00:00,-0.039554202733472654
2025-04-14 00:00:00+00:00,-0.04226232797562024
2025-04-15 00:00:00+00:00,-0.04051038401522933
2025-04-16 00:00:00+00:00,-0.04094783538433411
2025-04-17 00:00:00+00:00,-0.04101676107945407
2025-04-18 00:00:00+00:00,-0.04092254020555264
2025-04-19 00:00:00+00:00,-0.0403209315858063
2025-04-20 00:00:00+00:00,-0.04058638100974066
2025-04-21 00:00:00+00:00,-0.0388659641445297
2025-04-22 00:00:00+00:00,-0.03916533301155556
2025-04-23 00:00:00+00:00,-0.03890478905415018
2025-04-24 00:00:00+00:00,-0.03971476607422375
2025-04-25 00:00:00+00:00,-0.040655397050307296
2025-04-26 00:00:00+00:00,-0.040310355812669285
2025-04-27 00:00:00+00:00,-0.04045045689503479
2025-04-28 00:00:00+00:00,-0.04099326043510343
2025-04-29 00:00:00+00:00,-0.04231468041515274
2025-04-30 00:00:00+00:00,-0.04106554396291007
2025-05-01 00:00:00+00:00,-0.04124368923456212
2025-05-02 00:00:00+00:00,-0.04156180606175841
2025-05-03 00:00:00+00:00,-0.041531635116869525
2025-05-04 00:00:00+00:00,-0.04075485543239843
2025-05-05 00:00:00+00:00,-0.039767530206993196
2025-05-06 00:00:00+00:00,-0.03893550017651859
2025-05-07 00:00:00+00:00,-0.03725095094650066
2025-05-08 00:00:00+00:00,-0.03643373826768004
2025-05-09 00:00:00+00:00,-0.04433838698325021
2025-05-10 00:00:00+00:00,-0.04434316226163071
2025-05-11 00:00:00+00:00,-0.05014962440925996
2025-05-12 00:00:00+00:00,-0.04752665589548033
2025-05-13 00:00:00+00:00,-0.05191981755714947
2025-05-14 00:00:00+00:00,-0.052603733589183466
2025-05-15 00:00:00+00:00,-0.05259829858671872
2025-05-16 00:00:00+00:00,-0.046599994008275636
2025-05-17 00:00:00+00:00,-0.047107696562147305
2025-05-18 00:00:00+00:00,-0.04572813255390806
2025-05-19 00:00:00+00:00,-0.047017114058666154
2025-05-20 00:00:00+00:00,-0.0463491617285422
2025-05-21 00:00:00+00:00,-0.04198179167072946
2025-05-22 00:00:00+00:00,-0.04258640770825117
2025-05-23 00:00:00+00:00,-0.04406416556568904
2025-05-24 00:00:00+00:00,-0.04232234580602601
2025-05-25 00:00:00+00:00,-0.041696709585240965
2025-05-26 00:00:00+00:00,-0.04098995011996276
2025-05-27 00:00:00+00:00,-0.041671994934031176
2025-05-28 00:00:00+00:00,-0.04125988668199132
2025-05-29 00:00:00+00:00,-0.04104237553282453
2025-05-30 00:00:00+00:00,-0.04100971859886904
2025-05-31 00:00:00+00:00,-0.04082678511469806
2025-06-01 00:00:00+00:00,-0.04185895425332853
2025-06-02 00:00:00+00:00,-0.04179168223174545
2025-06-03 00:00:00+00:00,-0.043264162281480445
2025-06-04 00:00:00+00:00,-0.04284457082236426
2025-06-05 00:00:00+00:00,-0.04081887634028625
2025-06-06 00:00:00+00:00,-0.04076325858197771
2025-06-07 00:00:00+00:00,-0.04466658410676971
2025-06-08 00:00:00+00:00,-0.04899444162613609
2025-06-09 00:00:00+00:00,-0.0534238412440019
2025-06-10 00:00:00+00:00,-0.05409252041552015
2025-06-11 00:00:00+00:00,-0.053971257967390884
2025-06-12 00:00:00+00:00,-0.0593002172156305
2025-06-13 00:00:00+00:00,-0.05588252084015033
2025-06-14 00:00:00+00:00,-0.056313909720257294
2025-06-15 00:00:00+00:00,-0.05807734311419943
2025-06-16 00:00:00+00:00,-0.04951688672237797
2025-06-17 00:00:00+00:00,-0.05188611986549263
2025-06-18 00:00:00+00:00,-0.04568746944797586
2025-06-19 00:00:00+00:00,-0.054303846349950335
2025-06-20 00:00:00+00:00,-0.05344937199843758
2025-06-21 00:00:00+00:00,-0.052824081049355986
2025-06-22 00:00:00+00:00,-0.05052582518088633
2025-06-23 00:00:00+00:00,-0.045692968939827217
2025-06-24 00:00:00+00:00,-0.05277236565799437
2025-06-25 00:00:00+00:00,-0.05388413808979453
2025-06-26 00:00:00+00:00,-0.05337199799462822
2025-06-27 00:00:00+00:00,-0.051535514339906
2025-06-28 00:00:00+00:00,-0.051756783484197544
2025-06-29 00:00:00+00:00,-0.05267802645754249
2025-06-30 00:00:00+00:00,-0.0535871184778276
2025-07-01 00:00:00+00:00,-0.05483255412540555
2025-07-02 00:00:00+00:00,-0.05172918345813626
2025-07-03 00:00:00+00:00,-0.052669219945562396
2025-07-04 00:00:00+00:00,-0.05742101377027187
2025-07-05 00:00:00+00:00,-0.06044892183760742
2025-07-06 00:00:00+00:00,-0.06286688923785955
2025-07-07 00:00:00+00:00,-0.06030024517338484
2025-07-08 00:00:00+00:00,-0.06563133109656649
2025-07-09 00:00:00+00:00,-0.07012038985179181
2025-07-10 00:00:00+00:00,-0.0724622369565302
2025-07-11 00:00:00+00:00,-0.07171359608683714
2025-07-12 00:00:00+00:00,-0.07821431059695205
2025-07-13 00:00:00+00:00,-0.0740255400185551
2025-07-14 00:00:00+00:00,-0.06747048004675782
2025-07-15 00:00:00+00:00,-0.07172413483159612
2025-07-16 00:00:00+00:00,-0.06892757108418701
2025-07-17 00:00:00+00:00,-0.06860466201883231
2025-07-18 00:00:00+00:00,-0.07384979292962779
2025-07-19 00:00:00+00:00,-0.07712676119066098
2025-07-20 00:00:00+00:00,-0.07703537091453194
2025-07-21 00:00:00+00:00,-0.076379762948112
2025-07-22 00:00:00+00:00,-0.07760911652252045
2025-07-23 00:00:00+00:00,-0.07715886320082288
2025-07-24 00:00:00+00:00,-0.07774410394231401
2025-07-25 00:00:00+00:00,-0.07759214198545683
2025-07-26 00:00:00+00:00,-0.07894281572122008
2025-07-27 00:00:00+00:00,-0.07884043200546853
2025-07-28 00:00:00+00:00,-0.07985899764006521
2025-07-29 00:00:00+00:00,-0.07870847305716255
2025-07-30 00:00:00+00:00,-0.07868846451177425
2025-07-31 00:00:00+00:00,-0.078437608358367
2025-08-01 00:00:00+00:00,-0.07817126613867542
2025-08-02 00:00:00+00:00,-0.07997069089637998
2025-08-03 00:00:00+00:00,-0.08231521810267717
2025-08-04 00:00:00+00:00,-0.08521965694077926
2025-08-05 00:00:00+00:00,-0.08963326840878538
2025-08-06 00:00:00+00:00,-0.09206592018102322
2025-08-07 00:00:00+00:00,-0.09122706137575709
2025-08-08 00:00:00+00:00,-0.08839457484591606
2025-08-09 00:00:00+00:00,-0.08733025665456207
2025-08-10 00:00:00+00:00,-0.08862629747612982
2025-08-11 00:00:00+00:00,-0.08780976368968407
2025-08-12 00:00:00+00:00,-0.08877350778055815
2025-08-13 00:00:00+00:00,-0.08995086523352458
2025-08-14 00:00:00+00:00,-0.09004781624269143
2025-08-15 00:00:00+00:00,-0.09047585770844246
2025-08-16 00:00:00+00:00,-0.09083388119635605
2025-08-17 00:00:00+00:00,-0.09107730571078854
2025-08-18 00:00:00+00:00,-0.09067332189460742
2025-08-19 00:00:00+00:00,-0.09048282525146711
2025-08-20 00:00:00+00:00,-0.08752235801633534
2025-08-21 00:00:00+00:00,-0.08773180124785529
2025-08-22 00:00:00+00:00,-0.08666892177390662
2025-08-23 00:00:00+00:00,-0.08860414366102232
2025-08-24 00:00:00+00:00,-0.08778744050445353
2025-08-25 00:00:00+00:00,-0.0875175087313862
2025-08-26 00:00:00+00:00,-0.08612109118106337
2025-08-27 00:00:00+00:00,-0.08688767763868788
2025-08-28 00:00:00+00:00,-0.08774047730181744
2025-08-29 00:00:00+00:00,-0.08754483387090217
2025-08-30 00:00:00+00:00,-0.08628244695408138
2025-08-31 00:00:00+00:00,-0.08610067774540875
2025-09-01 00:00:00+00:00,-0.08516206183789765
2025-09-02 00:00:00+00:00,-0.08617169600541419
2025-09-03 00:00:00+00:00,-0.08683505502476485
2025-09-04 00:00:00+00:00,-0.0872269887558319
2025-09-05 00:00:00+00:00,-0.08834995897188092
2025-09-06 00:00:00+00:00,-0.09012804665001817
2025-09-07 00:00:00+00:00,-0.0923739246798636
2025-09-08 00:00:00+00:00,-0.09314985510793816
2025-09-09 00:00:00+00:00,-0.0943608057326154
2025-09-10 00:00:00+00:00,-0.09268362990208534
2025-09-11 00:00:00+00:00,-0.09258118665473092
2025-09-12 00:00:00+00:00,-0.09399529335665324
2025-09-13 00:00:00+00:00,-0.0947094556254039
2025-09-14 00:00:00+00:00,-0.0933573241226705
2025-09-15 00:00:00+00:00,-0.08937896228284514
2025-09-16 00:00:00+00:00,-0.0921641822234548
2025-09-17 00:00:00+00:00,-0.09020379429020353
2025-09-18 00:00:00+00:00,-0.09147643991231669
2025-09-19 00:00:00+00:00,-0.09119334814527313
2025-09-20 00:00:00+00:00,-0.08925983885028621
2025-09-21 00:00:00+00:00,-0.08925080983735578
2025-09-22 00:00:00+00:00,-0.08742733340941977
2025-09-23 00:00:00+00:00,-0.08892618062237045
2025-09-24 00:00:00+00:00,-0.08838782260541622
2025-09-25 00:00:00+00:00,-0.09177511894658374
2025-09-26 00:00:00+00:00,-0.08713284701118684
2025-09-27 00:00:00+00:00,-0.08710168978231114
2025-09-28 00:00:00+00:00,-0.08809159708726966
2025-09-29 00:00:00+00:00,-0.08615396322283508
2025-09-30 00:00:00+00:00,-0.08129613342445319
2025-10-01 00:00:00+00:00,-0.08386826690759763
2025-10-02 00:00:00+00:00,-0.08448902267031433
2025-10-03 00:00:00+00:00,-0.0909113132636089
2025-10-04 00:00:00+00:00,-0.09197018550414227
2025-10-05 00:00:00+00:00,-0.08884555229608881
2025-10-06 00:00:00+00:00,-0.08931584917350399
2025-10-07 00:00:00+00:00,-0.0893797607866359
2025-10-08 00:00:00+00:00,-0.08996549328121495
2025-10-09 00:00:00+00:00,-0.09025767952678831
2025-10-10 00:00:00+00:00,-0.08957569058797077
2025-10-11 00:00:00+00:00,-0.08751194355685898
2025-10-12 00:00:00+00:00,-0.08676292438221711
2025-10-13 00:00:00+00:00,-0.09020156572713445
2025-10-14 00:00:00+00:00,-0.09273054031066719
2025-10-15 00:00:00+00:00,-0.09029932541150232
2025-10-16 00:00:00+00:00,-0.08870472626313475
2025-10-17 00:00:00+00:00,-0.08809151181822106
2025-10-18 00:00:00+00:00,-0.08790809522031773
2025-10-19 00:00:00+00:00,-0.08895957356744566
2025-10-20 00:00:00+00:00,-0.0898661876497776
2025-10-21 00:00:00+00:00,-0.09186661032319399
2025-10-22 00:00:00+00:00,-0.09076809871354363
2025-10-23 00:00:00+00:00,-0.09213673042430737
2025-10-24 00:00:00+00:00,-0.0935799265114442
2025-10-25 00:00:00+00:00,-0.0946881950611298
2025-10-26 00:00:00+00:00,-0.09843935602816767
2025-10-27 00:00:00+00:00,-0.09615746765307576
2025-10-28 00:00:00+00:00,-0.09522989598965159
2025-10-29 00:00:00+00:00,-0.09472240960183642
2025-10-30 00:00:00+00:00,-0.09202715642061332
2025-10-31 00:00:00+00:00,-0.09180155745752883
2025-11-01 00:00:00+00:00,-0.09261189073885767
2025-11-02 00:00:00+00:00,-0.0921383593108267
2025-11-03 00:00:00+00:00,-0.09283300104761127
2025-11-04 00:00:00+00:00,-0.09395108130406649
2025-11-05 00:00:00+00:00,-0.08943408189972579
2025-11-06 00:00:00+00:00,-0.09120025530981701
2025-11-07 00:00:00+00:00,-0.08818202132503228
2025-11-08 00:00:00+00:00,-0.08792368543311135
2025-11-09 00:00:00+00:00,-0.08755917381621792
2025-11-10 00:00:00+00:00,-0.08847171486741545
2025-11-11 00:00:00+00:00,-0.0826466796209574
2025-11-12 00:00:00+00:00,-0.07638897162768044
2025-11-13 00:00:00+00:00,-0.07090207892911593
2025-11-14 00:00:00+00:00,-0.07387025470514064
2025-11-15 00:00:00+00:00,-0.0679451402509339
2025-11-16 00:00:00+00:00,-0.06297731823436437
2025-11-17 00:00:00+00:00,-0.05289822819640322
2025-11-18 00:00:00+00:00,-0.05356321015768617
2025-11-19 00:00:00+00:00,-0.050553789206809085
2025-11-20 00:00:00+00:00,-0.04905302063469008
2025-11-21 00:00:00+00:00,-0.04689338317798308
2025-11-22 00:00:00+00:00,-0.042095441139421874
2025-11-23 00:00:00+00:00,-0.04206538430154927
2025-11-24 00:00:00+00:00,-0.0447795814790809
2025-11-25 00:00:00+00:00,-0.05091944086500266
2025-11-26 00:00:00+00:00,-0.05030922654513581
2025-11-27 00:00:00+00:00,-0.05055921386438811
2025-11-28 00:00:00+00:00,-0.049023653460525285
2025-11-29 00:00:00+00:00,-0.047334801287368555
2025-11-30 00:00:00+00:00,-0.044491187384961384
2025-12-01 00:00:00+00:00,-0.04292380588155764
2025-12-02 00:00:00+00:00,-0.03355669079151469
2025-12-03 00:00:00+00:00,-0.034025998366615684
2025-12-04 00:00:00+00:00,-0.036936973422833974
2025-12-05 00:00:00+00:00,-0.03273883337349481
2025-12-06 00:00:00+00:00,-0.03026956475925635
2025-12-07 00:00:00+00:00,-0.029480699239736285
2025-12-08 00:00:00+00:00,-0.028919017036785566
2025-12-09 00:00:00+00:00,-0.029896577062633267
2025-12-10 00:00:00+00:00,-0.032393412903132024
2025-12-11 00:00:00+00:00,-0.03127407363807633
2025-12-12 00:00:00+00:00,-0.0309155163872068
2025-12-13 00:00:00+00:00,-0.030245695083842228
2025-12-14 00:00:00+00:00,-0.029961582313605573
2025-12-15 00:00:00+00:00,-0.028715943700181823
2025-12-16 00:00:00+00:00,-0.026531874417325962
2025-12-17 00:00:00+00:00,-0.028823956537511908
2025-12-18 00:00:00+00:00,-0.024163371980137294
2025-12-19 00:00:00+00:00,-0.022060404990001725
2025-12-20 00:00:00+00:00,-0.0287525815646964
2025-12-21 00:00:00+00:00,-0.03108519179462188
2025-12-22 00:00:00+00:00,-0.0314113891923854
2025-12-23 00:00:00+00:00,-0.030676427684258933
2025-12-24 00:00:00+00:00,-0.028874574067989767
2025-12-25 00:00:00+00:00,-0.028003081046645062
2025-12-26 00:00:00+00:00,-0.026718694086637407
2025-12-27 00:00:00+00:00,-0.027246748323730863
2025-12-28 00:00:00+00:00,-0.0274357525376534
2025-12-29 00:00:00+00:00,-0.026801268260132405
2025-12-30 00:00:00+00:00,-0.02666320234775421
2025-12-31 00:00:00+00:00,-0.028398168163928372
2026-01-01 00:00:00+00:00,-0.026305713847623036
2026-01-02 00:00:00+00:00,-0.028361551289589948
2026-01-03 00:00:00+00:00,-0.027800334525712733
2026-01-04 00:00:00+00:00,-0.027755904216981597
2026-01-05 00:00:00+00:00,-0.0321056785068321
2026-01-06 00:00:00+00:00,-0.037513371108495286
2026-01-07 00:00:00+00:00,-0.03570837968877372
2026-01-08 00:00:00+00:00,-0.03148070470449127
2026-01-09 00:00:00+00:00,-0.02952267167492162
2026-01-10 00:00:00+00:00,-0.02992750353041429
2026-01-11 00:00:00+00:00,-0.02889444059251578
2026-01-12 00:00:00+00:00,-0.025371798451421013
2026-01-13 00:00:00+00:00,-0.025683644300454223
2026-01-14 00:00:00+00:00,-0.029179859772365146
2026-01-15 00:00:00+00:00,-0.027717347440176066
2026-01-16 00:00:00+00:00,-0.021417492922228165
2026-01-17 00:00:00+00:00,-0.020132237405006026
2026-01-18 00:00:00+00:00,-0.019491158190061086
2026-01-19 00:00:00+00:00,-0.017990800604937074
2026-01-20 00:00:00+00:00,-0.0169096070302045
2026-01-21 00:00:00+00:00,-0.012361192071970839
2026-01-22 00:00:00+00:00,-0.01368590681873405
2026-01-23 00:00:00+00:00,-0.012856084518253375
2026-01-24 00:00:00+00:00,-0.013222077367186058
2026-01-25 00:00:00+00:00,-0.013221369769307545
2026-01-26 00:00:00+00:00,-0.013251442564625737
2026-01-27 00:00:00+00:00,-0.018046956940008574
2026-01-28 00:00:00+00:00,-0.020634987813960115
2026-01-29 00:00:00+00:00,-0.02058294113848469
2026-01-30 00:00:00+00:00,-0.014445020226184213
2026-01-31 00:00:00+00:00,-0.008220868418038929
2026-02-01 00:00:00+00:00,-0.0031872320596261217
2026-02-02 00:00:00+00:00,0.0002958290891221793
2026-02-03 00:00:00+00:00,-0.0018369812364014138
2026-02-04 00:00:00+00:00,-0.0009940192406883153
2026-02-05 00:00:00+00:00,0.0013180786188651261
2026-02-06 00:00:00+00:00,0.002821557060454838
2026-02-07 00:00:00+00:00,-0.007687798369893861
2026-02-08 00:00:00+00:00,-0.0060674278815483484
2026-02-09 00:00:00+00:00,-0.006026372190803819
2026-02-10 00:00:00+00:00,-0.006584570504439724
2026-02-11 00:00:00+00:00,-0.005008311148468225
2026-02-12 00:00:00+00:00,-0.004233179226554973
2026-02-13 00:00:00+00:00,-0.004234756705304488
2026-02-14 00:00:00+00:00,-0.003929021186779957
2026-02-15 00:00:00+00:00,-0.0038977861217150966
2026-02-16 00:00:00+00:00,-0.002651495557134065
2026-02-17 00:00:00+00:00,-0.003510588922330138
2026-02-18 00:00:00+00:00,-0.004223321959782034
2026-02-19 00:00:00+00:00,-0.004223430641117409
2026-02-20 00:00:00+00:00,-0.0016669220562374187
2026-02-21 00:00:00+00:00,-0.0029538635089264575
2026-02-22 00:00:00+00:00,-0.004405016068600887
2026-02-23 00:00:00+00:00,-0.0032250867642559244
2026-02-24 00:00:00+00:00,-0.0019506783374138026
2026-02-25 00:00:00+00:00,-0.0019618720690139924
2026-02-26 00:00:00+00:00,-0.007627631462984064
2026-02-27 00:00:00+00:00,-0.008758253866608667
2026-02-28 00:00:00+00:00,-0.007205223830726637
2026-03-01 00:00:00+00:00,-0.010289973186469514
2026-03-02 00:00:00+00:00,-0.008709319668794069
2026-03-03 00:00:00+00:00,0.0004274738736465
2026-03-04 00:00:00+00:00,0.0011002371115769183
2026-03-05 00:00:00+00:00,-0.004685844587303811
2026-03-06 00:00:00+00:00,-0.0019730575884453483
2026-03-07 00:00:00+00:00,0.0021551625015612252
2026-03-08 00:00:00+00:00,0.001493498889488576
2026-03-09 00:00:00+00:00,0.001059906529080612
2026-03-10 00:00:00+00:00,-0.0008343420624107312
2026-03-11 00:00:00+00:00,-0.0037944274748262785
2026-03-12 00:00:00+00:00,-0.0026753374985091227
2026-03-13 00:00:00+00:00,-0.0022730788935931834
2026-03-14 00:00:00+00:00,-0.008297319680973025
2026-03-15 00:00:00+00:00,-0.008714664023681928
2026-03-16 00:00:00+00:00,-0.012509764428427772
2026-03-17 00:00:00+00:00,-0.017928537037280257
2026-03-18 00:00:00+00:00,-0.016340544330850193
2026-03-19 00:00:00+00:00,-0.01248912641008193
2026-03-20 00:00:00+00:00,-0.009858699538878857
2026-03-21 00:00:00+00:00,-0.010240296771018786
2026-03-22 00:00:00+00:00,-0.007989698732772332
2026-03-23 00:00:00+00:00,-0.00801215763790486
2026-03-24 00:00:00+00:00,-0.01141970144493265
2026-03-25 00:00:00+00:00,-0.010096188333790779
2026-03-26 00:00:00+00:00,-0.01001603989217148
2026-03-27 00:00:00+00:00,-0.006287932196491153
2026-03-28 00:00:00+00:00,-0.003589404972130672
2026-03-29 00:00:00+00:00,-0.005326773252400385
2026-03-30 00:00:00+00:00,-0.005658746149637461
2026-03-31 00:00:00+00:00,-0.005387715676676952
2026-04-01 00:00:00+00:00,-0.007798030641626097
2026-04-02 00:00:00+00:00,-0.007518721739693923
2026-04-03 00:00:00+00:00,-0.007699571874157707
2026-04-04 00:00:00+00:00,-0.008922082875226556
2026-04-05 00:00:00+00:00,-0.008005177643892747
2026-04-06 00:00:00+00:00,-0.008906629806439303
2026-04-07 00:00:00+00:00,-0.011403396477958738
2026-04-08 00:00:00+00:00,-0.01942351799107045
2026-04-09 00:00:00+00:00,-0.017638473818134548
2026-04-10 00:00:00+00:00,-0.018302541309533238
2026-04-11 00:00:00+00:00,-0.020321162447933916
2026-04-12 00:00:00+00:00,-0.019557480567833796
2026-04-13 00:00:00+00:00,-0.015478724313597647
2026-04-14 00:00:00+00:00,-0.02026322292028271
2026-04-15 00:00:00+00:00,-0.018942236700573267
2026-04-16 00:00:00+00:00,-0.018994465890888823
2026-04-17 00:00:00+00:00,-0.02693887756508684
2026-04-18 00:00:00+00:00,-0.028970899964433472
2026-04-19 00:00:00+00:00,-0.02452530684332388
2026-04-20 00:00:00+00:00,-0.021229035013039632
2026-04-21 00:00:00+00:00,-0.02368744748988616
2026-04-22 00:00:00+00:00,-0.02435604617672893
2026-04-23 00:00:00+00:00,-0.02219140342800674
2026-04-24 00:00:00+00:00,-0.02289159577765887
2026-04-25 00:00:00+00:00,-0.023161791989067093
2026-04-26 00:00:00+00:00,-0.02269875354182982
2026-04-27 00:00:00+00:00,-0.023244177581973946
2026-04-28 00:00:00+00:00,-0.018951556632140876
2026-04-29 00:00:00+00:00,-0.01622187039770906
2026-04-30 00:00:00+00:00,-0.01593657366078627
2026-05-01 00:00:00+00:00,-0.016562111981378802
2026-05-02 00:00:00+00:00,-0.01818136936981707
2026-05-03 00:00:00+00:00,-0.01912094510110518
2026-05-04 00:00:00+00:00,-0.01919879624313836
2026-05-05 00:00:00+00:00,-0.020834591935287805
2026-05-06 00:00:00+00:00,-0.023751898088271273
2026-05-07 00:00:00+00:00,-0.02601146201185922
2026-05-08 00:00:00+00:00,-0.02310896800538631
2026-05-09 00:00:00+00:00,-0.01934592571206606
2026-05-10 00:00:00+00:00,-0.018871330468098413
2026-05-11 00:00:00+00:00,-0.02549197180243934
2026-05-12 00:00:00+00:00,-0.027868248980477572
2026-05-13 00:00:00+00:00,-0.019190472240205758
2026-05-14 00:00:00+00:00,-0.01721675946076351
2026-05-15 00:00:00+00:00,-0.028828098929611135
2026-05-16 00:00:00+00:00,-0.028725869687517003
2026-05-17 00:00:00+00:00,-0.027013268112406452
2026-05-18 00:00:00+00:00,-0.025134464275501256
2026-05-19 00:00:00+00:00,-0.023693296379937667
2026-05-20 00:00:00+00:00,-0.021931666844140496
2026-05-21 00:00:00+00:00,-0.021166469722092462
2026-05-22 00:00:00+00:00,-0.02115785385612079
2026-05-23 00:00:00+00:00,-0.01799846962368934
2026-05-24 00:00:00+00:00,-0.016948832111630896
2026-05-25 00:00:00+00:00,-0.01611603593946076
2026-05-26 00:00:00+00:00,-0.016730413352423867
2026-05-27 00:00:00+00:00,-0.015763443022810297
2026-05-28 00:00:00+00:00,-0.014227707318070215
2026-05-29 00:00:00+00:00,-0.015547420466821005
2026-05-30 00:00:00+00:00,-0.01725258233084881
2026-05-31 00:00:00+00:00,-0.019372104046633032
2026-06-01 00:00:00+00:00,-0.017843841349462597
2026-06-02 00:00:00+00:00,-0.01479125142557891
2026-06-03 00:00:00+00:00,-0.014517236538229117
2026-06-04 00:00:00+00:00,-0.012479398341128989
2026-06-05 00:00:00+00:00,-0.008663129357822208
2026-06-06 00:00:00+00:00,-0.005299273773245572
2026-06-07 00:00:00+00:00,0.0027883659866545507
2026-06-08 00:00:00+00:00,-0.0019584164585725317
2026-06-09 00:00:00+00:00,0.0004870421360241295
2026-06-10 00:00:00+00:00,0.005271628393460848
2026-06-11 00:00:00+00:00,0.008170379901653924
2026-06-12 00:00:00+00:00,0.0042987082517196296
2026-06-13 00:00:00+00:00,0.001926861243846112
2026-06-14 00:00:00+00:00,-0.0007127247176705875
2026-06-15 00:00:00+00:00,-0.003230163518694318
2026-06-16 00:00:00+00:00,-0.007533089078845312
2026-06-17 00:00:00+00:00,-0.0036839409879905194
2026-06-18 00:00:00+00:00,-0.0043293852562272805
2026-06-19 00:00:00+00:00,-0.0004997872737582121
2026-06-20 00:00:00+00:00,2.348848178823637e-05
2026-06-21 00:00:00+00:00,-0.002408015610820824
2026-06-22 00:00:00+00:00,-0.003570231549627656
2026-06-23 00:00:00+00:00,-0.009409859201552018
2026-06-24 00:00:00+00:00,-0.0026460736625883996
2026-06-25 00:00:00+00:00,-0.0014405835698696468
2026-06-26 00:00:00+00:00,0.0002456514311213187
2026-06-27 00:00:00+00:00,-0.003325506429376346
2026-06-28 00:00:00+00:00,-0.0018432621397140858
2026-06-29 00:00:00+00:00,-0.0018467681896053856
2026-06-30 00:00:00+00:00,-0.001322644462082856
2026-07-01 00:00:00+00:00,6.361050414627201e-06
2026-07-02 00:00:00+00:00,-0.00381284388815728
2026-07-03 00:00:00+00:00,-0.003241337233218289
2026-07-04 00:00:00+00:00,-0.0059451472696900876
2026-07-05 00:00:00+00:00,-0.007694245005049338
2026-07-06 00:00:00+00:00,-0.007669845738117909
2026-07-07 00:00:00+00:00,-0.004505912582010718
2026-07-08 00:00:00+00:00,-0.0020270001558247985
2026-07-09 00:00:00+00:00,0.0013295862376501155
2026-07-10 00:00:00+00:00,0.004966406258156031
2026-07-11 00:00:00+00:00,0.00416579953067675
2026-07-12 00:00:00+00:00,0.014922677988688848
2026-07-13 00:00:00+00:00,0.015894106324331192
2026-07-14 00:00:00+00:00,0.0203742353737828
2026-07-15 00:00:00+00:00,0.024189678697615236
2026-07-16 00:00:00+00:00,0.022738784015504443
2026-07-17 00:00:00+00:00,0.02930488818646415
2026-07-18 00:00:00+00:00,0.03951477367227407
2026-07-19 00:00:00+00:00,0.0375155885338041
2026-07-20 00:00:00+00:00,0.03724615349703142
2026-07-21 00:00:00+00:00,0.037652926429039724
2026-07-22 00:00:00+00:00,0.03498604177252895
2026-07-23 00:00:00+00:00,0.0352806745552352
2026-07-24 00:00:00+00:00,0.040024249490825614
2026-07-25 00:00:00+00:00,0.04209240002014214
2026-07-26 00:00:00+00:00,0.04123842480774287
2026-07-27 00:00:00+00:00,0.04130755762777083
2026-07-28 00:00:00+00:00,0.04751386164797666
2026-07-29 00:00:00+00:00,0.04588608916610082
2026-07-30 00:00:00+00:00,0.04526438846275993
2026-07-31 00:00:00+00:00,0.04375053737129053
2026-08-01 00:00:00+00:00,0.046137870204993714
2026-08-02 00:00:00+00:00,0.04579669816838816
2026-08-03 00:00:00+00:00,0.04472917661435316
2026-08-04 00:00:00+00:00,0.048703690272237754
2026-08-05 00:00:00+00:00,0.05116363257670131
2026-08-06 00:00:00+00:00,0.050719656952873615
2026-08-07 00:00:00+00:00,0.05427387720783683
2026-08-08 00:00:00+00:00,0.0618203462984559
2026-08-09 00:00:00+00:00,0.059521394744402434
2026-08-10 00:00:00+00:00,0.05982085163978801
2026-08-11 00:00:00+00:00,0.06138469295380755
2026-08-12 00:00:00+00:00,0.062028276674819915
2026-08-13 00:00:00+00:00,0.06659982306800405
2026-08-14 00:00:00+00:00,0.06623769481088182
2026-08-15 00:00:00+00:00,0.06766289919916102
2026-08-16 00:00:00+00:00,0.06713959630138211
2026-08-17 00:00:00+00:00,0.06882880101578137
2026-08-18 00:00:00+00:00,0.06839701320829472
2026-08-19 00:00:00+00:00,0.06803891302892806
2026-08-20 00:00:00+00:00,0.05495917664410799
2026-08-21 00:00:00+00:00,0.04447915124212254
2026-08-22 00:00:00+00:00,0.03526971561278458
2026-08-23 00:00:00+00:00,0.03525998288946308
2026-08-24 00:00:00+00:00,0.03350293269955196
2026-08-25 00:00:00+00:00,0.034422056529459955
2026-08-26 00:00:00+00:00,0.03425978288214915
2026-08-27 00:00:00+00:00,0.03462748567132379
2026-08-28 00:00:00+00:00,0.03338362361978309
2026-08-29 00:00:00+00:00,0.03331718267351125
2026-08-30 00:00:00+00:00,0.031126215598437756
2026-08-31 00:00:00+00:00,0.03238323748704297
2026-09-01 00:00:00+00:00,0.030668407530629826
