week_start_epoch,net_return
1630886400,-0.020306236475406303
1631491200,-0.0008018891387442384
1632096000,-0.013840585556053053
1632700800,-0.009833125803561105
1633305600,-0.00040732797838516355
1633910400,0.02426181412804307
1634515200,-0.005806238616532178
1635120000,0.02452035293442556
1635724800,0.024781923511613346
1636329600,-0.0039016020816925456
1636934400,-0.009735853948231621
1637539200,-0.01700114640217021
1638144000,0.015447461207446223
1638748800,-0.019003386984436932
1639353600,0.0012415248230894793
1639958400,-0.009775749962675162
1640563200,-0.011612359792104954
1641168000,0.02820772418406614
1641772800,0.0026637399527076333
1642377600,0.028086697948575434
1642982400,-0.030087813886959247
1643587200,0.007584152993498572
1644192000,-0.025917119175907333
1644796800,0.0058805223960936015
1645401600,-0.0258445821580765
1646006400,-0.02150992256125328
1646611200,-0.00026129440674060866
1647216000,-0.00990238499996976
1647820800,-0.0036518524387190165
1648425600,-0.03286346737186141
1649030400,-0.017514301200289184
1649635200,0.00693635435363249
1650240000,-0.015346796343754354
1650844800,0.002043200545055024
1651449600,0.021315462096939353
1652054400,-0.004509776915162411
1652659200,0.002113758882663408
1653264000,-0.009872052946175769
1653868800,0.012182051865728738
1654473600,0.02753943364014866
1655078400,-0.01089742712562003
1655683200,-0.0029118365113116607
1656288000,-0.01062527005079228
1656892800,-0.000674690654487109
1657497600,-0.008579312098130232
1658102400,-0.03368220591630766
1658707200,-0.014018491274492617
1659312000,0.0
1659916800,-0.03783631835937107
1660521600,-0.004291415437761792
1661126400,-0.018887539733277947
1661731200,-0.0042632057475123775
1662336000,0.007051748465580321
1662940800,0.008655982789271155
1663545600,-0.04242485966251641
1664150400,-0.021435829110858062
1664755200,-0.012535464200411295
1665360000,0.00010513036054637936
1665964800,-0.02502257421536258
1666569600,0.027344656000824807
1667174400,-0.017262874231508074
1667779200,-0.013764604717543816
1668384000,-0.0004217485255993969
1668988800,-0.0035349325183917646
1669593600,0.0020164899150749704
1670198400,-0.006974495273774695
1670803200,0.02198793494740814
1671408000,-0.01238830928024548
1672012800,-0.01825466053192981
1672617600,-0.01928405267487343
1673222400,0.052658360376409696
1673827200,-0.03375369406848017
1674432000,-0.032757132292506874
1675036800,-0.04230584274995297
1675641600,-0.012831658464371731
1676246400,0.003972018846718495
1676851200,0.003191304868473299
1677456000,-0.010382533382837233
1678060800,-0.01600243569502302
1678665600,0.02930427846145056
1679270400,0.0023292068498643737
1679875200,-0.016728694130733968
1680480000,-0.007546328319291473
1681084800,0.0075547314483597194
1681689600,0.02386937272878953
1682294400,0.022803184135927745
1682899200,-0.01616407905559203
1683504000,0.0034150108599664275
1684108800,-0.012879300136544702
1684713600,0.005012247199240205
1685318400,-0.016453848617032474
1685923200,0.015890710523426055
1686528000,0.00040368989127670396
1687132800,0.041088877243889765
1687737600,-0.020818041433996348
1688342400,-0.007759618083125863
1688947200,0.004193954804786015
1689552000,-0.011403855697162069
1690156800,-0.0065184639047799475
1690761600,-0.022254644375891974
1691366400,-0.01925087002282344
1691971200,0.010750074443796276
1692576000,0.01183456956402118
1693180800,0.006872151737703502
1693785600,-0.014699243529155415
1694390400,0.004553879183554432
1694995200,0.0071399957367079825
1695600000,-0.003698303265716074
1696204800,0.011432594941585661
1696809600,-0.006745589558263765
1697414400,0.014129686596598301
1698019200,0.04686507162687081
1698624000,-0.0008714611101879877
1699228800,0.01255361789884768
1699833600,0.013063462764693501
1700438400,0.010536224341740619
1701043200,0.001531965183706685
1701648000,0.036283347798733656
1702252800,0.00611043816181156
1702857600,0.013549032233473701
1703462400,-0.015937238370983042
1704067200,0.03783864862885156
1704672000,0.00907417107632802
1705276800,-0.015303270166987293
1705881600,-0.013277972039482222
1706486400,0.0039008750226123823
1707091200,0.005859795549372437
1707696000,-0.013701740087032177
1708300800,-0.009260453688467174
1708905600,0.021727676842294708
1709510400,-0.02798125345254232
1710115200,0.010469463154689107
1710720000,0.018124468318068354
1711324800,-0.009152984443317247
1711929600,0.005043907212526566
1712534400,-0.03643903675363913
1713139200,0.00473440607504183
1713744000,-0.018751695367712484
1714348800,0.0046233712908823055
1714953600,0.019384053519035493
1715558400,0.0024114184179613307
1716163200,0.013644315339221391
1716768000,-0.004274397835133947
1717372800,-0.023605015014501518
1717977600,0.0038629287529907685
1718582400,0.038551610668912106
1719187200,0.019796118910385463
1719792000,0.057779953761106784
1720396800,-0.00986423762311095
1721001600,0.012958212488181298
1721606400,-0.010843586300875785
1722211200,-0.005188549022278055
1722816000,0.011355353288039272
1723420800,0.00019313194199233052
1724025600,-0.00033595456179691396
1724630400,-0.00941036450529431
1725235200,0.014830452845234543
1725840000,-0.009879146479373602
1726444800,-0.017080190445865062
1727049600,0.016079118546721727
1727654400,-0.00786353356075431
1728259200,-0.04609631748475129
1728864000,-0.009319397726166967
1729468800,-0.005258468382408066
1730073600,0.004896929452114174
1730678400,0.049177095221489386
1731283200,0.022419021807121853
1731888000,0.00564282464921817
1732492800,0.008693917164303233
1733097600,0.008314541931881747
1733702400,0.022462313054780747
1734307200,-0.04809829327323201
1734912000,0.01612544221456269
1735516800,-0.004459545718815794
1736121600,0.008140749585641371
1736726400,-0.011017115178425962
1737331200,-0.041145285868923964
1737936000,-0.022001267834861227
1738540800,-0.01599219047552991
1739145600,-0.005224777071810238
1739750400,-0.01780367880524436
1740355200,0.03577457993810906
1740960000,-0.00032686063236953
1741564800,-0.010394510667750767
1742169600,-0.009512880308537697
1742774400,0.016324052318799964
1743379200,-0.0007380719754813692
1743984000,-0.008923662221557604
1744588800,-0.0003090142123007844
1745193600,0.01713164907769249
1745798400,0.015948497727662492
1746403200,0.03105974742958928
1747008000,0.028684551403511227
1747612800,-0.01053333906355114
1748217600,-0.0067697539011652985
1748822400,0.005579933382711566
1749427200,0.00563820497819667
1750032000,0.011152997454958014
1750636800,0.0025171127147896044
1751241600,0.0029979003541695803
1751846400,0.025570054845693635
1752451200,-0.04975275450488448
1753056000,-0.019604194963298904
1753660800,-0.033924320990348145
1754265600,0.011300711321332813
1754870400,-0.031246799369691547
1755475200,0.0003680272893933356
1756080000,0.022744349238851713
1756684800,-0.012381597759590357
1757289600,-0.014540170529879548
1757894400,-0.022572468663935807
1758499200,-0.015476366285347654
1759104000,0.009715596021932615
1759708800,-0.01025499133298624
1760313600,-0.0021349760776504523
1760918400,-0.009753217355315091
1761523200,-0.015341871003431318
1762128000,0.010494986510138249
1762732800,0.023964787594307646
1763337600,-0.005671090216130992
1763942400,-0.028901637153383897
1764547200,0.006302743046799453
1765152000,-0.0022393782971281695
1765756800,-0.006003710784063254
1766361600,-0.019323049247904622
1766966400,-0.022693893110010688
1767571200,-0.028743348503986743
1768176000,-0.00933453838729259
1768780800,0.01635793687644216
1769385600,0.019182034534688697
1769990400,0.0036894361983865753
1770595200,-0.012551764992987935
1771200000,-0.0002124699776459016
1771804800,-0.022841625274374056
1772409600,-0.003127776861819531
1773014400,-0.0002603482691851955
1773619200,-0.004191027215969423
1774224000,-0.006445967222672766
1774828800,-0.020060511850453544
1775433600,-0.01129021775719563
1776038400,-0.00022612270424815506
1776643200,0.009756061829543139
1777248000,-0.010624261253867395
1777852800,-0.03195957170547148
1778457600,0.004476817825306956
1779062400,-0.04246927264480993
1779667200,-0.019824570480693637
1780272000,0.058859859691467786
1780876800,-0.009624199323625682
1781481600,-0.003267246763116183
1782086400,-0.018266795100314814
1782691200,-0.018162142338455922
1783296000,-0.0006888037386352241
1783900800,-0.00296951290453229
1784505600,-0.001898129041657981
1785110400,-8.506180889955584e-05
1785715200,-0.01923431054438951
1786320000,-0.012633387262670492
1786924800,0.041751444746205735
1787529600,-0.02752355089219405
