timestamp,equity
2021-09-01 00:00:00+00:00,10000.0
2021-09-02 00:00:00+00:00,10000.0
2021-09-03 00:00:00+00:00,10000.0
2021-09-04 00:00:00+00:00,10000.0
2021-09-05 00:00:00+00:00,10000.0
2021-09-06 00:00:00+00:00,10000.0
2021-09-07 00:00:00+00:00,10000.0
2021-09-08 00:00:00+00:00,10000.0
2021-09-09 00:00:00+00:00,10000.0
2021-09-10 00:00:00+00:00,10000.0
2021-09-11 00:00:00+00:00,10000.0
2021-09-12 00:00:00+00:00,10000.0
2021-09-13 00:00:00+00:00,10000.0
2021-09-14 00:00:00+00:00,10000.0
2021-09-15 00:00:00+00:00,10000.0
2021-09-16 00:00:00+00:00,10000.0
2021-09-17 00:00:00+00:00,10000.0
2021-09-18 00:00:00+00:00,10000.0
2021-09-19 00:00:00+00:00,10000.0
2021-09-20 00:00:00+00:00,10000.0
2021-09-21 00:00:00+00:00,10000.0
2021-09-22 00:00:00+00:00,10000.0
2021-09-23 00:00:00+00:00,10000.0
2021-09-24 00:00:00+00:00,10000.0
2021-09-25 00:00:00+00:00,10000.0
2021-09-26 00:00:00+00:00,10000.0
2021-09-27 00:00:00+00:00,10000.0
2021-09-28 00:00:00+00:00,10000.0
2021-09-29 00:00:00+00:00,10000.0
2021-09-30 00:00:00+00:00,10000.0
2021-10-01 00:00:00+00:00,10000.0
2021-10-02 00:00:00+00:00,10000.0
2021-10-03 00:00:00+00:00,10000.0
2021-10-04 00:00:00+00:00,10000.0
2021-10-05 00:00:00+00:00,10000.0
2021-10-06 00:00:00+00:00,10000.0
2021-10-07 00:00:00+00:00,10000.0
2021-10-08 00:00:00+00:00,10000.0
2021-10-09 00:00:00+00:00,10000.0
2021-10-10 00:00:00+00:00,9987.413416090314
2021-10-11 00:00:00+00:00,9657.444509505502
2021-10-12 00:00:00+00:00,9657.444509505502
2021-10-13 00:00:00+00:00,9657.444509505502
2021-10-14 00:00:00+00:00,9657.444509505502
2021-10-15 00:00:00+00:00,9657.444509505502
2021-10-16 00:00:00+00:00,9657.444509505502
2021-10-17 00:00:00+00:00,9657.444509505502
2021-10-18 00:00:00+00:00,9657.444509505502
2021-10-19 00:00:00+00:00,9657.444509505502
2021-10-20 00:00:00+00:00,9657.444509505502
2021-10-21 00:00:00+00:00,9657.444509505502
2021-10-22 00:00:00+00:00,9657.444509505502
2021-10-23 00:00:00+00:00,9657.444509505502
2021-10-24 00:00:00+00:00,9657.444509505502
2021-10-25 00:00:00+00:00,9657.444509505502
2021-10-26 00:00:00+00:00,9657.444509505502
2021-10-27 00:00:00+00:00,9657.444509505502
2021-10-28 00:00:00+00:00,9657.444509505502
2021-10-29 00:00:00+00:00,9657.444509505502
2021-10-30 00:00:00+00:00,9657.444509505502
2021-10-31 00:00:00+00:00,9657.444509505502
2021-11-01 00:00:00+00:00,9657.444509505502
2021-11-02 00:00:00+00:00,9657.444509505502
2021-11-03 00:00:00+00:00,9657.444509505502
2021-11-04 00:00:00+00:00,10317.1060631055
2021-11-05 00:00:00+00:00,10317.1060631055
2021-11-06 00:00:00+00:00,10317.1060631055
2021-11-07 00:00:00+00:00,10317.1060631055
2021-11-08 00:00:00+00:00,10137.013570105499
2021-11-09 00:00:00+00:00,10642.611370313733
2021-11-10 00:00:00+00:00,10533.886286805186
2021-11-11 00:00:00+00:00,10318.178135030226
2021-11-12 00:00:00+00:00,10318.178135030226
2021-11-13 00:00:00+00:00,10318.178135030226
2021-11-14 00:00:00+00:00,10318.178135030226
2021-11-15 00:00:00+00:00,10318.178135030226
2021-11-16 00:00:00+00:00,10318.178135030226
2021-11-17 00:00:00+00:00,10114.623575630227
2021-11-18 00:00:00+00:00,10114.623575630227
2021-11-19 00:00:00+00:00,9915.768069930227
2021-11-20 00:00:00+00:00,9721.490552547932
2021-11-21 00:00:00+00:00,9721.490552547932
2021-11-22 00:00:00+00:00,9721.490552547932
2021-11-23 00:00:00+00:00,9721.490552547932
2021-11-24 00:00:00+00:00,9721.490552547932
2021-11-25 00:00:00+00:00,9721.490552547932
2021-11-26 00:00:00+00:00,9721.490552547932
2021-11-27 00:00:00+00:00,9616.212991320737
2021-11-28 00:00:00+00:00,9521.276584304156
2021-11-29 00:00:00+00:00,9521.276584304156
2021-11-30 00:00:00+00:00,9521.276584304156
2021-12-01 00:00:00+00:00,9521.276584304156
2021-12-02 00:00:00+00:00,9521.276584304156
2021-12-03 00:00:00+00:00,9521.276584304156
2021-12-04 00:00:00+00:00,9474.540047624158
2021-12-05 00:00:00+00:00,10206.773710516449
2021-12-06 00:00:00+00:00,10206.773710516449
2021-12-07 00:00:00+00:00,10206.773710516449
2021-12-08 00:00:00+00:00,10206.773710516449
2021-12-09 00:00:00+00:00,10206.773710516449
2021-12-10 00:00:00+00:00,10206.773710516449
2021-12-11 00:00:00+00:00,10206.773710516449
2021-12-12 00:00:00+00:00,10206.773710516449
2021-12-13 00:00:00+00:00,10206.773710516449
2021-12-14 00:00:00+00:00,10206.773710516449
2021-12-15 00:00:00+00:00,10206.773710516449
2021-12-16 00:00:00+00:00,10206.773710516449
2021-12-17 00:00:00+00:00,10206.773710516449
2021-12-18 00:00:00+00:00,10206.773710516449
2021-12-19 00:00:00+00:00,10206.773710516449
2021-12-20 00:00:00+00:00,10206.773710516449
2021-12-21 00:00:00+00:00,10206.773710516449
2021-12-22 00:00:00+00:00,10206.773710516449
2021-12-23 00:00:00+00:00,10206.773710516449
2021-12-24 00:00:00+00:00,10206.773710516449
2021-12-25 00:00:00+00:00,10206.773710516449
2021-12-26 00:00:00+00:00,10206.773710516449
2021-12-27 00:00:00+00:00,10206.773710516449
2021-12-28 00:00:00+00:00,10206.773710516449
2021-12-29 00:00:00+00:00,10006.65304061645
2021-12-30 00:00:00+00:00,9951.66006361645
2021-12-31 00:00:00+00:00,9951.66006361645
2022-01-01 00:00:00+00:00,9951.66006361645
2022-01-02 00:00:00+00:00,9951.66006361645
2022-01-03 00:00:00+00:00,9951.66006361645
2022-01-04 00:00:00+00:00,9951.66006361645
2022-01-05 00:00:00+00:00,9951.66006361645
2022-01-06 00:00:00+00:00,10645.304063616451
2022-01-07 00:00:00+00:00,10645.304063616451
2022-01-08 00:00:00+00:00,10645.304063616451
2022-01-09 00:00:00+00:00,10437.160992416453
2022-01-10 00:00:00+00:00,10437.160992416453
2022-01-11 00:00:00+00:00,10252.943369666455
2022-01-12 00:00:00+00:00,10252.943369666455
2022-01-13 00:00:00+00:00,10252.943369666455
2022-01-14 00:00:00+00:00,10252.943369666455
2022-01-15 00:00:00+00:00,10252.943369666455
2022-01-16 00:00:00+00:00,10252.943369666455
2022-01-17 00:00:00+00:00,10252.943369666455
2022-01-18 00:00:00+00:00,10252.943369666455
2022-01-19 00:00:00+00:00,10252.943369666455
2022-01-20 00:00:00+00:00,10252.943369666455
2022-01-21 00:00:00+00:00,10252.943369666455
2022-01-22 00:00:00+00:00,10046.705169605035
2022-01-23 00:00:00+00:00,10046.705169605035
2022-01-24 00:00:00+00:00,10046.705169605035
2022-01-25 00:00:00+00:00,10046.705169605035
2022-01-26 00:00:00+00:00,10046.705169605035
2022-01-27 00:00:00+00:00,10046.705169605035
2022-01-28 00:00:00+00:00,10046.705169605035
2022-01-29 00:00:00+00:00,10046.705169605035
2022-01-30 00:00:00+00:00,10046.705169605035
2022-01-31 00:00:00+00:00,10046.705169605035
2022-02-01 00:00:00+00:00,10046.705169605035
2022-02-02 00:00:00+00:00,10046.705169605035
2022-02-03 00:00:00+00:00,10046.705169605035
2022-02-04 00:00:00+00:00,10046.705169605035
2022-02-05 00:00:00+00:00,10046.705169605035
2022-02-06 00:00:00+00:00,10046.705169605035
2022-02-07 00:00:00+00:00,10046.705169605035
2022-02-08 00:00:00+00:00,10046.705169605035
2022-02-09 00:00:00+00:00,9847.6806414132
2022-02-10 00:00:00+00:00,9847.6806414132
2022-02-11 00:00:00+00:00,9847.6806414132
2022-02-12 00:00:00+00:00,9847.6806414132
2022-02-13 00:00:00+00:00,9653.5450996632
2022-02-14 00:00:00+00:00,9653.5450996632
2022-02-15 00:00:00+00:00,9653.5450996632
2022-02-16 00:00:00+00:00,9653.5450996632
2022-02-17 00:00:00+00:00,9653.5450996632
2022-02-18 00:00:00+00:00,9653.5450996632
2022-02-19 00:00:00+00:00,9653.5450996632
2022-02-20 00:00:00+00:00,9653.5450996632
2022-02-21 00:00:00+00:00,9653.5450996632
2022-02-22 00:00:00+00:00,9653.5450996632
2022-02-23 00:00:00+00:00,9653.5450996632
2022-02-24 00:00:00+00:00,9653.5450996632
2022-02-25 00:00:00+00:00,9461.57909359465
2022-02-26 00:00:00+00:00,9461.57909359465
2022-02-27 00:00:00+00:00,9461.57909359465
2022-02-28 00:00:00+00:00,9461.57909359465
2022-03-01 00:00:00+00:00,9461.57909359465
2022-03-02 00:00:00+00:00,9461.57909359465
2022-03-03 00:00:00+00:00,9461.57909359465
2022-03-04 00:00:00+00:00,9461.57909359465
2022-03-05 00:00:00+00:00,9461.57909359465
2022-03-06 00:00:00+00:00,9461.57909359465
2022-03-07 00:00:00+00:00,9461.57909359465
2022-03-08 00:00:00+00:00,9461.57909359465
2022-03-09 00:00:00+00:00,9461.57909359465
2022-03-10 00:00:00+00:00,9461.57909359465
2022-03-11 00:00:00+00:00,9461.57909359465
2022-03-12 00:00:00+00:00,9461.57909359465
2022-03-13 00:00:00+00:00,9461.57909359465
2022-03-14 00:00:00+00:00,9461.57909359465
2022-03-15 00:00:00+00:00,9461.57909359465
2022-03-16 00:00:00+00:00,9461.57909359465
2022-03-17 00:00:00+00:00,9461.57909359465
2022-03-18 00:00:00+00:00,9461.57909359465
2022-03-19 00:00:00+00:00,9461.57909359465
2022-03-20 00:00:00+00:00,9461.57909359465
2022-03-21 00:00:00+00:00,9461.57909359465
2022-03-22 00:00:00+00:00,9277.317838394649
2022-03-23 00:00:00+00:00,9206.33436599465
2022-03-24 00:00:00+00:00,9206.33436599465
2022-03-25 00:00:00+00:00,9206.33436599465
2022-03-26 00:00:00+00:00,9206.33436599465
2022-03-27 00:00:00+00:00,9206.33436599465
2022-03-28 00:00:00+00:00,9206.33436599465
2022-03-29 00:00:00+00:00,9027.13287454465
2022-03-30 00:00:00+00:00,9027.13287454465
2022-03-31 00:00:00+00:00,9027.13287454465
2022-04-01 00:00:00+00:00,9027.13287454465
2022-04-02 00:00:00+00:00,9027.13287454465
2022-04-03 00:00:00+00:00,9027.13287454465
2022-04-04 00:00:00+00:00,9027.13287454465
2022-04-05 00:00:00+00:00,9027.13287454465
2022-04-06 00:00:00+00:00,9027.13287454465
2022-04-07 00:00:00+00:00,9027.13287454465
2022-04-08 00:00:00+00:00,9027.13287454465
2022-04-09 00:00:00+00:00,8993.914098984651
2022-04-10 00:00:00+00:00,8969.190595786968
2022-04-11 00:00:00+00:00,8969.190595786968
2022-04-12 00:00:00+00:00,8883.068012887039
2022-04-13 00:00:00+00:00,8883.068012887039
2022-04-14 00:00:00+00:00,8883.068012887039
2022-04-15 00:00:00+00:00,8883.068012887039
2022-04-16 00:00:00+00:00,8883.068012887039
2022-04-17 00:00:00+00:00,8883.068012887039
2022-04-18 00:00:00+00:00,8883.068012887039
2022-04-19 00:00:00+00:00,8711.048825644268
2022-04-20 00:00:00+00:00,8711.048825644268
2022-04-21 00:00:00+00:00,8711.048825644268
2022-04-22 00:00:00+00:00,8711.048825644268
2022-04-23 00:00:00+00:00,8711.048825644268
2022-04-24 00:00:00+00:00,8711.048825644268
2022-04-25 00:00:00+00:00,8711.048825644268
2022-04-26 00:00:00+00:00,8671.532187365678
2022-04-27 00:00:00+00:00,8496.807065115678
2022-04-28 00:00:00+00:00,8414.731670651174
2022-04-29 00:00:00+00:00,8414.731670651174
2022-04-30 00:00:00+00:00,8414.731670651174
2022-05-01 00:00:00+00:00,8387.653557401174
2022-05-02 00:00:00+00:00,8250.21596461362
2022-05-03 00:00:00+00:00,8250.21596461362
2022-05-04 00:00:00+00:00,8250.21596461362
2022-05-05 00:00:00+00:00,8250.21596461362
2022-05-06 00:00:00+00:00,8267.609253923622
2022-05-07 00:00:00+00:00,8047.180408214956
2022-05-08 00:00:00+00:00,8047.180408214956
2022-05-09 00:00:00+00:00,8047.180408214956
2022-05-10 00:00:00+00:00,8619.501077464955
2022-05-11 00:00:00+00:00,8508.033577964954
2022-05-12 00:00:00+00:00,8314.22233076466
2022-05-13 00:00:00+00:00,8314.22233076466
2022-05-14 00:00:00+00:00,8314.22233076466
2022-05-15 00:00:00+00:00,8314.22233076466
2022-05-16 00:00:00+00:00,8314.22233076466
2022-05-17 00:00:00+00:00,8314.22233076466
2022-05-18 00:00:00+00:00,8314.22233076466
2022-05-19 00:00:00+00:00,8314.22233076466
2022-05-20 00:00:00+00:00,8314.22233076466
2022-05-21 00:00:00+00:00,8314.22233076466
2022-05-22 00:00:00+00:00,8314.22233076466
2022-05-23 00:00:00+00:00,8314.22233076466
2022-05-24 00:00:00+00:00,8314.22233076466
2022-05-25 00:00:00+00:00,8314.22233076466
2022-05-26 00:00:00+00:00,8314.22233076466
2022-05-27 00:00:00+00:00,8314.22233076466
2022-05-28 00:00:00+00:00,8314.22233076466
2022-05-29 00:00:00+00:00,8314.22233076466
2022-05-30 00:00:00+00:00,8314.22233076466
2022-05-31 00:00:00+00:00,8314.22233076466
2022-06-01 00:00:00+00:00,8314.22233076466
2022-06-02 00:00:00+00:00,8314.22233076466
2022-06-03 00:00:00+00:00,8314.22233076466
2022-06-04 00:00:00+00:00,8314.22233076466
2022-06-05 00:00:00+00:00,8314.22233076466
2022-06-06 00:00:00+00:00,8314.22233076466
2022-06-07 00:00:00+00:00,8314.22233076466
2022-06-08 00:00:00+00:00,8314.22233076466
2022-06-09 00:00:00+00:00,8314.22233076466
2022-06-10 00:00:00+00:00,8314.22233076466
2022-06-11 00:00:00+00:00,8403.37925477466
2022-06-12 00:00:00+00:00,8873.766985132614
2022-06-13 00:00:00+00:00,8873.766985132614
2022-06-14 00:00:00+00:00,8825.51124856286
2022-06-15 00:00:00+00:00,8653.370048562861
2022-06-16 00:00:00+00:00,8653.370048562861
2022-06-17 00:00:00+00:00,8653.370048562861
2022-06-18 00:00:00+00:00,8653.370048562861
2022-06-19 00:00:00+00:00,8687.17376533779
2022-06-20 00:00:00+00:00,8736.285093860295
2022-06-21 00:00:00+00:00,8736.285093860295
2022-06-22 00:00:00+00:00,8736.285093860295
2022-06-23 00:00:00+00:00,8736.285093860295
2022-06-24 00:00:00+00:00,8736.285093860295
2022-06-25 00:00:00+00:00,8736.285093860295
2022-06-26 00:00:00+00:00,8736.285093860295
2022-06-27 00:00:00+00:00,8736.285093860295
2022-06-28 00:00:00+00:00,8736.285093860295
2022-06-29 00:00:00+00:00,8736.285093860295
2022-06-30 00:00:00+00:00,8736.285093860295
2022-07-01 00:00:00+00:00,8736.285093860295
2022-07-02 00:00:00+00:00,8736.285093860295
2022-07-03 00:00:00+00:00,8736.285093860295
2022-07-04 00:00:00+00:00,8736.285093860295
2022-07-05 00:00:00+00:00,8736.285093860295
2022-07-06 00:00:00+00:00,8736.285093860295
2022-07-07 00:00:00+00:00,8736.285093860295
2022-07-08 00:00:00+00:00,8736.285093860295
2022-07-09 00:00:00+00:00,8736.285093860295
2022-07-10 00:00:00+00:00,8736.285093860295
2022-07-11 00:00:00+00:00,8736.285093860295
2022-07-12 00:00:00+00:00,8736.285093860295
2022-07-13 00:00:00+00:00,8736.285093860295
2022-07-14 00:00:00+00:00,8736.285093860295
2022-07-15 00:00:00+00:00,8736.285093860295
2022-07-16 00:00:00+00:00,8736.285093860295
2022-07-17 00:00:00+00:00,8736.285093860295
2022-07-18 00:00:00+00:00,8736.285093860295
2022-07-19 00:00:00+00:00,8736.285093860295
2022-07-20 00:00:00+00:00,8736.285093860295
2022-07-21 00:00:00+00:00,8736.285093860295
2022-07-22 00:00:00+00:00,8736.285093860295
2022-07-23 00:00:00+00:00,8736.285093860295
2022-07-24 00:00:00+00:00,8736.285093860295
2022-07-25 00:00:00+00:00,8736.285093860295
2022-07-26 00:00:00+00:00,8736.285093860295
2022-07-27 00:00:00+00:00,8736.285093860295
2022-07-28 00:00:00+00:00,8736.285093860295
2022-07-29 00:00:00+00:00,8736.285093860295
2022-07-30 00:00:00+00:00,8736.285093860295
2022-07-31 00:00:00+00:00,8564.916911672872
2022-08-01 00:00:00+00:00,8564.916911672872
2022-08-02 00:00:00+00:00,8564.916911672872
2022-08-03 00:00:00+00:00,8564.916911672872
2022-08-04 00:00:00+00:00,8564.916911672872
2022-08-05 00:00:00+00:00,8564.916911672872
2022-08-06 00:00:00+00:00,8564.916911672872
2022-08-07 00:00:00+00:00,8564.916911672872
2022-08-08 00:00:00+00:00,8564.916911672872
2022-08-09 00:00:00+00:00,8564.916911672872
2022-08-10 00:00:00+00:00,8564.916911672872
2022-08-11 00:00:00+00:00,8564.916911672872
2022-08-12 00:00:00+00:00,8564.916911672872
2022-08-13 00:00:00+00:00,8564.916911672872
2022-08-14 00:00:00+00:00,8564.916911672872
2022-08-15 00:00:00+00:00,8564.916911672872
2022-08-16 00:00:00+00:00,8564.916911672872
2022-08-17 00:00:00+00:00,8564.916911672872
2022-08-18 00:00:00+00:00,8564.916911672872
2022-08-19 00:00:00+00:00,8564.916911672872
2022-08-20 00:00:00+00:00,8564.916911672872
2022-08-21 00:00:00+00:00,8564.916911672872
2022-08-22 00:00:00+00:00,8564.916911672872
2022-08-23 00:00:00+00:00,8564.916911672872
2022-08-24 00:00:00+00:00,8564.916911672872
2022-08-25 00:00:00+00:00,8564.916911672872
2022-08-26 00:00:00+00:00,8564.916911672872
2022-08-27 00:00:00+00:00,8564.916911672872
2022-08-28 00:00:00+00:00,8377.709984572874
2022-08-29 00:00:00+00:00,8377.709984572874
2022-08-30 00:00:00+00:00,8377.709984572874
2022-08-31 00:00:00+00:00,8377.709984572874
2022-09-01 00:00:00+00:00,8377.709984572874
2022-09-02 00:00:00+00:00,8377.709984572874
2022-09-03 00:00:00+00:00,8377.709984572874
2022-09-04 00:00:00+00:00,8377.709984572874
2022-09-05 00:00:00+00:00,8377.709984572874
2022-09-06 00:00:00+00:00,8377.709984572874
2022-09-07 00:00:00+00:00,8377.709984572874
2022-09-08 00:00:00+00:00,8276.891651945873
2022-09-09 00:00:00+00:00,8276.891651945873
2022-09-10 00:00:00+00:00,8276.891651945873
2022-09-11 00:00:00+00:00,8276.891651945873
2022-09-12 00:00:00+00:00,8276.891651945873
2022-09-13 00:00:00+00:00,8276.891651945873
2022-09-14 00:00:00+00:00,8276.891651945873
2022-09-15 00:00:00+00:00,8276.891651945873
2022-09-16 00:00:00+00:00,8276.891651945873
2022-09-17 00:00:00+00:00,8142.725111411373
2022-09-18 00:00:00+00:00,8142.725111411373
2022-09-19 00:00:00+00:00,8142.725111411373
2022-09-20 00:00:00+00:00,8223.209110111373
2022-09-21 00:00:00+00:00,8270.19408002016
2022-09-22 00:00:00+00:00,8083.462560420302
2022-09-23 00:00:00+00:00,8371.504314420303
2022-09-24 00:00:00+00:00,8677.029409907927
2022-09-25 00:00:00+00:00,8677.029409907927
2022-09-26 00:00:00+00:00,8677.029409907927
2022-09-27 00:00:00+00:00,8677.029409907927
2022-09-28 00:00:00+00:00,8677.029409907927
2022-09-29 00:00:00+00:00,8677.029409907927
2022-09-30 00:00:00+00:00,8505.824012307927
2022-10-01 00:00:00+00:00,8505.824012307927
2022-10-02 00:00:00+00:00,8505.824012307927
2022-10-03 00:00:00+00:00,8505.824012307927
2022-10-04 00:00:00+00:00,8505.824012307927
2022-10-05 00:00:00+00:00,8505.824012307927
2022-10-06 00:00:00+00:00,8505.824012307927
2022-10-07 00:00:00+00:00,8505.824012307927
2022-10-08 00:00:00+00:00,8505.824012307927
2022-10-09 00:00:00+00:00,8505.824012307927
2022-10-10 00:00:00+00:00,8505.824012307927
2022-10-11 00:00:00+00:00,8505.824012307927
2022-10-12 00:00:00+00:00,8505.824012307927
2022-10-13 00:00:00+00:00,8505.824012307927
2022-10-14 00:00:00+00:00,8505.824012307927
2022-10-15 00:00:00+00:00,8337.794401878044
2022-10-16 00:00:00+00:00,8337.794401878044
2022-10-17 00:00:00+00:00,8337.794401878044
2022-10-18 00:00:00+00:00,8337.794401878044
2022-10-19 00:00:00+00:00,8337.794401878044
2022-10-20 00:00:00+00:00,8337.794401878044
2022-10-21 00:00:00+00:00,8337.794401878044
2022-10-22 00:00:00+00:00,8337.794401878044
2022-10-23 00:00:00+00:00,8337.794401878044
2022-10-24 00:00:00+00:00,8337.794401878044
2022-10-25 00:00:00+00:00,8337.794401878044
2022-10-26 00:00:00+00:00,8337.794401878044
2022-10-27 00:00:00+00:00,8337.794401878044
2022-10-28 00:00:00+00:00,8337.794401878044
2022-10-29 00:00:00+00:00,8337.794401878044
2022-10-30 00:00:00+00:00,8337.794401878044
2022-10-31 00:00:00+00:00,8337.794401878044
2022-11-01 00:00:00+00:00,8337.794401878044
2022-11-02 00:00:00+00:00,8337.794401878044
2022-11-03 00:00:00+00:00,8337.794401878044
2022-11-04 00:00:00+00:00,8337.794401878044
2022-11-05 00:00:00+00:00,8176.539073278043
2022-11-06 00:00:00+00:00,8176.539073278043
2022-11-07 00:00:00+00:00,8176.539073278043
2022-11-08 00:00:00+00:00,8176.539073278043
2022-11-09 00:00:00+00:00,8746.065980528045
2022-11-10 00:00:00+00:00,8551.637888478044
2022-11-11 00:00:00+00:00,8551.637888478044
2022-11-12 00:00:00+00:00,8551.637888478044
2022-11-13 00:00:00+00:00,8551.637888478044
2022-11-14 00:00:00+00:00,8551.637888478044
2022-11-15 00:00:00+00:00,8356.684342928045
2022-11-16 00:00:00+00:00,8356.684342928045
2022-11-17 00:00:00+00:00,8356.684342928045
2022-11-18 00:00:00+00:00,8356.684342928045
2022-11-19 00:00:00+00:00,8356.684342928045
2022-11-20 00:00:00+00:00,8356.684342928045
2022-11-21 00:00:00+00:00,8356.684342928045
2022-11-22 00:00:00+00:00,8203.102799056105
2022-11-23 00:00:00+00:00,8203.102799056105
2022-11-24 00:00:00+00:00,8203.102799056105
2022-11-25 00:00:00+00:00,8203.102799056105
2022-11-26 00:00:00+00:00,8203.102799056105
2022-11-27 00:00:00+00:00,8203.102799056105
2022-11-28 00:00:00+00:00,8203.102799056105
2022-11-29 00:00:00+00:00,8203.102799056105
2022-11-30 00:00:00+00:00,8203.102799056105
2022-12-01 00:00:00+00:00,8203.102799056105
2022-12-02 00:00:00+00:00,8203.102799056105
2022-12-03 00:00:00+00:00,8203.102799056105
2022-12-04 00:00:00+00:00,8203.102799056105
2022-12-05 00:00:00+00:00,8203.102799056105
2022-12-06 00:00:00+00:00,8203.102799056105
2022-12-07 00:00:00+00:00,8203.102799056105
2022-12-08 00:00:00+00:00,8203.102799056105
2022-12-09 00:00:00+00:00,8203.102799056105
2022-12-10 00:00:00+00:00,8203.102799056105
2022-12-11 00:00:00+00:00,8203.102799056105
2022-12-12 00:00:00+00:00,8203.102799056105
2022-12-13 00:00:00+00:00,8203.102799056105
2022-12-14 00:00:00+00:00,8203.102799056105
2022-12-15 00:00:00+00:00,8203.102799056105
2022-12-16 00:00:00+00:00,8203.102799056105
2022-12-17 00:00:00+00:00,8738.557233901987
2022-12-18 00:00:00+00:00,8738.557233901987
2022-12-19 00:00:00+00:00,8738.557233901987
2022-12-20 00:00:00+00:00,8738.557233901987
2022-12-21 00:00:00+00:00,8738.557233901987
2022-12-22 00:00:00+00:00,8738.557233901987
2022-12-23 00:00:00+00:00,8738.557233901987
2022-12-24 00:00:00+00:00,8738.557233901987
2022-12-25 00:00:00+00:00,8738.557233901987
2022-12-26 00:00:00+00:00,8738.557233901987
2022-12-27 00:00:00+00:00,8738.557233901987
2022-12-28 00:00:00+00:00,8738.557233901987
2022-12-29 00:00:00+00:00,8738.557233901987
2022-12-30 00:00:00+00:00,8652.041568301987
2022-12-31 00:00:00+00:00,8652.041568301987
2023-01-01 00:00:00+00:00,8652.041568301987
2023-01-02 00:00:00+00:00,8652.041568301987
2023-01-03 00:00:00+00:00,8486.400380851988
2023-01-04 00:00:00+00:00,8486.400380851988
2023-01-05 00:00:00+00:00,8486.400380851988
2023-01-06 00:00:00+00:00,8486.400380851988
2023-01-07 00:00:00+00:00,8486.400380851988
2023-01-08 00:00:00+00:00,8486.400380851988
2023-01-09 00:00:00+00:00,8486.400380851988
2023-01-10 00:00:00+00:00,8486.400380851988
2023-01-11 00:00:00+00:00,8486.400380851988
2023-01-12 00:00:00+00:00,8486.400380851988
2023-01-13 00:00:00+00:00,8486.400380851988
2023-01-14 00:00:00+00:00,8486.400380851988
2023-01-15 00:00:00+00:00,8323.122294451989
2023-01-16 00:00:00+00:00,8323.122294451989
2023-01-17 00:00:00+00:00,8323.122294451989
2023-01-18 00:00:00+00:00,8323.122294451989
2023-01-19 00:00:00+00:00,8323.122294451989
2023-01-20 00:00:00+00:00,8323.122294451989
2023-01-21 00:00:00+00:00,8357.929897871989
2023-01-22 00:00:00+00:00,8161.778375469217
2023-01-23 00:00:00+00:00,8161.778375469217
2023-01-24 00:00:00+00:00,8161.778375469217
2023-01-25 00:00:00+00:00,8161.778375469217
2023-01-26 00:00:00+00:00,8161.778375469217
2023-01-27 00:00:00+00:00,8161.778375469217
2023-01-28 00:00:00+00:00,8161.778375469217
2023-01-29 00:00:00+00:00,8161.778375469217
2023-01-30 00:00:00+00:00,8161.778375469217
2023-01-31 00:00:00+00:00,8161.778375469217
2023-02-01 00:00:00+00:00,8161.778375469217
2023-02-02 00:00:00+00:00,8161.778375469217
2023-02-03 00:00:00+00:00,8161.778375469217
2023-02-04 00:00:00+00:00,8161.778375469217
2023-02-05 00:00:00+00:00,8161.778375469217
2023-02-06 00:00:00+00:00,8161.778375469217
2023-02-07 00:00:00+00:00,8161.778375469217
2023-02-08 00:00:00+00:00,8161.778375469217
2023-02-09 00:00:00+00:00,8161.778375469217
2023-02-10 00:00:00+00:00,8161.778375469217
2023-02-11 00:00:00+00:00,8161.778375469217
2023-02-12 00:00:00+00:00,8161.778375469217
2023-02-13 00:00:00+00:00,8161.778375469217
2023-02-14 00:00:00+00:00,7898.873879769217
2023-02-15 00:00:00+00:00,7898.873879769217
2023-02-16 00:00:00+00:00,7898.873879769217
2023-02-17 00:00:00+00:00,7898.873879769217
2023-02-18 00:00:00+00:00,7898.873879769217
2023-02-19 00:00:00+00:00,7898.873879769217
2023-02-20 00:00:00+00:00,7898.873879769217
2023-02-21 00:00:00+00:00,7648.511106769217
2023-02-22 00:00:00+00:00,7648.511106769217
2023-02-23 00:00:00+00:00,7648.511106769217
2023-02-24 00:00:00+00:00,7648.511106769217
2023-02-25 00:00:00+00:00,7578.563410969217
2023-02-26 00:00:00+00:00,7578.563410969217
2023-02-27 00:00:00+00:00,7578.563410969217
2023-02-28 00:00:00+00:00,7578.563410969217
2023-03-01 00:00:00+00:00,7578.563410969217
2023-03-02 00:00:00+00:00,7578.563410969217
2023-03-03 00:00:00+00:00,7578.563410969217
2023-03-04 00:00:00+00:00,7333.614529269216
2023-03-05 00:00:00+00:00,7333.614529269216
2023-03-06 00:00:00+00:00,7333.614529269216
2023-03-07 00:00:00+00:00,7333.614529269216
2023-03-08 00:00:00+00:00,7333.614529269216
2023-03-09 00:00:00+00:00,7333.614529269216
2023-03-10 00:00:00+00:00,7333.614529269216
2023-03-11 00:00:00+00:00,7333.614529269216
2023-03-12 00:00:00+00:00,7333.614529269216
2023-03-13 00:00:00+00:00,7333.614529269216
2023-03-14 00:00:00+00:00,7333.614529269216
2023-03-15 00:00:00+00:00,7333.614529269216
2023-03-16 00:00:00+00:00,7188.1854793692155
2023-03-17 00:00:00+00:00,7152.509020599982
2023-03-18 00:00:00+00:00,7152.509020599982
2023-03-19 00:00:00+00:00,7152.509020599982
2023-03-20 00:00:00+00:00,7014.963462699982
2023-03-21 00:00:00+00:00,7014.963462699982
2023-03-22 00:00:00+00:00,7482.47907238581
2023-03-23 00:00:00+00:00,7482.47907238581
2023-03-24 00:00:00+00:00,7482.47907238581
2023-03-25 00:00:00+00:00,7482.47907238581
2023-03-26 00:00:00+00:00,7482.47907238581
2023-03-27 00:00:00+00:00,7482.47907238581
2023-03-28 00:00:00+00:00,7482.47907238581
2023-03-29 00:00:00+00:00,7381.036546685808
2023-03-30 00:00:00+00:00,8023.289287150188
2023-03-31 00:00:00+00:00,8023.289287150188
2023-04-01 00:00:00+00:00,8023.289287150188
2023-04-02 00:00:00+00:00,8023.289287150188
2023-04-03 00:00:00+00:00,8023.289287150188
2023-04-04 00:00:00+00:00,8023.289287150188
2023-04-05 00:00:00+00:00,8023.289287150188
2023-04-06 00:00:00+00:00,8023.289287150188
2023-04-07 00:00:00+00:00,8023.289287150188
2023-04-08 00:00:00+00:00,8023.289287150188
2023-04-09 00:00:00+00:00,8023.289287150188
2023-04-10 00:00:00+00:00,8023.289287150188
2023-04-11 00:00:00+00:00,8023.289287150188
2023-04-12 00:00:00+00:00,8023.289287150188
2023-04-13 00:00:00+00:00,8023.289287150188
2023-04-14 00:00:00+00:00,8023.289287150188
2023-04-15 00:00:00+00:00,8023.289287150188
2023-04-16 00:00:00+00:00,8023.289287150188
2023-04-17 00:00:00+00:00,8023.289287150188
2023-04-18 00:00:00+00:00,8023.289287150188
2023-04-19 00:00:00+00:00,8023.289287150188
2023-04-20 00:00:00+00:00,8023.289287150188
2023-04-21 00:00:00+00:00,8023.289287150188
2023-04-22 00:00:00+00:00,8023.289287150188
2023-04-23 00:00:00+00:00,8023.289287150188
2023-04-24 00:00:00+00:00,8023.289287150188
2023-04-25 00:00:00+00:00,8023.289287150188
2023-04-26 00:00:00+00:00,8023.289287150188
2023-04-27 00:00:00+00:00,8023.289287150188
2023-04-28 00:00:00+00:00,8023.289287150188
2023-04-29 00:00:00+00:00,8023.289287150188
2023-04-30 00:00:00+00:00,8023.289287150188
2023-05-01 00:00:00+00:00,8023.289287150188
2023-05-02 00:00:00+00:00,8023.289287150188
2023-05-03 00:00:00+00:00,8023.289287150188
2023-05-04 00:00:00+00:00,8023.289287150188
2023-05-05 00:00:00+00:00,8023.289287150188
2023-05-06 00:00:00+00:00,8023.289287150188
2023-05-07 00:00:00+00:00,8023.289287150188
2023-05-08 00:00:00+00:00,8023.289287150188
2023-05-09 00:00:00+00:00,7963.705108511265
2023-05-10 00:00:00+00:00,7963.705108511265
2023-05-11 00:00:00+00:00,7963.705108511265
2023-05-12 00:00:00+00:00,7963.705108511265
2023-05-13 00:00:00+00:00,7963.705108511265
2023-05-14 00:00:00+00:00,7963.705108511265
2023-05-15 00:00:00+00:00,7963.705108511265
2023-05-16 00:00:00+00:00,7963.705108511265
2023-05-17 00:00:00+00:00,7963.705108511265
2023-05-18 00:00:00+00:00,7963.705108511265
2023-05-19 00:00:00+00:00,7963.705108511265
2023-05-20 00:00:00+00:00,7963.705108511265
2023-05-21 00:00:00+00:00,7963.705108511265
2023-05-22 00:00:00+00:00,7963.705108511265
2023-05-23 00:00:00+00:00,7963.705108511265
2023-05-24 00:00:00+00:00,7963.705108511265
2023-05-25 00:00:00+00:00,7963.705108511265
2023-05-26 00:00:00+00:00,7963.705108511265
2023-05-27 00:00:00+00:00,7963.705108511265
2023-05-28 00:00:00+00:00,7963.705108511265
2023-05-29 00:00:00+00:00,7963.705108511265
2023-05-30 00:00:00+00:00,7963.705108511265
2023-05-31 00:00:00+00:00,7791.39865097273
2023-06-01 00:00:00+00:00,7757.9461809227305
2023-06-02 00:00:00+00:00,7757.9461809227305
2023-06-03 00:00:00+00:00,7757.9461809227305
2023-06-04 00:00:00+00:00,7757.9461809227305
2023-06-05 00:00:00+00:00,7569.993725522731
2023-06-06 00:00:00+00:00,7569.993725522731
2023-06-07 00:00:00+00:00,7459.394716672729
2023-06-08 00:00:00+00:00,7343.664489537933
2023-06-09 00:00:00+00:00,7343.664489537933
2023-06-10 00:00:00+00:00,7343.664489537933
2023-06-11 00:00:00+00:00,7343.664489537933
2023-06-12 00:00:00+00:00,7343.664489537933
2023-06-13 00:00:00+00:00,7343.664489537933
2023-06-14 00:00:00+00:00,7200.978576337933
2023-06-15 00:00:00+00:00,7200.978576337933
2023-06-16 00:00:00+00:00,7200.978576337933
2023-06-17 00:00:00+00:00,7200.978576337933
2023-06-18 00:00:00+00:00,7200.978576337933
2023-06-19 00:00:00+00:00,7200.978576337933
2023-06-20 00:00:00+00:00,7200.978576337933
2023-06-21 00:00:00+00:00,7200.978576337933
2023-06-22 00:00:00+00:00,7200.978576337933
2023-06-23 00:00:00+00:00,7200.978576337933
2023-06-24 00:00:00+00:00,7200.978576337933
2023-06-25 00:00:00+00:00,7200.978576337933
2023-06-26 00:00:00+00:00,7200.978576337933
2023-06-27 00:00:00+00:00,7200.978576337933
2023-06-28 00:00:00+00:00,7200.978576337933
2023-06-29 00:00:00+00:00,7200.978576337933
2023-06-30 00:00:00+00:00,7200.978576337933
2023-07-01 00:00:00+00:00,7200.978576337933
2023-07-02 00:00:00+00:00,7200.978576337933
2023-07-03 00:00:00+00:00,7200.978576337933
2023-07-04 00:00:00+00:00,7200.978576337933
2023-07-05 00:00:00+00:00,7200.978576337933
2023-07-06 00:00:00+00:00,7200.978576337933
2023-07-07 00:00:00+00:00,7063.233115237932
2023-07-08 00:00:00+00:00,6915.7785682287695
2023-07-09 00:00:00+00:00,6915.7785682287695
2023-07-10 00:00:00+00:00,6915.7785682287695
2023-07-11 00:00:00+00:00,6915.7785682287695
2023-07-12 00:00:00+00:00,6915.7785682287695
2023-07-13 00:00:00+00:00,6915.7785682287695
2023-07-14 00:00:00+00:00,6915.7785682287695
2023-07-15 00:00:00+00:00,6915.7785682287695
2023-07-16 00:00:00+00:00,6915.7785682287695
2023-07-17 00:00:00+00:00,6915.7785682287695
2023-07-18 00:00:00+00:00,6915.7785682287695
2023-07-19 00:00:00+00:00,6915.7785682287695
2023-07-20 00:00:00+00:00,6915.7785682287695
2023-07-21 00:00:00+00:00,6915.7785682287695
2023-07-22 00:00:00+00:00,6915.7785682287695
2023-07-23 00:00:00+00:00,6915.7785682287695
2023-07-24 00:00:00+00:00,6915.7785682287695
2023-07-25 00:00:00+00:00,6915.7785682287695
2023-07-26 00:00:00+00:00,6915.7785682287695
2023-07-27 00:00:00+00:00,6915.7785682287695
2023-07-28 00:00:00+00:00,6915.7785682287695
2023-07-29 00:00:00+00:00,6915.7785682287695
2023-07-30 00:00:00+00:00,6915.7785682287695
2023-07-31 00:00:00+00:00,6915.7785682287695
2023-08-01 00:00:00+00:00,6915.7785682287695
2023-08-02 00:00:00+00:00,6915.7785682287695
2023-08-03 00:00:00+00:00,6915.7785682287695
2023-08-04 00:00:00+00:00,6915.7785682287695
2023-08-05 00:00:00+00:00,6915.7785682287695
2023-08-06 00:00:00+00:00,6915.7785682287695
2023-08-07 00:00:00+00:00,6915.7785682287695
2023-08-08 00:00:00+00:00,6915.7785682287695
2023-08-09 00:00:00+00:00,6915.7785682287695
2023-08-10 00:00:00+00:00,6915.7785682287695
2023-08-11 00:00:00+00:00,6915.7785682287695
2023-08-12 00:00:00+00:00,6915.7785682287695
2023-08-13 00:00:00+00:00,6915.7785682287695
2023-08-14 00:00:00+00:00,6915.7785682287695
2023-08-15 00:00:00+00:00,6915.7785682287695
2023-08-16 00:00:00+00:00,6915.7785682287695
2023-08-17 00:00:00+00:00,6781.906088228769
2023-08-18 00:00:00+00:00,7231.63947702877
2023-08-19 00:00:00+00:00,7231.63947702877
2023-08-20 00:00:00+00:00,7231.63947702877
2023-08-21 00:00:00+00:00,7231.63947702877
2023-08-22 00:00:00+00:00,7231.63947702877
2023-08-23 00:00:00+00:00,7231.63947702877
2023-08-24 00:00:00+00:00,7231.63947702877
2023-08-25 00:00:00+00:00,7231.63947702877
2023-08-26 00:00:00+00:00,7231.63947702877
2023-08-27 00:00:00+00:00,7231.63947702877
2023-08-28 00:00:00+00:00,7231.63947702877
2023-08-29 00:00:00+00:00,7231.63947702877
2023-08-30 00:00:00+00:00,7231.63947702877
2023-08-31 00:00:00+00:00,7231.63947702877
2023-09-01 00:00:00+00:00,7231.63947702877
2023-09-02 00:00:00+00:00,7231.63947702877
2023-09-03 00:00:00+00:00,7231.63947702877
2023-09-04 00:00:00+00:00,7231.63947702877
2023-09-05 00:00:00+00:00,7231.63947702877
2023-09-06 00:00:00+00:00,7231.63947702877
2023-09-07 00:00:00+00:00,7231.63947702877
2023-09-08 00:00:00+00:00,7231.63947702877
2023-09-09 00:00:00+00:00,7231.63947702877
2023-09-10 00:00:00+00:00,7231.63947702877
2023-09-11 00:00:00+00:00,7231.63947702877
2023-09-12 00:00:00+00:00,7587.03655942238
2023-09-13 00:00:00+00:00,7587.03655942238
2023-09-14 00:00:00+00:00,7587.03655942238
2023-09-15 00:00:00+00:00,7587.03655942238
2023-09-16 00:00:00+00:00,7587.03655942238
2023-09-17 00:00:00+00:00,7587.03655942238
2023-09-18 00:00:00+00:00,7587.03655942238
2023-09-19 00:00:00+00:00,7587.03655942238
2023-09-20 00:00:00+00:00,7587.03655942238
2023-09-21 00:00:00+00:00,7587.03655942238
2023-09-22 00:00:00+00:00,7587.03655942238
2023-09-23 00:00:00+00:00,7587.03655942238
2023-09-24 00:00:00+00:00,7587.03655942238
2023-09-25 00:00:00+00:00,7587.03655942238
2023-09-26 00:00:00+00:00,7443.824268020019
2023-09-27 00:00:00+00:00,7443.824268020019
2023-09-28 00:00:00+00:00,7443.824268020019
2023-09-29 00:00:00+00:00,7443.824268020019
2023-09-30 00:00:00+00:00,7443.824268020019
2023-10-01 00:00:00+00:00,7443.824268020019
2023-10-02 00:00:00+00:00,7443.824268020019
2023-10-03 00:00:00+00:00,7443.824268020019
2023-10-04 00:00:00+00:00,7434.702853804896
2023-10-05 00:00:00+00:00,7434.702853804896
2023-10-06 00:00:00+00:00,7434.702853804896
2023-10-07 00:00:00+00:00,7434.702853804896
2023-10-08 00:00:00+00:00,7434.702853804896
2023-10-09 00:00:00+00:00,7434.702853804896
2023-10-10 00:00:00+00:00,7363.437929656241
2023-10-11 00:00:00+00:00,7382.45958100279
2023-10-12 00:00:00+00:00,7237.660940101232
2023-10-13 00:00:00+00:00,7237.660940101232
2023-10-14 00:00:00+00:00,7237.660940101232
2023-10-15 00:00:00+00:00,7237.660940101232
2023-10-16 00:00:00+00:00,7237.660940101232
2023-10-17 00:00:00+00:00,7237.660940101232
2023-10-18 00:00:00+00:00,7237.660940101232
2023-10-19 00:00:00+00:00,7237.660940101232
2023-10-20 00:00:00+00:00,7237.660940101232
2023-10-21 00:00:00+00:00,7237.660940101232
2023-10-22 00:00:00+00:00,7237.660940101232
2023-10-23 00:00:00+00:00,7237.660940101232
2023-10-24 00:00:00+00:00,7098.495815101232
2023-10-25 00:00:00+00:00,6832.1109734012325
2023-10-26 00:00:00+00:00,6806.089226201232
2023-10-27 00:00:00+00:00,6806.089226201232
2023-10-28 00:00:00+00:00,6806.089226201232
2023-10-29 00:00:00+00:00,6806.089226201232
2023-10-30 00:00:00+00:00,6806.089226201232
2023-10-31 00:00:00+00:00,6674.14768835365
2023-11-01 00:00:00+00:00,7089.18790715365
2023-11-02 00:00:00+00:00,7326.990914280055
2023-11-03 00:00:00+00:00,7326.990914280055
2023-11-04 00:00:00+00:00,7326.990914280055
2023-11-05 00:00:00+00:00,7326.990914280055
2023-11-06 00:00:00+00:00,7108.409091430053
2023-11-07 00:00:00+00:00,7008.433513318901
2023-11-08 00:00:00+00:00,6912.551986994135
2023-11-09 00:00:00+00:00,6912.551986994135
2023-11-10 00:00:00+00:00,6912.551986994135
2023-11-11 00:00:00+00:00,6912.551986994135
2023-11-12 00:00:00+00:00,6912.551986994135
2023-11-13 00:00:00+00:00,6912.551986994135
2023-11-14 00:00:00+00:00,6778.0519912941345
2023-11-15 00:00:00+00:00,6778.0519912941345
2023-11-16 00:00:00+00:00,6778.0519912941345
2023-11-17 00:00:00+00:00,6778.0519912941345
2023-11-18 00:00:00+00:00,6778.0519912941345
2023-11-19 00:00:00+00:00,6778.0519912941345
2023-11-20 00:00:00+00:00,6778.0519912941345
2023-11-21 00:00:00+00:00,6778.0519912941345
2023-11-22 00:00:00+00:00,6778.0519912941345
2023-11-23 00:00:00+00:00,6778.0519912941345
2023-11-24 00:00:00+00:00,6778.0519912941345
2023-11-25 00:00:00+00:00,6778.0519912941345
2023-11-26 00:00:00+00:00,6778.0519912941345
2023-11-27 00:00:00+00:00,6778.0519912941345
2023-11-28 00:00:00+00:00,6778.0519912941345
2023-11-29 00:00:00+00:00,6778.0519912941345
2023-11-30 00:00:00+00:00,6778.0519912941345
2023-12-01 00:00:00+00:00,6778.0519912941345
2023-12-02 00:00:00+00:00,6778.0519912941345
2023-12-03 00:00:00+00:00,6778.0519912941345
2023-12-04 00:00:00+00:00,6778.0519912941345
2023-12-05 00:00:00+00:00,6778.0519912941345
2023-12-06 00:00:00+00:00,6778.0519912941345
2023-12-07 00:00:00+00:00,6778.0519912941345
2023-12-08 00:00:00+00:00,6778.0519912941345
2023-12-09 00:00:00+00:00,6700.197137594134
2023-12-10 00:00:00+00:00,6881.934582627322
2023-12-11 00:00:00+00:00,6881.934582627322
2023-12-12 00:00:00+00:00,6881.934582627322
2023-12-13 00:00:00+00:00,6881.934582627322
2023-12-14 00:00:00+00:00,6881.934582627322
2023-12-15 00:00:00+00:00,6881.934582627322
2023-12-16 00:00:00+00:00,6881.934582627322
2023-12-17 00:00:00+00:00,6881.934582627322
2023-12-18 00:00:00+00:00,6881.934582627322
2023-12-19 00:00:00+00:00,6881.934582627322
2023-12-20 00:00:00+00:00,6881.934582627322
2023-12-21 00:00:00+00:00,6881.934582627322
2023-12-22 00:00:00+00:00,6881.934582627322
2023-12-23 00:00:00+00:00,6881.934582627322
2023-12-24 00:00:00+00:00,6881.934582627322
2023-12-25 00:00:00+00:00,6881.934582627322
2023-12-26 00:00:00+00:00,6881.934582627322
2023-12-27 00:00:00+00:00,6881.934582627322
2023-12-28 00:00:00+00:00,6881.934582627322
2023-12-29 00:00:00+00:00,6748.311671827322
2023-12-30 00:00:00+00:00,6748.311671827322
2023-12-31 00:00:00+00:00,6748.311671827322
2024-01-01 00:00:00+00:00,6748.311671827322
2024-01-02 00:00:00+00:00,6748.311671827322
2024-01-03 00:00:00+00:00,6736.384531377323
2024-01-04 00:00:00+00:00,6736.384531377323
2024-01-05 00:00:00+00:00,6736.384531377323
2024-01-06 00:00:00+00:00,6736.384531377323
2024-01-07 00:00:00+00:00,6736.384531377323
2024-01-08 00:00:00+00:00,6736.384531377323
2024-01-09 00:00:00+00:00,6736.384531377323
2024-01-10 00:00:00+00:00,6736.384531377323
2024-01-11 00:00:00+00:00,6736.384531377323
2024-01-12 00:00:00+00:00,6736.384531377323
2024-01-13 00:00:00+00:00,6604.823460727323
2024-01-14 00:00:00+00:00,6604.823460727323
2024-01-15 00:00:00+00:00,6604.823460727323
2024-01-16 00:00:00+00:00,6604.823460727323
2024-01-17 00:00:00+00:00,6604.823460727323
2024-01-18 00:00:00+00:00,6604.823460727323
2024-01-19 00:00:00+00:00,6604.823460727323
2024-01-20 00:00:00+00:00,6604.823460727323
2024-01-21 00:00:00+00:00,6604.823460727323
2024-01-22 00:00:00+00:00,6604.823460727323
2024-01-23 00:00:00+00:00,6604.823460727323
2024-01-24 00:00:00+00:00,6604.823460727323
2024-01-25 00:00:00+00:00,6604.823460727323
2024-01-26 00:00:00+00:00,6604.823460727323
2024-01-27 00:00:00+00:00,6604.823460727323
2024-01-28 00:00:00+00:00,6604.823460727323
2024-01-29 00:00:00+00:00,6604.823460727323
2024-01-30 00:00:00+00:00,6604.823460727323
2024-01-31 00:00:00+00:00,6610.528588727323
2024-02-01 00:00:00+00:00,6714.334020346157
2024-02-02 00:00:00+00:00,6600.954030356715
2024-02-03 00:00:00+00:00,6600.954030356715
2024-02-04 00:00:00+00:00,6600.954030356715
2024-02-05 00:00:00+00:00,6600.954030356715
2024-02-06 00:00:00+00:00,6600.954030356715
2024-02-07 00:00:00+00:00,6600.954030356715
2024-02-08 00:00:00+00:00,6600.954030356715
2024-02-09 00:00:00+00:00,6600.954030356715
2024-02-10 00:00:00+00:00,6600.954030356715
2024-02-11 00:00:00+00:00,6600.954030356715
2024-02-12 00:00:00+00:00,6600.954030356715
2024-02-13 00:00:00+00:00,6600.954030356715
2024-02-14 00:00:00+00:00,6600.954030356715
2024-02-15 00:00:00+00:00,6600.954030356715
2024-02-16 00:00:00+00:00,6474.534143306713
2024-02-17 00:00:00+00:00,6381.2104254067135
2024-02-18 00:00:00+00:00,6381.2104254067135
2024-02-19 00:00:00+00:00,6381.2104254067135
2024-02-20 00:00:00+00:00,6381.2104254067135
2024-02-21 00:00:00+00:00,6381.2104254067135
2024-02-22 00:00:00+00:00,6381.2104254067135
2024-02-23 00:00:00+00:00,6381.2104254067135
2024-02-24 00:00:00+00:00,6381.2104254067135
2024-02-25 00:00:00+00:00,6381.2104254067135
2024-02-26 00:00:00+00:00,6381.2104254067135
2024-02-27 00:00:00+00:00,6381.2104254067135
2024-02-28 00:00:00+00:00,6799.718821656715
2024-02-29 00:00:00+00:00,6799.718821656715
2024-03-01 00:00:00+00:00,6668.889025656716
2024-03-02 00:00:00+00:00,6668.889025656716
2024-03-03 00:00:00+00:00,7079.707934856716
2024-03-04 00:00:00+00:00,7079.707934856716
2024-03-05 00:00:00+00:00,6936.0539707704465
2024-03-06 00:00:00+00:00,6936.0539707704465
2024-03-07 00:00:00+00:00,6936.0539707704465
2024-03-08 00:00:00+00:00,6936.0539707704465
2024-03-09 00:00:00+00:00,6936.0539707704465
2024-03-10 00:00:00+00:00,6936.0539707704465
2024-03-11 00:00:00+00:00,6936.0539707704465
2024-03-12 00:00:00+00:00,6793.482266367529
2024-03-13 00:00:00+00:00,6793.482266367529
2024-03-14 00:00:00+00:00,6793.482266367529
2024-03-15 00:00:00+00:00,6793.482266367529
2024-03-16 00:00:00+00:00,6793.482266367529
2024-03-17 00:00:00+00:00,6793.482266367529
2024-03-18 00:00:00+00:00,6793.482266367529
2024-03-19 00:00:00+00:00,6793.482266367529
2024-03-20 00:00:00+00:00,6793.482266367529
2024-03-21 00:00:00+00:00,6793.482266367529
2024-03-22 00:00:00+00:00,6793.482266367529
2024-03-23 00:00:00+00:00,6793.482266367529
2024-03-24 00:00:00+00:00,6793.482266367529
2024-03-25 00:00:00+00:00,6793.482266367529
2024-03-26 00:00:00+00:00,6793.482266367529
2024-03-27 00:00:00+00:00,6793.482266367529
2024-03-28 00:00:00+00:00,6793.482266367529
2024-03-29 00:00:00+00:00,6793.482266367529
2024-03-30 00:00:00+00:00,6793.482266367529
2024-03-31 00:00:00+00:00,6793.482266367529
2024-04-01 00:00:00+00:00,6793.482266367529
2024-04-02 00:00:00+00:00,6793.482266367529
2024-04-03 00:00:00+00:00,6793.482266367529
2024-04-04 00:00:00+00:00,6793.482266367529
2024-04-05 00:00:00+00:00,6793.482266367529
2024-04-06 00:00:00+00:00,6793.482266367529
2024-04-07 00:00:00+00:00,6793.482266367529
2024-04-08 00:00:00+00:00,6793.482266367529
2024-04-09 00:00:00+00:00,6793.482266367529
2024-04-10 00:00:00+00:00,6661.870146117528
2024-04-11 00:00:00+00:00,6661.870146117528
2024-04-12 00:00:00+00:00,6661.870146117528
2024-04-13 00:00:00+00:00,6661.870146117528
2024-04-14 00:00:00+00:00,7128.733788367528
2024-04-15 00:00:00+00:00,7128.733788367528
2024-04-16 00:00:00+00:00,7128.733788367528
2024-04-17 00:00:00+00:00,6989.661664367528
2024-04-18 00:00:00+00:00,6989.661664367528
2024-04-19 00:00:00+00:00,6989.661664367528
2024-04-20 00:00:00+00:00,6989.661664367528
2024-04-21 00:00:00+00:00,6989.661664367528
2024-04-22 00:00:00+00:00,6989.661664367528
2024-04-23 00:00:00+00:00,6989.661664367528
2024-04-24 00:00:00+00:00,6989.661664367528
2024-04-25 00:00:00+00:00,6989.661664367528
2024-04-26 00:00:00+00:00,6989.661664367528
2024-04-27 00:00:00+00:00,6989.661664367528
2024-04-28 00:00:00+00:00,6989.661664367528
2024-04-29 00:00:00+00:00,6989.661664367528
2024-04-30 00:00:00+00:00,6989.661664367528
2024-05-01 00:00:00+00:00,6989.661664367528
2024-05-02 00:00:00+00:00,6989.661664367528
2024-05-03 00:00:00+00:00,6989.661664367528
2024-05-04 00:00:00+00:00,6989.661664367528
2024-05-05 00:00:00+00:00,6989.661664367528
2024-05-06 00:00:00+00:00,6989.661664367528
2024-05-07 00:00:00+00:00,6989.661664367528
2024-05-08 00:00:00+00:00,6989.661664367528
2024-05-09 00:00:00+00:00,6989.661664367528
2024-05-10 00:00:00+00:00,6989.661664367528
2024-05-11 00:00:00+00:00,6989.661664367528
2024-05-12 00:00:00+00:00,6989.661664367528
2024-05-13 00:00:00+00:00,6989.661664367528
2024-05-14 00:00:00+00:00,6989.661664367528
2024-05-15 00:00:00+00:00,6989.661664367528
2024-05-16 00:00:00+00:00,6989.661664367528
2024-05-17 00:00:00+00:00,6989.661664367528
2024-05-18 00:00:00+00:00,6989.661664367528
2024-05-19 00:00:00+00:00,6989.661664367528
2024-05-20 00:00:00+00:00,6989.661664367528
2024-05-21 00:00:00+00:00,6989.661664367528
2024-05-22 00:00:00+00:00,6989.661664367528
2024-05-23 00:00:00+00:00,6989.661664367528
2024-05-24 00:00:00+00:00,6858.8602195675285
2024-05-25 00:00:00+00:00,6858.8602195675285
2024-05-26 00:00:00+00:00,6858.8602195675285
2024-05-27 00:00:00+00:00,6858.8602195675285
2024-05-28 00:00:00+00:00,6858.8602195675285
2024-05-29 00:00:00+00:00,6858.8602195675285
2024-05-30 00:00:00+00:00,6858.8602195675285
2024-05-31 00:00:00+00:00,6858.8602195675285
2024-06-01 00:00:00+00:00,6858.8602195675285
2024-06-02 00:00:00+00:00,6858.8602195675285
2024-06-03 00:00:00+00:00,6858.8602195675285
2024-06-04 00:00:00+00:00,6858.8602195675285
2024-06-05 00:00:00+00:00,6858.8602195675285
2024-06-06 00:00:00+00:00,6858.8602195675285
2024-06-07 00:00:00+00:00,6858.8602195675285
2024-06-08 00:00:00+00:00,6729.941803367529
2024-06-09 00:00:00+00:00,6729.941803367529
2024-06-10 00:00:00+00:00,6729.941803367529
2024-06-11 00:00:00+00:00,6729.941803367529
2024-06-12 00:00:00+00:00,6729.941803367529
2024-06-13 00:00:00+00:00,6729.941803367529
2024-06-14 00:00:00+00:00,6729.941803367529
2024-06-15 00:00:00+00:00,6632.20218136753
2024-06-16 00:00:00+00:00,6632.20218136753
2024-06-17 00:00:00+00:00,6632.20218136753
2024-06-18 00:00:00+00:00,6632.20218136753
2024-06-19 00:00:00+00:00,6400.52042116753
2024-06-20 00:00:00+00:00,6400.52042116753
2024-06-21 00:00:00+00:00,6400.52042116753
2024-06-22 00:00:00+00:00,6400.52042116753
2024-06-23 00:00:00+00:00,6400.52042116753
2024-06-24 00:00:00+00:00,6400.52042116753
2024-06-25 00:00:00+00:00,6375.437590767529
2024-06-26 00:00:00+00:00,6375.437590767529
2024-06-27 00:00:00+00:00,6375.437590767529
2024-06-28 00:00:00+00:00,6375.437590767529
2024-06-29 00:00:00+00:00,6375.437590767529
2024-06-30 00:00:00+00:00,6375.437590767529
2024-07-01 00:00:00+00:00,6375.437590767529
2024-07-02 00:00:00+00:00,6375.437590767529
2024-07-03 00:00:00+00:00,6375.437590767529
2024-07-04 00:00:00+00:00,6374.73546897753
2024-07-05 00:00:00+00:00,6549.519351708361
2024-07-06 00:00:00+00:00,6778.776041948383
2024-07-07 00:00:00+00:00,6778.776041948383
2024-07-08 00:00:00+00:00,6778.776041948383
2024-07-09 00:00:00+00:00,6646.702123748383
2024-07-10 00:00:00+00:00,6646.702123748383
2024-07-11 00:00:00+00:00,6646.702123748383
2024-07-12 00:00:00+00:00,6646.702123748383
2024-07-13 00:00:00+00:00,6646.702123748383
2024-07-14 00:00:00+00:00,6516.671304648384
2024-07-15 00:00:00+00:00,6516.671304648384
2024-07-16 00:00:00+00:00,6516.671304648384
2024-07-17 00:00:00+00:00,6461.2113574487485
2024-07-18 00:00:00+00:00,6670.261449851172
2024-07-19 00:00:00+00:00,6670.261449851172
2024-07-20 00:00:00+00:00,6670.261449851172
2024-07-21 00:00:00+00:00,6670.261449851172
2024-07-22 00:00:00+00:00,6670.261449851172
2024-07-23 00:00:00+00:00,6670.261449851172
2024-07-24 00:00:00+00:00,6670.261449851172
2024-07-25 00:00:00+00:00,6670.261449851172
2024-07-26 00:00:00+00:00,6670.261449851172
2024-07-27 00:00:00+00:00,6670.261449851172
2024-07-28 00:00:00+00:00,6670.261449851172
2024-07-29 00:00:00+00:00,6670.261449851172
2024-07-30 00:00:00+00:00,6670.261449851172
2024-07-31 00:00:00+00:00,6670.261449851172
2024-08-01 00:00:00+00:00,6537.9637714390765
2024-08-02 00:00:00+00:00,6537.9637714390765
2024-08-03 00:00:00+00:00,6537.9637714390765
2024-08-04 00:00:00+00:00,6537.9637714390765
2024-08-05 00:00:00+00:00,6537.9637714390765
2024-08-06 00:00:00+00:00,6537.9637714390765
2024-08-07 00:00:00+00:00,6537.9637714390765
2024-08-08 00:00:00+00:00,6537.9637714390765
2024-08-09 00:00:00+00:00,6537.9637714390765
2024-08-10 00:00:00+00:00,6537.9637714390765
2024-08-11 00:00:00+00:00,6537.9637714390765
2024-08-12 00:00:00+00:00,6537.9637714390765
2024-08-13 00:00:00+00:00,6537.9637714390765
2024-08-14 00:00:00+00:00,6537.9637714390765
2024-08-15 00:00:00+00:00,6537.9637714390765
2024-08-16 00:00:00+00:00,6537.9637714390765
2024-08-17 00:00:00+00:00,6537.9637714390765
2024-08-18 00:00:00+00:00,6537.9637714390765
2024-08-19 00:00:00+00:00,6537.9637714390765
2024-08-20 00:00:00+00:00,6537.9637714390765
2024-08-21 00:00:00+00:00,6537.9637714390765
2024-08-22 00:00:00+00:00,6537.9637714390765
2024-08-23 00:00:00+00:00,6537.9637714390765
2024-08-24 00:00:00+00:00,6537.9637714390765
2024-08-25 00:00:00+00:00,6537.9637714390765
2024-08-26 00:00:00+00:00,6537.9637714390765
2024-08-27 00:00:00+00:00,6537.9637714390765
2024-08-28 00:00:00+00:00,6537.9637714390765
2024-08-29 00:00:00+00:00,6537.9637714390765
2024-08-30 00:00:00+00:00,6537.9637714390765
2024-08-31 00:00:00+00:00,6537.9637714390765
2024-09-01 00:00:00+00:00,6537.9637714390765
2024-09-02 00:00:00+00:00,6537.9637714390765
2024-09-03 00:00:00+00:00,6537.9637714390765
2024-09-04 00:00:00+00:00,6537.9637714390765
2024-09-05 00:00:00+00:00,6537.9637714390765
2024-09-06 00:00:00+00:00,6537.9637714390765
2024-09-07 00:00:00+00:00,6411.408299939077
2024-09-08 00:00:00+00:00,6411.408299939077
2024-09-09 00:00:00+00:00,6411.408299939077
2024-09-10 00:00:00+00:00,6411.408299939077
2024-09-11 00:00:00+00:00,6411.408299939077
2024-09-12 00:00:00+00:00,6411.408299939077
2024-09-13 00:00:00+00:00,6411.408299939077
2024-09-14 00:00:00+00:00,6411.408299939077
2024-09-15 00:00:00+00:00,6411.408299939077
2024-09-16 00:00:00+00:00,6411.408299939077
2024-09-17 00:00:00+00:00,6411.408299939077
2024-09-18 00:00:00+00:00,6411.408299939077
2024-09-19 00:00:00+00:00,6411.408299939077
2024-09-20 00:00:00+00:00,6411.408299939077
2024-09-21 00:00:00+00:00,6411.408299939077
2024-09-22 00:00:00+00:00,6287.243144939077
2024-09-23 00:00:00+00:00,6287.243144939077
2024-09-24 00:00:00+00:00,6287.243144939077
2024-09-25 00:00:00+00:00,6287.243144939077
2024-09-26 00:00:00+00:00,6287.243144939077
2024-09-27 00:00:00+00:00,6287.243144939077
2024-09-28 00:00:00+00:00,6287.243144939077
2024-09-29 00:00:00+00:00,6168.004796689078
2024-09-30 00:00:00+00:00,5950.256366071789
2024-10-01 00:00:00+00:00,5836.15106982179
2024-10-02 00:00:00+00:00,5836.15106982179
2024-10-03 00:00:00+00:00,5836.15106982179
2024-10-04 00:00:00+00:00,5836.15106982179
2024-10-05 00:00:00+00:00,5836.15106982179
2024-10-06 00:00:00+00:00,5836.15106982179
2024-10-07 00:00:00+00:00,5836.15106982179
2024-10-08 00:00:00+00:00,5836.15106982179
2024-10-09 00:00:00+00:00,5836.15106982179
2024-10-10 00:00:00+00:00,5836.15106982179
2024-10-11 00:00:00+00:00,5836.15106982179
2024-10-12 00:00:00+00:00,5836.15106982179
2024-10-13 00:00:00+00:00,5836.15106982179
2024-10-14 00:00:00+00:00,5836.15106982179
2024-10-15 00:00:00+00:00,5836.15106982179
2024-10-16 00:00:00+00:00,5836.15106982179
2024-10-17 00:00:00+00:00,5836.15106982179
2024-10-18 00:00:00+00:00,5836.15106982179
2024-10-19 00:00:00+00:00,5836.15106982179
2024-10-20 00:00:00+00:00,5836.15106982179
2024-10-21 00:00:00+00:00,5836.15106982179
2024-10-22 00:00:00+00:00,5836.15106982179
2024-10-23 00:00:00+00:00,5836.15106982179
2024-10-24 00:00:00+00:00,5836.15106982179
2024-10-25 00:00:00+00:00,5836.15106982179
2024-10-26 00:00:00+00:00,5724.30929782179
2024-10-27 00:00:00+00:00,5718.03517822179
2024-10-28 00:00:00+00:00,5718.03517822179
2024-10-29 00:00:00+00:00,5718.03517822179
2024-10-30 00:00:00+00:00,5718.03517822179
2024-10-31 00:00:00+00:00,5718.03517822179
2024-11-01 00:00:00+00:00,5718.03517822179
2024-11-02 00:00:00+00:00,5718.03517822179
2024-11-03 00:00:00+00:00,5718.03517822179
2024-11-04 00:00:00+00:00,5718.03517822179
2024-11-05 00:00:00+00:00,5718.03517822179
2024-11-06 00:00:00+00:00,5718.03517822179
2024-11-07 00:00:00+00:00,5718.03517822179
2024-11-08 00:00:00+00:00,5718.03517822179
2024-11-09 00:00:00+00:00,5718.03517822179
2024-11-10 00:00:00+00:00,5718.03517822179
2024-11-11 00:00:00+00:00,5769.663196779132
2024-11-12 00:00:00+00:00,5658.0418798791325
2024-11-13 00:00:00+00:00,6352.7544812291335
2024-11-14 00:00:00+00:00,6228.898175929134
2024-11-15 00:00:00+00:00,6836.164282924833
2024-11-16 00:00:00+00:00,7327.675433824832
2024-11-17 00:00:00+00:00,7625.878413474833
2024-11-18 00:00:00+00:00,7352.429066539184
2024-11-19 00:00:00+00:00,7352.429066539184
2024-11-20 00:00:00+00:00,7352.429066539184
2024-11-21 00:00:00+00:00,7352.429066539184
2024-11-22 00:00:00+00:00,7352.429066539184
2024-11-23 00:00:00+00:00,7903.148476027824
2024-11-24 00:00:00+00:00,7618.273029164517
2024-11-25 00:00:00+00:00,7618.273029164517
2024-11-26 00:00:00+00:00,7618.273029164517
2024-11-27 00:00:00+00:00,7618.273029164517
2024-11-28 00:00:00+00:00,7618.273029164517
2024-11-29 00:00:00+00:00,7618.273029164517
2024-11-30 00:00:00+00:00,7618.273029164517
2024-12-01 00:00:00+00:00,7678.991230754609
2024-12-02 00:00:00+00:00,7780.180467479347
2024-12-03 00:00:00+00:00,8151.282247529264
2024-12-04 00:00:00+00:00,8151.282247529264
2024-12-05 00:00:00+00:00,8151.282247529264
2024-12-06 00:00:00+00:00,8151.282247529264
2024-12-07 00:00:00+00:00,8151.282247529264
2024-12-08 00:00:00+00:00,8151.282247529264
2024-12-09 00:00:00+00:00,8151.282247529264
2024-12-10 00:00:00+00:00,8151.282247529264
2024-12-11 00:00:00+00:00,8151.282247529264
2024-12-12 00:00:00+00:00,8151.282247529264
2024-12-13 00:00:00+00:00,8151.282247529264
2024-12-14 00:00:00+00:00,8151.282247529264
2024-12-15 00:00:00+00:00,8151.282247529264
2024-12-16 00:00:00+00:00,8151.282247529264
2024-12-17 00:00:00+00:00,8151.282247529264
2024-12-18 00:00:00+00:00,8151.282247529264
2024-12-19 00:00:00+00:00,8151.282247529264
2024-12-20 00:00:00+00:00,8151.282247529264
2024-12-21 00:00:00+00:00,8151.282247529264
2024-12-22 00:00:00+00:00,8151.282247529264
2024-12-23 00:00:00+00:00,8151.282247529264
2024-12-24 00:00:00+00:00,8151.282247529264
2024-12-25 00:00:00+00:00,8151.282247529264
2024-12-26 00:00:00+00:00,8151.282247529264
2024-12-27 00:00:00+00:00,8151.282247529264
2024-12-28 00:00:00+00:00,8151.282247529264
2024-12-29 00:00:00+00:00,8151.282247529264
2024-12-30 00:00:00+00:00,8151.282247529264
2024-12-31 00:00:00+00:00,8151.282247529264
2025-01-01 00:00:00+00:00,8151.282247529264
2025-01-02 00:00:00+00:00,8052.056715299264
2025-01-03 00:00:00+00:00,8244.887700842031
2025-01-04 00:00:00+00:00,8244.887700842031
2025-01-05 00:00:00+00:00,8244.887700842031
2025-01-06 00:00:00+00:00,8244.887700842031
2025-01-07 00:00:00+00:00,8244.887700842031
2025-01-08 00:00:00+00:00,8244.887700842031
2025-01-09 00:00:00+00:00,8244.887700842031
2025-01-10 00:00:00+00:00,8244.887700842031
2025-01-11 00:00:00+00:00,8244.887700842031
2025-01-12 00:00:00+00:00,8389.229750642031
2025-01-13 00:00:00+00:00,8080.454951582031
2025-01-14 00:00:00+00:00,8080.454951582031
2025-01-15 00:00:00+00:00,8080.454951582031
2025-01-16 00:00:00+00:00,8596.101027192031
2025-01-17 00:00:00+00:00,8268.75648731043
2025-01-18 00:00:00+00:00,8268.75648731043
2025-01-19 00:00:00+00:00,8268.75648731043
2025-01-20 00:00:00+00:00,8268.75648731043
2025-01-21 00:00:00+00:00,8268.75648731043
2025-01-22 00:00:00+00:00,8268.75648731043
2025-01-23 00:00:00+00:00,8268.75648731043
2025-01-24 00:00:00+00:00,8268.75648731043
2025-01-25 00:00:00+00:00,8268.75648731043
2025-01-26 00:00:00+00:00,8268.75648731043
2025-01-27 00:00:00+00:00,8268.75648731043
2025-01-28 00:00:00+00:00,8268.75648731043
2025-01-29 00:00:00+00:00,8103.7935818240585
2025-01-30 00:00:00+00:00,8103.7935818240585
2025-01-31 00:00:00+00:00,8103.7935818240585
2025-02-01 00:00:00+00:00,8103.7935818240585
2025-02-02 00:00:00+00:00,8103.7935818240585
2025-02-03 00:00:00+00:00,8103.7935818240585
2025-02-04 00:00:00+00:00,8103.7935818240585
2025-02-05 00:00:00+00:00,8103.7935818240585
2025-02-06 00:00:00+00:00,8103.7935818240585
2025-02-07 00:00:00+00:00,8103.7935818240585
2025-02-08 00:00:00+00:00,8103.7935818240585
2025-02-09 00:00:00+00:00,8103.7935818240585
2025-02-10 00:00:00+00:00,8103.7935818240585
2025-02-11 00:00:00+00:00,8103.7935818240585
2025-02-12 00:00:00+00:00,8103.7935818240585
2025-02-13 00:00:00+00:00,8103.7935818240585
2025-02-14 00:00:00+00:00,8103.7935818240585
2025-02-15 00:00:00+00:00,8103.7935818240585
2025-02-16 00:00:00+00:00,8103.7935818240585
2025-02-17 00:00:00+00:00,8103.7935818240585
2025-02-18 00:00:00+00:00,8103.7935818240585
2025-02-19 00:00:00+00:00,8103.7935818240585
2025-02-20 00:00:00+00:00,8103.7935818240585
2025-02-21 00:00:00+00:00,8103.7935818240585
2025-02-22 00:00:00+00:00,8103.7935818240585
2025-02-23 00:00:00+00:00,8103.7935818240585
2025-02-24 00:00:00+00:00,8103.7935818240585
2025-02-25 00:00:00+00:00,7943.834136074059
2025-02-26 00:00:00+00:00,7943.834136074059
2025-02-27 00:00:00+00:00,7943.834136074059
2025-02-28 00:00:00+00:00,7943.834136074059
2025-03-01 00:00:00+00:00,7786.808421954589
2025-03-02 00:00:00+00:00,7786.808421954589
2025-03-03 00:00:00+00:00,7786.808421954589
2025-03-04 00:00:00+00:00,7786.808421954589
2025-03-05 00:00:00+00:00,7786.808421954589
2025-03-06 00:00:00+00:00,7786.808421954589
2025-03-07 00:00:00+00:00,7786.808421954589
2025-03-08 00:00:00+00:00,7786.808421954589
2025-03-09 00:00:00+00:00,7786.808421954589
2025-03-10 00:00:00+00:00,7786.808421954589
2025-03-11 00:00:00+00:00,7786.808421954589
2025-03-12 00:00:00+00:00,7786.808421954589
2025-03-13 00:00:00+00:00,7786.808421954589
2025-03-14 00:00:00+00:00,7786.808421954589
2025-03-15 00:00:00+00:00,7786.808421954589
2025-03-16 00:00:00+00:00,7786.808421954589
2025-03-17 00:00:00+00:00,7786.808421954589
2025-03-18 00:00:00+00:00,7786.808421954589
2025-03-19 00:00:00+00:00,7786.808421954589
2025-03-20 00:00:00+00:00,7786.808421954589
2025-03-21 00:00:00+00:00,7786.808421954589
2025-03-22 00:00:00+00:00,7786.808421954589
2025-03-23 00:00:00+00:00,7786.808421954589
2025-03-24 00:00:00+00:00,7786.808421954589
2025-03-25 00:00:00+00:00,7786.808421954589
2025-03-26 00:00:00+00:00,7786.808421954589
2025-03-27 00:00:00+00:00,7786.808421954589
2025-03-28 00:00:00+00:00,7786.808421954589
2025-03-29 00:00:00+00:00,7833.871454364037
2025-03-30 00:00:00+00:00,8134.970982559909
2025-03-31 00:00:00+00:00,8134.970982559909
2025-04-01 00:00:00+00:00,8134.970982559909
2025-04-02 00:00:00+00:00,8134.970982559909
2025-04-03 00:00:00+00:00,8134.970982559909
2025-04-04 00:00:00+00:00,8134.970982559909
2025-04-05 00:00:00+00:00,8134.970982559909
2025-04-06 00:00:00+00:00,8134.970982559909
2025-04-07 00:00:00+00:00,7974.668490859909
2025-04-08 00:00:00+00:00,7974.668490859909
2025-04-09 00:00:00+00:00,7974.668490859909
2025-04-10 00:00:00+00:00,7974.668490859909
2025-04-11 00:00:00+00:00,7974.668490859909
2025-04-12 00:00:00+00:00,7974.668490859909
2025-04-13 00:00:00+00:00,7974.668490859909
2025-04-14 00:00:00+00:00,7974.668490859909
2025-04-15 00:00:00+00:00,7974.668490859909
2025-04-16 00:00:00+00:00,7974.668490859909
2025-04-17 00:00:00+00:00,7974.668490859909
2025-04-18 00:00:00+00:00,7974.668490859909
2025-04-19 00:00:00+00:00,7974.668490859909
2025-04-20 00:00:00+00:00,7974.668490859909
2025-04-21 00:00:00+00:00,7974.668490859909
2025-04-22 00:00:00+00:00,7974.668490859909
2025-04-23 00:00:00+00:00,7974.668490859909
2025-04-24 00:00:00+00:00,7974.668490859909
2025-04-25 00:00:00+00:00,7974.668490859909
2025-04-26 00:00:00+00:00,7974.668490859909
2025-04-27 00:00:00+00:00,7974.668490859909
2025-04-28 00:00:00+00:00,7974.668490859909
2025-04-29 00:00:00+00:00,7974.668490859909
2025-04-30 00:00:00+00:00,7974.668490859909
2025-05-01 00:00:00+00:00,7974.668490859909
2025-05-02 00:00:00+00:00,7974.668490859909
2025-05-03 00:00:00+00:00,7974.668490859909
2025-05-04 00:00:00+00:00,7974.668490859909
2025-05-05 00:00:00+00:00,7974.668490859909
2025-05-06 00:00:00+00:00,7974.668490859909
2025-05-07 00:00:00+00:00,7974.668490859909
2025-05-08 00:00:00+00:00,7974.668490859909
2025-05-09 00:00:00+00:00,7974.668490859909
2025-05-10 00:00:00+00:00,7974.668490859909
2025-05-11 00:00:00+00:00,7974.668490859909
2025-05-12 00:00:00+00:00,7974.668490859909
2025-05-13 00:00:00+00:00,7662.7783165187975
2025-05-14 00:00:00+00:00,7662.7783165187975
2025-05-15 00:00:00+00:00,7662.7783165187975
2025-05-16 00:00:00+00:00,7662.7783165187975
2025-05-17 00:00:00+00:00,7662.7783165187975
2025-05-18 00:00:00+00:00,7662.7783165187975
2025-05-19 00:00:00+00:00,7662.7783165187975
2025-05-20 00:00:00+00:00,7662.7783165187975
2025-05-21 00:00:00+00:00,7662.7783165187975
2025-05-22 00:00:00+00:00,7662.7783165187975
2025-05-23 00:00:00+00:00,7662.7783165187975
2025-05-24 00:00:00+00:00,7662.7783165187975
2025-05-25 00:00:00+00:00,7662.7783165187975
2025-05-26 00:00:00+00:00,7662.7783165187975
2025-05-27 00:00:00+00:00,7662.7783165187975
2025-05-28 00:00:00+00:00,7662.7783165187975
2025-05-29 00:00:00+00:00,7662.7783165187975
2025-05-30 00:00:00+00:00,7662.7783165187975
2025-05-31 00:00:00+00:00,7512.1485795687995
2025-06-01 00:00:00+00:00,7512.1485795687995
2025-06-02 00:00:00+00:00,7512.1485795687995
2025-06-03 00:00:00+00:00,7512.1485795687995
2025-06-04 00:00:00+00:00,7512.1485795687995
2025-06-05 00:00:00+00:00,7512.1485795687995
2025-06-06 00:00:00+00:00,7566.5412169188
2025-06-07 00:00:00+00:00,7363.981489229892
2025-06-08 00:00:00+00:00,7363.981489229892
2025-06-09 00:00:00+00:00,7363.981489229892
2025-06-10 00:00:00+00:00,7363.981489229892
2025-06-11 00:00:00+00:00,7363.981489229892
2025-06-12 00:00:00+00:00,7363.981489229892
2025-06-13 00:00:00+00:00,7363.981489229892
2025-06-14 00:00:00+00:00,7375.3605101832845
2025-06-15 00:00:00+00:00,7386.550561295951
2025-06-16 00:00:00+00:00,7386.550561295951
2025-06-17 00:00:00+00:00,7386.550561295951
2025-06-18 00:00:00+00:00,7190.641050995949
2025-06-19 00:00:00+00:00,7149.176203296219
2025-06-20 00:00:00+00:00,7149.176203296219
2025-06-21 00:00:00+00:00,7149.176203296219
2025-06-22 00:00:00+00:00,7051.01090424622
2025-06-23 00:00:00+00:00,6821.966851661608
2025-06-24 00:00:00+00:00,6821.966851661608
2025-06-25 00:00:00+00:00,6821.966851661608
2025-06-26 00:00:00+00:00,6821.966851661608
2025-06-27 00:00:00+00:00,6821.966851661608
2025-06-28 00:00:00+00:00,6578.867226218231
2025-06-29 00:00:00+00:00,6578.867226218231
2025-06-30 00:00:00+00:00,6578.867226218231
2025-07-01 00:00:00+00:00,6578.867226218231
2025-07-02 00:00:00+00:00,6578.867226218231
2025-07-03 00:00:00+00:00,6578.867226218231
2025-07-04 00:00:00+00:00,6578.867226218231
2025-07-05 00:00:00+00:00,6578.867226218231
2025-07-06 00:00:00+00:00,6578.867226218231
2025-07-07 00:00:00+00:00,6578.867226218231
2025-07-08 00:00:00+00:00,6578.867226218231
2025-07-09 00:00:00+00:00,6578.867226218231
2025-07-10 00:00:00+00:00,6578.867226218231
2025-07-11 00:00:00+00:00,6578.867226218231
2025-07-12 00:00:00+00:00,6894.22931021939
2025-07-13 00:00:00+00:00,6649.714854649612
2025-07-14 00:00:00+00:00,6649.714854649612
2025-07-15 00:00:00+00:00,6518.01478035578
2025-07-16 00:00:00+00:00,6518.01478035578
2025-07-17 00:00:00+00:00,6518.01478035578
2025-07-18 00:00:00+00:00,7481.868390539684
2025-07-19 00:00:00+00:00,7481.868390539684
2025-07-20 00:00:00+00:00,7481.868390539684
2025-07-21 00:00:00+00:00,7481.868390539684
2025-07-22 00:00:00+00:00,7481.868390539684
2025-07-23 00:00:00+00:00,7481.868390539684
2025-07-24 00:00:00+00:00,7481.868390539684
2025-07-25 00:00:00+00:00,7481.868390539684
2025-07-26 00:00:00+00:00,7481.868390539684
2025-07-27 00:00:00+00:00,7481.868390539684
2025-07-28 00:00:00+00:00,7481.868390539684
2025-07-29 00:00:00+00:00,7481.868390539684
2025-07-30 00:00:00+00:00,7481.868390539684
2025-07-31 00:00:00+00:00,7481.868390539684
2025-08-01 00:00:00+00:00,7481.868390539684
2025-08-02 00:00:00+00:00,7481.868390539684
2025-08-03 00:00:00+00:00,7481.868390539684
2025-08-04 00:00:00+00:00,7481.868390539684
2025-08-05 00:00:00+00:00,7481.868390539684
2025-08-06 00:00:00+00:00,7481.868390539684
2025-08-07 00:00:00+00:00,7481.868390539684
2025-08-08 00:00:00+00:00,7654.163047139683
2025-08-09 00:00:00+00:00,7627.009226683195
2025-08-10 00:00:00+00:00,7627.009226683195
2025-08-11 00:00:00+00:00,7627.009226683195
2025-08-12 00:00:00+00:00,7627.009226683195
2025-08-13 00:00:00+00:00,7627.009226683195
2025-08-14 00:00:00+00:00,7627.009226683195
2025-08-15 00:00:00+00:00,7627.009226683195
2025-08-16 00:00:00+00:00,7627.009226683195
2025-08-17 00:00:00+00:00,7627.009226683195
2025-08-18 00:00:00+00:00,7627.009226683195
2025-08-19 00:00:00+00:00,7627.009226683195
2025-08-20 00:00:00+00:00,7627.009226683195
2025-08-21 00:00:00+00:00,7627.009226683195
2025-08-22 00:00:00+00:00,7627.009226683195
2025-08-23 00:00:00+00:00,7627.009226683195
2025-08-24 00:00:00+00:00,7627.009226683195
2025-08-25 00:00:00+00:00,7627.009226683195
2025-08-26 00:00:00+00:00,7627.009226683195
2025-08-27 00:00:00+00:00,7627.009226683195
2025-08-28 00:00:00+00:00,7627.009226683195
2025-08-29 00:00:00+00:00,7627.009226683195
2025-08-30 00:00:00+00:00,7627.009226683195
2025-08-31 00:00:00+00:00,7627.009226683195
2025-09-01 00:00:00+00:00,7627.009226683195
2025-09-02 00:00:00+00:00,7627.009226683195
2025-09-03 00:00:00+00:00,7627.009226683195
2025-09-04 00:00:00+00:00,7627.009226683195
2025-09-05 00:00:00+00:00,7627.009226683195
2025-09-06 00:00:00+00:00,7627.009226683195
2025-09-07 00:00:00+00:00,7627.009226683195
2025-09-08 00:00:00+00:00,7627.009226683195
2025-09-09 00:00:00+00:00,7627.009226683195
2025-09-10 00:00:00+00:00,7627.009226683195
2025-09-11 00:00:00+00:00,7627.009226683195
2025-09-12 00:00:00+00:00,7627.009226683195
2025-09-13 00:00:00+00:00,7627.009226683195
2025-09-14 00:00:00+00:00,7627.009226683195
2025-09-15 00:00:00+00:00,7627.009226683195
2025-09-16 00:00:00+00:00,7627.009226683195
2025-09-17 00:00:00+00:00,7627.009226683195
2025-09-18 00:00:00+00:00,7627.009226683195
2025-09-19 00:00:00+00:00,7627.009226683195
2025-09-20 00:00:00+00:00,7627.009226683195
2025-09-21 00:00:00+00:00,7627.009226683195
2025-09-22 00:00:00+00:00,7627.009226683195
2025-09-23 00:00:00+00:00,7627.009226683195
2025-09-24 00:00:00+00:00,7627.009226683195
2025-09-25 00:00:00+00:00,7627.009226683195
2025-09-26 00:00:00+00:00,7627.009226683195
2025-09-27 00:00:00+00:00,7627.009226683195
2025-09-28 00:00:00+00:00,7627.009226683195
2025-09-29 00:00:00+00:00,7627.009226683195
2025-09-30 00:00:00+00:00,7627.009226683195
2025-10-01 00:00:00+00:00,7627.009226683195
2025-10-02 00:00:00+00:00,7627.009226683195
2025-10-03 00:00:00+00:00,7627.009226683195
2025-10-04 00:00:00+00:00,7627.009226683195
2025-10-05 00:00:00+00:00,7627.009226683195
2025-10-06 00:00:00+00:00,7627.009226683195
2025-10-07 00:00:00+00:00,7627.009226683195
2025-10-08 00:00:00+00:00,7627.009226683195
2025-10-09 00:00:00+00:00,7627.009226683195
2025-10-10 00:00:00+00:00,7627.009226683195
2025-10-11 00:00:00+00:00,7909.726888183196
2025-10-12 00:00:00+00:00,7909.726888183196
2025-10-13 00:00:00+00:00,7909.726888183196
2025-10-14 00:00:00+00:00,7909.726888183196
2025-10-15 00:00:00+00:00,7909.726888183196
2025-10-16 00:00:00+00:00,7909.726888183196
2025-10-17 00:00:00+00:00,7909.726888183196
2025-10-18 00:00:00+00:00,7909.726888183196
2025-10-19 00:00:00+00:00,7909.726888183196
2025-10-20 00:00:00+00:00,7909.726888183196
2025-10-21 00:00:00+00:00,7909.726888183196
2025-10-22 00:00:00+00:00,7909.726888183196
2025-10-23 00:00:00+00:00,7909.726888183196
2025-10-24 00:00:00+00:00,7909.726888183196
2025-10-25 00:00:00+00:00,7909.726888183196
2025-10-26 00:00:00+00:00,7909.726888183196
2025-10-27 00:00:00+00:00,7909.726888183196
2025-10-28 00:00:00+00:00,7909.726888183196
2025-10-29 00:00:00+00:00,7909.726888183196
2025-10-30 00:00:00+00:00,7909.726888183196
2025-10-31 00:00:00+00:00,7909.726888183196
2025-11-01 00:00:00+00:00,7909.726888183196
2025-11-02 00:00:00+00:00,7909.726888183196
2025-11-03 00:00:00+00:00,7909.726888183196
2025-11-04 00:00:00+00:00,7909.726888183196
2025-11-05 00:00:00+00:00,7600.651966650798
2025-11-06 00:00:00+00:00,7600.651966650798
2025-11-07 00:00:00+00:00,7508.696181570798
2025-11-08 00:00:00+00:00,7450.194488394474
2025-11-09 00:00:00+00:00,7450.194488394474
2025-11-10 00:00:00+00:00,7450.194488394474
2025-11-11 00:00:00+00:00,7450.194488394474
2025-11-12 00:00:00+00:00,7450.194488394474
2025-11-13 00:00:00+00:00,7450.194488394474
2025-11-14 00:00:00+00:00,7420.452400194476
2025-11-15 00:00:00+00:00,7447.656912088305
2025-11-16 00:00:00+00:00,7447.656912088305
2025-11-17 00:00:00+00:00,7447.656912088305
2025-11-18 00:00:00+00:00,7447.656912088305
2025-11-19 00:00:00+00:00,7447.656912088305
2025-11-20 00:00:00+00:00,7447.656912088305
2025-11-21 00:00:00+00:00,7300.442584588304
2025-11-22 00:00:00+00:00,7834.186991676217
2025-11-23 00:00:00+00:00,7834.186991676217
2025-11-24 00:00:00+00:00,7834.186991676217
2025-11-25 00:00:00+00:00,7834.186991676217
2025-11-26 00:00:00+00:00,7834.186991676217
2025-11-27 00:00:00+00:00,7834.186991676217
2025-11-28 00:00:00+00:00,7834.186991676217
2025-11-29 00:00:00+00:00,7834.186991676217
2025-11-30 00:00:00+00:00,7834.186991676217
2025-12-01 00:00:00+00:00,7834.186991676217
2025-12-02 00:00:00+00:00,7892.8077487133805
2025-12-03 00:00:00+00:00,7916.994594323704
2025-12-04 00:00:00+00:00,7916.994594323704
2025-12-05 00:00:00+00:00,7916.994594323704
2025-12-06 00:00:00+00:00,7916.994594323704
2025-12-07 00:00:00+00:00,7916.994594323704
2025-12-08 00:00:00+00:00,7916.994594323704
2025-12-09 00:00:00+00:00,7916.994594323704
2025-12-10 00:00:00+00:00,7916.994594323704
2025-12-11 00:00:00+00:00,7916.994594323704
2025-12-12 00:00:00+00:00,7916.994594323704
2025-12-13 00:00:00+00:00,7916.994594323704
2025-12-14 00:00:00+00:00,7916.994594323704
2025-12-15 00:00:00+00:00,7916.994594323704
2025-12-16 00:00:00+00:00,7890.956107173705
2025-12-17 00:00:00+00:00,7808.410847669394
2025-12-18 00:00:00+00:00,7808.410847669394
2025-12-19 00:00:00+00:00,7808.410847669394
2025-12-20 00:00:00+00:00,7808.410847669394
2025-12-21 00:00:00+00:00,7808.410847669394
2025-12-22 00:00:00+00:00,7808.410847669394
2025-12-23 00:00:00+00:00,7808.410847669394
2025-12-24 00:00:00+00:00,7808.410847669394
2025-12-25 00:00:00+00:00,7808.410847669394
2025-12-26 00:00:00+00:00,7808.410847669394
2025-12-27 00:00:00+00:00,7808.410847669394
2025-12-28 00:00:00+00:00,7808.410847669394
2025-12-29 00:00:00+00:00,7808.410847669394
2025-12-30 00:00:00+00:00,7808.410847669394
2025-12-31 00:00:00+00:00,7808.410847669394
2026-01-01 00:00:00+00:00,7808.410847669394
2026-01-02 00:00:00+00:00,7808.410847669394
2026-01-03 00:00:00+00:00,7808.410847669394
2026-01-04 00:00:00+00:00,7808.410847669394
2026-01-05 00:00:00+00:00,7808.410847669394
2026-01-06 00:00:00+00:00,8348.218497269394
2026-01-07 00:00:00+00:00,8348.218497269394
2026-01-08 00:00:00+00:00,8348.218497269394
2026-01-09 00:00:00+00:00,8348.218497269394
2026-01-10 00:00:00+00:00,8348.218497269394
2026-01-11 00:00:00+00:00,8348.218497269394
2026-01-12 00:00:00+00:00,8348.218497269394
2026-01-13 00:00:00+00:00,8348.218497269394
2026-01-14 00:00:00+00:00,8348.218497269394
2026-01-15 00:00:00+00:00,8348.218497269394
2026-01-16 00:00:00+00:00,8348.218497269394
2026-01-17 00:00:00+00:00,8348.218497269394
2026-01-18 00:00:00+00:00,8348.218497269394
2026-01-19 00:00:00+00:00,8348.218497269394
2026-01-20 00:00:00+00:00,8183.593633769393
2026-01-21 00:00:00+00:00,8183.593633769393
2026-01-22 00:00:00+00:00,8183.593633769393
2026-01-23 00:00:00+00:00,8183.593633769393
2026-01-24 00:00:00+00:00,8183.593633769393
2026-01-25 00:00:00+00:00,8183.593633769393
2026-01-26 00:00:00+00:00,8183.593633769393
2026-01-27 00:00:00+00:00,8183.593633769393
2026-01-28 00:00:00+00:00,8183.593633769393
2026-01-29 00:00:00+00:00,8183.593633769393
2026-01-30 00:00:00+00:00,8077.671904474851
2026-01-31 00:00:00+00:00,8330.379522242883
2026-02-01 00:00:00+00:00,8633.403981090045
2026-02-02 00:00:00+00:00,8320.062210740047
2026-02-03 00:00:00+00:00,8041.306177552487
2026-02-04 00:00:00+00:00,7884.187576152487
2026-02-05 00:00:00+00:00,8084.757929752487
2026-02-06 00:00:00+00:00,8632.717899380817
2026-02-07 00:00:00+00:00,8632.717899380817
2026-02-08 00:00:00+00:00,8632.717899380817
2026-02-09 00:00:00+00:00,8632.717899380817
2026-02-10 00:00:00+00:00,8632.717899380817
2026-02-11 00:00:00+00:00,8632.717899380817
2026-02-12 00:00:00+00:00,8632.717899380817
2026-02-13 00:00:00+00:00,8632.717899380817
2026-02-14 00:00:00+00:00,8632.717899380817
2026-02-15 00:00:00+00:00,8632.717899380817
2026-02-16 00:00:00+00:00,8652.300507080818
2026-02-17 00:00:00+00:00,8626.073409692743
2026-02-18 00:00:00+00:00,8626.073409692743
2026-02-19 00:00:00+00:00,8626.073409692743
2026-02-20 00:00:00+00:00,8626.073409692743
2026-02-21 00:00:00+00:00,8626.073409692743
2026-02-22 00:00:00+00:00,8626.073409692743
2026-02-23 00:00:00+00:00,8626.073409692743
2026-02-24 00:00:00+00:00,8626.073409692743
2026-02-25 00:00:00+00:00,8626.073409692743
2026-02-26 00:00:00+00:00,8626.073409692743
2026-02-27 00:00:00+00:00,8626.073409692743
2026-02-28 00:00:00+00:00,8626.073409692743
2026-03-01 00:00:00+00:00,8454.10484508367
2026-03-02 00:00:00+00:00,8454.10484508367
2026-03-03 00:00:00+00:00,8454.10484508367
2026-03-04 00:00:00+00:00,8454.10484508367
2026-03-05 00:00:00+00:00,8454.10484508367
2026-03-06 00:00:00+00:00,8454.10484508367
2026-03-07 00:00:00+00:00,8454.10484508367
2026-03-08 00:00:00+00:00,8454.10484508367
2026-03-09 00:00:00+00:00,8454.10484508367
2026-03-10 00:00:00+00:00,8454.10484508367
2026-03-11 00:00:00+00:00,8454.10484508367
2026-03-12 00:00:00+00:00,8454.10484508367
2026-03-13 00:00:00+00:00,8454.10484508367
2026-03-14 00:00:00+00:00,8454.10484508367
2026-03-15 00:00:00+00:00,8454.10484508367
2026-03-16 00:00:00+00:00,8454.10484508367
2026-03-17 00:00:00+00:00,8454.10484508367
2026-03-18 00:00:00+00:00,8454.10484508367
2026-03-19 00:00:00+00:00,8454.10484508367
2026-03-20 00:00:00+00:00,8454.10484508367
2026-03-21 00:00:00+00:00,8454.10484508367
2026-03-22 00:00:00+00:00,8454.10484508367
2026-03-23 00:00:00+00:00,8454.10484508367
2026-03-24 00:00:00+00:00,8454.10484508367
2026-03-25 00:00:00+00:00,8454.10484508367
2026-03-26 00:00:00+00:00,8454.10484508367
2026-03-27 00:00:00+00:00,8454.10484508367
2026-03-28 00:00:00+00:00,8454.10484508367
2026-03-29 00:00:00+00:00,8454.10484508367
2026-03-30 00:00:00+00:00,8454.10484508367
2026-03-31 00:00:00+00:00,8454.10484508367
2026-04-01 00:00:00+00:00,8454.10484508367
2026-04-02 00:00:00+00:00,8454.10484508367
2026-04-03 00:00:00+00:00,8454.10484508367
2026-04-04 00:00:00+00:00,8454.10484508367
2026-04-05 00:00:00+00:00,8454.10484508367
2026-04-06 00:00:00+00:00,8454.10484508367
2026-04-07 00:00:00+00:00,8454.10484508367
2026-04-08 00:00:00+00:00,8454.10484508367
2026-04-09 00:00:00+00:00,8454.10484508367
2026-04-10 00:00:00+00:00,8454.10484508367
2026-04-11 00:00:00+00:00,8454.10484508367
2026-04-12 00:00:00+00:00,8454.10484508367
2026-04-13 00:00:00+00:00,8454.10484508367
2026-04-14 00:00:00+00:00,8454.10484508367
2026-04-15 00:00:00+00:00,8454.10484508367
2026-04-16 00:00:00+00:00,8454.10484508367
2026-04-17 00:00:00+00:00,8454.10484508367
2026-04-18 00:00:00+00:00,8288.763246633669
2026-04-19 00:00:00+00:00,8288.763246633669
2026-04-20 00:00:00+00:00,8288.763246633669
2026-04-21 00:00:00+00:00,8288.763246633669
2026-04-22 00:00:00+00:00,8288.763246633669
2026-04-23 00:00:00+00:00,8288.763246633669
2026-04-24 00:00:00+00:00,8288.763246633669
2026-04-25 00:00:00+00:00,8288.763246633669
2026-04-26 00:00:00+00:00,8288.763246633669
2026-04-27 00:00:00+00:00,8288.763246633669
2026-04-28 00:00:00+00:00,8288.763246633669
2026-04-29 00:00:00+00:00,8288.763246633669
2026-04-30 00:00:00+00:00,8288.763246633669
2026-05-01 00:00:00+00:00,8288.763246633669
2026-05-02 00:00:00+00:00,8288.763246633669
2026-05-03 00:00:00+00:00,8288.763246633669
2026-05-04 00:00:00+00:00,8288.763246633669
2026-05-05 00:00:00+00:00,8288.763246633669
2026-05-06 00:00:00+00:00,8288.763246633669
2026-05-07 00:00:00+00:00,8288.763246633669
2026-05-08 00:00:00+00:00,8288.763246633669
2026-05-09 00:00:00+00:00,8288.763246633669
2026-05-10 00:00:00+00:00,8288.763246633669
2026-05-11 00:00:00+00:00,8193.11857253367
2026-05-12 00:00:00+00:00,7878.051587703452
2026-05-13 00:00:00+00:00,7878.051587703452
2026-05-14 00:00:00+00:00,7878.051587703452
2026-05-15 00:00:00+00:00,8206.631101107349
2026-05-16 00:00:00+00:00,8162.506321902906
2026-05-17 00:00:00+00:00,8162.506321902906
2026-05-18 00:00:00+00:00,8162.506321902906
2026-05-19 00:00:00+00:00,8162.506321902906
2026-05-20 00:00:00+00:00,8162.506321902906
2026-05-21 00:00:00+00:00,8162.506321902906
2026-05-22 00:00:00+00:00,8162.506321902906
2026-05-23 00:00:00+00:00,8162.506321902906
2026-05-24 00:00:00+00:00,8020.120502316985
2026-05-25 00:00:00+00:00,8020.120502316985
2026-05-26 00:00:00+00:00,8020.120502316985
2026-05-27 00:00:00+00:00,8020.120502316985
2026-05-28 00:00:00+00:00,8020.120502316985
2026-05-29 00:00:00+00:00,7865.4240888716095
2026-05-30 00:00:00+00:00,7865.4240888716095
2026-05-31 00:00:00+00:00,7865.4240888716095
2026-06-01 00:00:00+00:00,7865.4240888716095
2026-06-02 00:00:00+00:00,7865.4240888716095
2026-06-03 00:00:00+00:00,7839.437542535133
2026-06-04 00:00:00+00:00,7748.185144480152
2026-06-05 00:00:00+00:00,7783.9446222385095
2026-06-06 00:00:00+00:00,7501.31437157851
2026-06-07 00:00:00+00:00,7450.514912878066
2026-06-08 00:00:00+00:00,7450.514912878066
2026-06-09 00:00:00+00:00,7450.514912878066
2026-06-10 00:00:00+00:00,7450.514912878066
2026-06-11 00:00:00+00:00,7426.931697261688
2026-06-12 00:00:00+00:00,7426.931697261688
2026-06-13 00:00:00+00:00,7426.931697261688
2026-06-14 00:00:00+00:00,7426.931697261688
2026-06-15 00:00:00+00:00,7426.931697261688
2026-06-16 00:00:00+00:00,7426.931697261688
2026-06-17 00:00:00+00:00,7426.931697261688
2026-06-18 00:00:00+00:00,7426.931697261688
2026-06-19 00:00:00+00:00,7426.931697261688
2026-06-20 00:00:00+00:00,7426.931697261688
2026-06-21 00:00:00+00:00,7426.931697261688
2026-06-22 00:00:00+00:00,7426.931697261688
2026-06-23 00:00:00+00:00,7426.931697261688
2026-06-24 00:00:00+00:00,7426.931697261688
2026-06-25 00:00:00+00:00,7426.931697261688
2026-06-26 00:00:00+00:00,7234.527901611688
2026-06-27 00:00:00+00:00,7224.867278084188
2026-06-28 00:00:00+00:00,7224.867278084188
2026-06-29 00:00:00+00:00,7224.867278084188
2026-06-30 00:00:00+00:00,7224.867278084188
2026-07-01 00:00:00+00:00,7224.867278084188
2026-07-02 00:00:00+00:00,7224.867278084188
2026-07-03 00:00:00+00:00,7224.867278084188
2026-07-04 00:00:00+00:00,7224.867278084188
2026-07-05 00:00:00+00:00,7224.867278084188
2026-07-06 00:00:00+00:00,7224.867278084188
2026-07-07 00:00:00+00:00,7224.867278084188
2026-07-08 00:00:00+00:00,7224.867278084188
2026-07-09 00:00:00+00:00,7224.867278084188
2026-07-10 00:00:00+00:00,7224.867278084188
2026-07-11 00:00:00+00:00,7224.867278084188
2026-07-12 00:00:00+00:00,7224.867278084188
2026-07-13 00:00:00+00:00,7224.867278084188
2026-07-14 00:00:00+00:00,7224.867278084188
2026-07-15 00:00:00+00:00,7224.867278084188
2026-07-16 00:00:00+00:00,7224.867278084188
2026-07-17 00:00:00+00:00,7224.867278084188
2026-07-18 00:00:00+00:00,7224.867278084188
2026-07-19 00:00:00+00:00,7224.867278084188
2026-07-20 00:00:00+00:00,7224.867278084188
2026-07-21 00:00:00+00:00,7224.867278084188
2026-07-22 00:00:00+00:00,7224.867278084188
2026-07-23 00:00:00+00:00,7224.867278084188
2026-07-24 00:00:00+00:00,7224.867278084188
2026-07-25 00:00:00+00:00,7224.867278084188
2026-07-26 00:00:00+00:00,7224.867278084188
2026-07-27 00:00:00+00:00,7224.867278084188
2026-07-28 00:00:00+00:00,7298.878770284189
2026-07-29 00:00:00+00:00,7279.013233014251
2026-07-30 00:00:00+00:00,7279.013233014251
2026-07-31 00:00:00+00:00,7279.013233014251
2026-08-01 00:00:00+00:00,7279.013233014251
2026-08-02 00:00:00+00:00,7279.013233014251
2026-08-03 00:00:00+00:00,7279.013233014251
2026-08-04 00:00:00+00:00,7279.013233014251
2026-08-05 00:00:00+00:00,7279.013233014251
2026-08-06 00:00:00+00:00,7279.013233014251
2026-08-07 00:00:00+00:00,7279.013233014251
2026-08-08 00:00:00+00:00,7279.013233014251
2026-08-09 00:00:00+00:00,7279.013233014251
2026-08-10 00:00:00+00:00,7279.013233014251
2026-08-11 00:00:00+00:00,7279.013233014251
2026-08-12 00:00:00+00:00,7226.131900193874
2026-08-13 00:00:00+00:00,7226.131900193874
2026-08-14 00:00:00+00:00,7226.131900193874
2026-08-15 00:00:00+00:00,7226.131900193874
2026-08-16 00:00:00+00:00,7226.131900193874
2026-08-17 00:00:00+00:00,7226.131900193874
2026-08-18 00:00:00+00:00,7226.131900193874
2026-08-19 00:00:00+00:00,7226.131900193874
2026-08-20 00:00:00+00:00,7226.131900193874
2026-08-21 00:00:00+00:00,7730.316688293875
2026-08-22 00:00:00+00:00,7849.966734733875
2026-08-23 00:00:00+00:00,8299.37774791147
2026-08-24 00:00:00+00:00,8299.37774791147
2026-08-25 00:00:00+00:00,8299.37774791147
2026-08-26 00:00:00+00:00,8299.37774791147
2026-08-27 00:00:00+00:00,8299.37774791147
2026-08-28 00:00:00+00:00,8299.37774791147
2026-08-29 00:00:00+00:00,8299.37774791147
2026-08-30 00:00:00+00:00,8299.37774791147
2026-08-31 00:00:00+00:00,8299.37774791147
2026-09-01 00:00:00+00:00,8299.37774791147
