trade_id,entry_index,exit_index,side,quantity,entry_price,exit_price,initial_stop,initial_target,entry_fee,exit_fee,funding_paid,gross_pnl,net_pnl,equity_before,equity_after,entry_exposure,initial_margin_30x,allocated_collateral,reason,exit_at_open,missing_mark_minutes,signal_row,entry_utc,exit_bar_open_utc,exit_utc_upper_bound,hold_hours,overnight,reason_text,target_price_R,net_realized_R,daily_iv_available_utc,weekly_iv_available_utc,signal_upper_wall,signal_lower_wall,additional_collateral
1,905040.0,905074.0,1.0,0.049,43738.8,42768.700000000004,42777.3,48546.3,1.0716006000000002,1.0478331500000002,0.0,-47.53489999999993,-49.654333749999935,10000.0,9950.34566625,0.21432012000000003,71.44004000000001,95.335527,1.0,0.0,0.0,80.0,2021-09-20 12:00:00+00:00,2021-09-20 12:34:00+00:00,2021-09-20 12:35:00+00:00,0.5666666666666667,False,stop,5.0,-1.0539300572022867,2021-09-20 00:01:00+00:00,2021-09-20 00:01:00+00:00,51104.483007084746,43699.01447664589,23.89548699999999
2,905145.0,905725.0,1.0,0.039,43930.8,42711.700000000004,42720.3,49983.3,0.8566506,0.8328781500000001,0.171047547301683,-47.54489999999994,-49.405476297301625,9950.34566625,9900.940189952698,0.17218509361049106,57.110040000000005,85.75877700000001,1.0,0.0,0.0,82.0,2021-09-20 13:45:00+00:00,2021-09-20 23:25:00+00:00,2021-09-20 23:26:00+00:00,9.666666666666666,False,stop,5.0,-1.0465155593111901,2021-09-20 00:01:00+00:00,2021-09-20 00:01:00+00:00,51104.483007084746,43699.01447664589,28.648737000000004
3,907050.0,911370.0,1.0,0.026000000000000002,40965.200000000004,42951.5,39117.4,50204.3,0.5325476000000001,0.5583695000000001,0.4386151389733162,51.64379999999989,50.114267761026575,9900.940189952698,9951.054457713724,0.10757515746644347,35.50317333333334,72.00744200000008,3.0,1.0,0.0,90.0,2021-09-21 21:30:00+00:00,2021-09-24 21:30:00+00:00,2021-09-24 21:30:00+00:00,72.0,True,max_hold,5.000054118411075,1.0431171322451334,2021-09-21 00:01:00+00:00,2021-09-20 00:01:00+00:00,46542.02517066499,39776.7028996162,36.50426866666674
4,920880.0,921308.0,-1.0,0.07200000000000001,47472.700000000004,48109.4,48099.700000000004,44337.700000000004,1.7090172000000006,1.7319384000000002,-0.34076325600000007,-45.8423999999998,-48.94259234399979,9951.054457713724,9902.111865369723,0.3434846442178251,113.93448000000004,122.04977400000001,1.0,0.0,0.0,95.0,2021-10-01 12:00:00+00:00,2021-10-01 19:08:00+00:00,2021-10-01 19:09:00+00:00,7.133333333333334,False,stop,5.0,-1.084143902711319,2021-10-01 00:01:00+00:00,2021-09-27 00:01:00+00:00,47589.58725319895,40305.86635600551,8.115293999999977
5,941565.0,945885.0,-1.0,0.021,62332.0,61345.600000000006,64557.3,51205.4,0.654486,0.6441288000000001,-3.9294296775916466,20.71439999999988,23.345214877591527,9902.111865369723,9925.457080247315,0.13219119494880863,43.6324,76.18317000000008,3.0,1.0,0.0,99.0,2021-10-15 20:45:00+00:00,2021-10-18 20:45:00+00:00,2021-10-18 20:45:00+00:00,72.0,True,max_hold,5.000044937761194,0.49956271016623754,2021-10-15 00:01:00+00:00,2021-10-11 00:01:00+00:00,62491.3020465955,52683.43881235326,32.55077000000008
6,987030.0,990205.0,1.0,0.032,59285.8,57807.600000000006,57819.200000000004,66618.8,0.9485728,0.9249216000000001,1.213424805420319,-47.302399999999906,-50.38931920542022,9925.457080247315,9875.067761041897,0.19113936866197484,63.23818666666667,89.61697599999994,1.0,0.0,0.0,101.0,2021-11-16 10:30:00+00:00,2021-11-18 15:25:00+00:00,2021-11-18 15:26:00+00:00,52.916666666666664,True,stop,5.000000000000005,-1.0736848664730556,2021-11-16 00:01:00+00:00,2021-11-15 00:01:00+00:00,68918.00763849402,58792.96625076727,26.378789333333266
7,1001490.0,1004803.0,1.0,0.034,54697.0,53331.600000000006,53342.3,61470.5,0.929849,0.9066372000000001,1.3105912415233638,-46.42359999999981,-49.570677441523166,9875.067761041897,9825.497083600376,0.18832255585492685,61.98993333333333,87.90300499999991,1.0,0.0,0.0,102.0,2021-11-26 11:30:00+00:00,2021-11-28 18:43:00+00:00,2021-11-28 18:44:00+00:00,55.21666666666667,True,stop,5.000000000000011,-1.0762243310114954,2021-11-26 00:01:00+00:00,2021-11-22 00:01:00+00:00,63960.719596367264,54402.27910133971,25.913071666666575
8,1026480.0,1030800.0,1.0,0.03,46708.700000000004,47864.4,45130.100000000006,54601.700000000004,0.7006305,0.717966,1.12621079177235,34.670999999999914,32.12619270822756,9825.497083600376,9857.623276308603,0.14261476931674313,46.7087,78.88637249999996,3.0,1.0,0.0,111.0,2021-12-13 20:00:00+00:00,2021-12-16 20:00:00+00:00,2021-12-16 20:00:00+00:00,72.0,True,max_hold,5.000000000000004,0.6783688649906583,2021-12-13 00:01:00+00:00,2021-12-13 00:01:00+00:00,54342.71349710149,46109.29578026589,32.177672499999964
9,1059765.0,1061491.0,1.0,0.032,43404.600000000006,41913.4,41921.8,50818.700000000004,0.6944736000000001,0.6706144,0.552551337668896,-47.71840000000014,-49.63603933766903,9857.623276308603,9807.987236970934,0.1409008197075392,46.29824000000001,78.7009120000001,1.0,0.0,0.0,112.0,2022-01-05 22:45:00+00:00,2022-01-07 03:31:00+00:00,2022-01-07 03:32:00+00:00,28.766666666666666,True,stop,5.000067439978408,-1.0460791942960306,2022-01-05 00:01:00+00:00,2022-01-03 00:01:00+00:00,48984.48115421201,42885.059500436655,32.402672000000095
10,1082235.0,1082737.0,1.0,0.045,38405.4,37363.200000000004,37370.700000000004,43578.9,0.8641215,0.8406720000000001,0.143743933179,-46.898999999999866,-48.74753743317887,9807.987236970934,9759.239699537755,0.17620771298370336,57.6081,85.44696749999986,1.0,0.0,0.0,113.0,2022-01-21 13:15:00+00:00,2022-01-21 21:37:00+00:00,2022-01-21 21:38:00+00:00,8.366666666666667,False,stop,5.000000000000014,-1.0469494632513774,2022-01-21 00:01:00+00:00,2022-01-17 00:01:00+00:00,43163.463506043634,38304.92039696025,27.838867499999857
11,1086705.0,1091025.0,1.0,0.034,34249.3,36707.6,32871.4,41138.9,0.5822381000000002,0.6240292000000001,-0.0969329759571313,83.58219999999986,82.472865675957,9759.239699537755,9841.712565213713,0.1193203810800093,38.81587333333334,73.04931450000005,3.0,1.0,0.0,122.0,2022-01-24 15:45:00+00:00,2022-01-27 15:45:00+00:00,2022-01-27 15:45:00+00:00,72.0,True,max_hold,5.00007257420712,1.7604125987960557,2022-01-24 00:01:00+00:00,2022-01-24 00:01:00+00:00,38751.70331332325,33872.41107796182,34.23344116666671
12,1121460.0,1121592.0,1.0,0.052000000000000005,41273.200000000004,40376.8,40384.9,45714.8,1.0731032000000003,1.0497968000000002,0.0,-46.61280000000008,-48.73570000000008,9841.712565213713,9792.976865213712,0.21807245291697824,71.54021333333336,94.48124400000017,1.0,0.0,0.0,124.0,2022-02-17 19:00:00+00:00,2022-02-17 21:12:00+00:00,2022-02-17 21:13:00+00:00,2.2,False,stop,5.000112574580641,-1.05507711358775,2022-02-17 00:01:00+00:00,2022-02-14 00:01:00+00:00,46809.629149029315,41097.54850578415,22.94103066666682
13,1130685.0,1131604.0,1.0,0.06,34991.9,38832.6,34222.200000000004,38840.4,1.049757,1.1649779999999998,-0.5380354192561932,230.4419999999998,228.76530041925602,9792.976865213712,10021.742165632968,0.21438976410307106,69.9838,93.42106499999981,2.0,0.0,0.0,126.0,2022-02-24 04:45:00+00:00,2022-02-24 20:04:00+00:00,2022-02-24 20:05:00+00:00,15.316666666666666,False,target,5.000000000000019,4.953559837582974,2022-02-24 00:01:00+00:00,2022-02-21 00:01:00+00:00,39826.529106453585,34798.641105167866,23.43726499999981
14,1149405.0,1149643.0,-1.0,0.069,41548.9,42224.5,42216.0,38213.4,1.4334370500000002,1.4567452500000002,-0.28825356739066205,-46.616399999999906,-49.218328732609244,10021.742165632968,9972.523836900358,0.28606544177829885,95.56247000000002,110.53456724999991,1.0,0.0,0.0,130.0,2022-03-09 04:45:00+00:00,2022-03-09 08:43:00+00:00,2022-03-09 08:44:00+00:00,3.966666666666667,False,stop,5.000000000000011,-1.0692686434819398,2022-03-09 00:01:00+00:00,2022-03-07 00:01:00+00:00,41637.94944338375,35987.75583431388,14.97209724999989
15,1150920.0,1152131.0,1.0,0.052000000000000005,39198.1,38294.3,38302.0,43678.600000000006,1.0191506000000001,0.9956518000000002,-0.21375988088000003,-46.99759999999978,-48.79864251911978,9972.523836900358,9923.725194381239,0.2043917099960065,67.94337333333334,92.45897699999993,1.0,0.0,0.0,133.0,2022-03-10 06:00:00+00:00,2022-03-11 02:11:00+00:00,2022-03-11 02:12:00+00:00,20.183333333333334,True,stop,5.000000000000016,-1.04724409447606,2022-03-10 00:01:00+00:00,2022-03-07 00:01:00+00:00,45123.986849001536,38976.030910906,24.515603666666593
16,1197825.0,1197847.0,1.0,0.09,39958.9,39448.200000000004,39456.100000000006,42472.9,1.7981505,1.7751690000000002,0.0,-45.96299999999974,-49.536319499999735,9923.725194381239,9874.188874881238,0.36239425513679147,119.8767,126.1687724999996,1.0,0.0,0.0,143.0,2022-04-11 19:45:00+00:00,2022-04-11 20:07:00+00:00,2022-04-11 20:08:00+00:00,0.36666666666666664,False,stop,5.0000000000000435,-1.0946769093078796,2022-04-11 00:01:00+00:00,2022-04-11 00:01:00+00:00,44609.2524181302,39808.18363677106,6.292072499999605
17,1198005.0,1202325.0,1.0,0.044,39914.0,39849.3,38862.6,45171.100000000006,0.878108,0.8766846,-0.2294543174438439,-2.8467999999998717,-4.372138282556028,9874.188874881238,9869.816736598681,0.1778592674551329,58.54053333333333,85.77646000000006,3.0,1.0,0.0,145.0,2022-04-11 22:45:00+00:00,2022-04-14 22:45:00+00:00,2022-04-14 22:45:00+00:00,72.0,True,max_hold,5.000095111280197,-0.09450901573996624,2022-04-11 00:01:00+00:00,2022-04-11 00:01:00+00:00,44609.2524181302,39808.18363677106,27.235926666666728
18,1219305.0,1223625.0,1.0,0.06,38399.0,38592.700000000004,37634.200000000004,42223.0,1.1519700000000002,1.1577810000000002,0.007472417770441511,11.622000000000261,9.304776582229819,9869.816736598681,9879.121513180911,0.23343290574552045,76.798,97.72664999999972,3.0,1.0,0.0,146.0,2022-04-26 17:45:00+00:00,2022-04-29 17:45:00+00:00,2022-04-29 17:45:00+00:00,72.0,True,max_hold,5.000000000000028,0.20277145620270817,2022-04-26 00:01:00+00:00,2022-04-25 00:01:00+00:00,42805.03029619077,38150.86473949594,20.92864999999972
19,1230930.0,1232108.0,-1.0,0.092,39832.0,37407.4,40318.4,37399.9,1.832272,1.7207404000000002,-0.729361399769372,223.06319999999985,220.23954899976923,9879.121513180911,10099.361062180682,0.37093824538049214,122.15146666666666,127.20104000000013,2.0,0.0,0.0,149.0,2022-05-04 19:30:00+00:00,2022-05-05 15:08:00+00:00,2022-05-05 15:09:00+00:00,19.633333333333333,True,target,5.000205592105245,4.92168614576857,2022-05-04 00:01:00+00:00,2022-05-02 00:01:00+00:00,39935.30870171186,35614.168830727824,5.04957333333347
20,1238835.0,1241544.0,-1.0,0.051000000000000004,31925.600000000002,27228.0,32866.200000000004,27222.5,0.8141028000000001,0.6943140000000001,-0.21501053350477772,239.57760000000013,238.2841937335049,10099.361062180682,10337.645255914187,0.16121867412951305,54.273520000000005,84.60522600000012,2.0,0.0,0.0,151.0,2022-05-10 07:15:00+00:00,2022-05-12 04:24:00+00:00,2022-05-12 04:25:00+00:00,45.15,True,target,5.000106315118001,4.967296505224123,2022-05-10 00:01:00+00:00,2022-05-09 00:01:00+00:00,32009.915673323332,28222.479958386193,30.33170600000011
21,1241610.0,1242951.0,1.0,0.068,27175.5,30767.800000000003,26455.800000000003,30774.0,0.9239670000000001,1.0461052000000002,-1.233280809538016,244.27640000000022,243.53960860953825,10337.645255914187,10581.184864523724,0.17875773004909348,61.59780000000001,90.5181149999998,2.0,0.0,0.0,160.0,2022-05-12 05:30:00+00:00,2022-05-13 03:51:00+00:00,2022-05-13 03:52:00+00:00,22.35,True,target,5.00000000000002,4.976330182705604,2022-05-12 00:01:00+00:00,2022-05-09 00:01:00+00:00,31292.331369866515,27014.228185760323,28.92031499999979
22,1268505.0,1272825.0,-1.0,0.052000000000000005,31590.800000000003,30291.7,32561.0,26739.800000000003,0.8213608000000002,0.7875842000000002,-1.030559950746404,67.55320000000012,66.97481495074653,10581.184864523724,10648.159679474473,0.15524930535026069,54.757386666666676,87.41163599999986,3.0,1.0,0.0,165.0,2022-05-30 21:45:00+00:00,2022-06-02 21:45:00+00:00,2022-06-02 21:45:00+00:00,72.0,True,max_hold,5.000000000000015,1.3275378381687108,2022-05-30 00:01:00+00:00,2022-05-30 00:01:00+00:00,31756.23262408621,27316.446447178692,32.65424933333318
23,1278915.0,1283235.0,1.0,0.10400000000000001,29432.2,30167.7,28956.100000000002,31812.7,1.5304744000000001,1.5687204000000001,1.7589966923147844,76.492,71.63380850768522,10648.159679474473,10719.793487982157,0.28746270643370647,102.03162666666667,118.38574799999986,3.0,1.0,0.0,170.0,2022-06-07 03:15:00+00:00,2022-06-10 03:15:00+00:00,2022-06-10 03:15:00+00:00,72.0,True,max_hold,5.000000000000015,1.4467267806473556,2022-06-07 00:01:00+00:00,2022-06-06 00:01:00+00:00,33476.36087995483,29379.682844467145,16.354121333333197
24,1287855.0,1287888.0,1.0,0.105,24815.7,24332.5,24337.4,27207.2,1.30282425,1.27745625,0.0,-50.736000000000075,-53.316280500000076,10719.793487982157,10666.477207482156,0.24306890826965685,86.85494999999999,108.84859124999993,1.0,0.0,0.0,171.0,2022-06-13 08:15:00+00:00,2022-06-13 08:48:00+00:00,2022-06-13 08:49:00+00:00,0.55,False,stop,5.000000000000008,-1.0616226217854934,2022-06-13 00:01:00+00:00,2022-06-13 00:01:00+00:00,28510.492885982076,24751.704185267437,21.99364124999994
25,1290750.0,1291365.0,1.0,0.135,20462.2,22307.2,20092.300000000003,22311.7,1.3811985000000002,1.5057360000000002,-0.01925125947,249.07500000000002,246.20731675947,10666.477207482156,10912.684524241626,0.25897931868848667,92.07990000000001,112.09043249999971,2.0,0.0,0.0,172.0,2022-06-15 08:30:00+00:00,2022-06-15 18:45:00+00:00,2022-06-15 18:46:00+00:00,10.25,False,target,5.000000000000029,4.930407953290107,2022-06-15 00:01:00+00:00,2022-06-13 00:01:00+00:00,24026.75673698526,20369.53470863704,20.010532499999698
26,1292955.0,1293071.0,1.0,0.10400000000000001,20749.2,20249.0,20253.100000000002,23229.7,1.0789584000000003,1.0529480000000002,0.0,-52.02080000000008,-54.15270640000008,10912.684524241626,10858.531817841626,0.19774390024804317,71.93056000000001,100.14752799999985,1.0,0.0,0.0,174.0,2022-06-16 21:15:00+00:00,2022-06-16 23:11:00+00:00,2022-06-16 23:12:00+00:00,1.9333333333333333,False,stop,5.000000000000015,-1.0495849627091358,2022-06-16 00:01:00+00:00,2022-06-13 00:01:00+00:00,24584.489940739983,20715.99034503583,28.216967999999838
27,1295850.0,1300170.0,1.0,0.041,18668.2,20907.300000000003,17387.7,25070.7,0.38269810000000004,0.42859965000000005,0.2575274287152441,91.8031000000001,90.73427482128486,10858.531817841626,10949.26609266291,0.0704880008494684,25.51320666666667,69.7219145,3.0,1.0,0.0,175.0,2022-06-18 21:30:00+00:00,2022-06-21 21:30:00+00:00,2022-06-21 21:30:00+00:00,72.0,True,max_hold,5.0,1.7282554417821707,2022-06-18 00:01:00+00:00,2022-06-13 00:01:00+00:00,22529.030505382798,18576.082232655714,44.20870783333333
28,1338270.0,1338716.0,-1.0,0.111,22237.5,22704.800000000003,22700.2,19923.9,1.23418125,1.2601164000000002,0.0,-51.87030000000033,-54.36459765000033,10949.26609266291,10894.90149501291,0.22543634240965674,82.27875,106.89785625000007,1.0,0.0,0.0,178.0,2022-07-18 08:30:00+00:00,2022-07-18 15:56:00+00:00,2022-07-18 15:57:00+00:00,7.433333333333334,False,stop,5.000216122757715,-1.0585069159282519,2022-07-18 00:01:00+00:00,2022-07-18 00:01:00+00:00,22392.725820947537,19310.15789759279,24.619106250000073
29,1352130.0,1352326.0,-1.0,0.176,22862.100000000002,23146.9,23142.2,21461.600000000002,2.0118648,2.0369272,-0.37270629862399995,-50.12479999999987,-53.80088570137587,10894.90149501291,10841.100609311532,0.36932225608848723,134.12432,139.83151599999977,1.0,0.0,0.0,181.0,2022-07-27 23:30:00+00:00,2022-07-28 02:46:00+00:00,2022-07-28 02:47:00+00:00,3.2666666666666666,True,stop,5.000000000000026,-1.0913489845626594,2022-07-27 00:01:00+00:00,2022-07-25 00:01:00+00:00,22900.571259874596,19701.695467769332,5.707195999999755
30,1384365.0,1384506.0,1.0,0.15,21821.5,21482.600000000002,21486.9,23494.5,1.6366125,1.6111950000000002,0.0,-50.834999999999674,-54.082807499999674,10841.100609311532,10787.017801811531,0.3019273704727538,109.1075,123.83756249999978,1.0,0.0,0.0,182.0,2022-08-19 08:45:00+00:00,2022-08-19 11:06:00+00:00,2022-08-19 11:07:00+00:00,2.35,False,stop,5.000000000000021,-1.0775614166168543,2022-08-19 00:01:00+00:00,2022-08-15 00:01:00+00:00,24778.35616146022,21694.290715140058,14.730062499999775
31,1414530.0,1414616.0,-1.0,0.17300000000000001,20620.0,20910.300000000003,20906.100000000002,19189.4,1.78363,1.8087409500000005,-0.3567927150843981,-50.22190000000051,-53.45747823491612,10787.017801811531,10733.560323576616,0.33069937081228584,118.90866666666668,129.7586500000004,1.0,0.0,0.0,186.0,2022-09-09 07:30:00+00:00,2022-09-09 08:56:00+00:00,2022-09-09 08:57:00+00:00,1.4333333333333333,False,stop,5.000349528136971,-1.0800516056052938,2022-09-09 00:01:00+00:00,2022-09-05 00:01:00+00:00,20724.907229873552,17990.385305684904,10.84998333333371
32,1420815.0,1420966.0,1.0,0.151,20863.2,20529.4,20533.600000000002,22511.2,1.5751716,1.5499697000000001,0.0,-50.40379999999989,-53.528941299999886,10733.560323576616,10680.031382276617,0.29350402895488165,105.01144,120.65232199999976,1.0,0.0,0.0,188.0,2022-09-13 16:15:00+00:00,2022-09-13 18:46:00+00:00,2022-09-13 18:47:00+00:00,2.5166666666666666,False,stop,5.000000000000022,-1.0755348907767015,2022-09-13 00:01:00+00:00,2022-09-12 00:01:00+00:00,24030.952663054617,20853.646670880673,15.640881999999763
33,1500750.0,1500793.0,1.0,0.14100000000000001,19759.5,19402.4,19406.3,21525.600000000002,1.3930447500000003,1.3678692000000003,0.0,-50.351099999999796,-53.1120139499998,10680.031382276617,10626.919368326617,0.26086903682918783,92.86965000000002,112.48821375000011,1.0,0.0,0.0,190.0,2022-11-08 04:30:00+00:00,2022-11-08 05:13:00+00:00,2022-11-08 05:14:00+00:00,0.7166666666666667,False,stop,5.00028312570781,-1.0664806058890084,2022-11-08 00:01:00+00:00,2022-11-07 00:01:00+00:00,21662.963187084824,19548.515791804162,19.618563750000092
34,1501335.0,1501358.0,1.0,0.222,19585.600000000002,19366.7,19370.600000000002,20660.600000000002,2.1740016,2.1497037,0.0,-48.595800000000324,-52.919505300000324,10626.919368326617,10573.999863026616,0.4091499191157093,144.93344,145.56007200000002,1.0,0.0,0.0,192.0,2022-11-08 14:15:00+00:00,2022-11-08 14:38:00+00:00,2022-11-08 14:39:00+00:00,0.38333333333333336,False,stop,5.0,-1.108726279069774,2022-11-08 00:01:00+00:00,2022-11-07 00:01:00+00:00,21662.963187084824,19548.515791804162,0.6266320000000292
35,1501455.0,1501565.0,1.0,0.05,20185.9,19153.600000000002,19157.5,25328.0,0.5046475,0.4788400000000001,0.0,-51.61499999999997,-52.59848749999996,10573.999863026616,10521.401375526617,0.09545063486610521,33.643166666666666,74.12913750000007,1.0,0.0,0.0,193.0,2022-11-08 16:15:00+00:00,2022-11-08 18:05:00+00:00,2022-11-08 18:06:00+00:00,1.8333333333333333,False,stop,5.000097238428618,-1.0229188545313086,2022-11-08 00:01:00+00:00,2022-11-07 00:01:00+00:00,21662.963187084824,19548.515791804162,40.485970833333404
36,1502565.0,1502856.0,1.0,0.089,17675.9,17108.3,17111.8,20496.5,0.78657755,0.76131935,0.0,-50.51640000000019,-52.06429690000019,10521.401375526617,10469.337078626617,0.14951954058698388,52.43850333333333,85.60088975000018,1.0,0.0,0.0,194.0,2022-11-09 10:45:00+00:00,2022-11-09 15:36:00+00:00,2022-11-09 15:37:00+00:00,4.85,False,stop,5.00017727353304,-1.0370361638007444,2022-11-09 00:01:00+00:00,2022-11-07 00:01:00+00:00,19591.859692817514,17533.259291660423,33.16238641666685
37,1505685.0,1509144.0,1.0,0.127,16587.0,16192.2,16195.5,18544.5,1.0532745000000001,1.0282047,-0.08994863365386388,-50.13959999999991,-52.13113056634605,10469.337078626617,10417.205948060271,0.20121130728521164,70.2183,97.1178525,1.0,0.0,0.0,198.0,2022-11-11 14:45:00+00:00,2022-11-14 00:24:00+00:00,2022-11-14 00:25:00+00:00,57.65,True,stop,5.0,-1.0484836348457085,2022-11-11 00:01:00+00:00,2022-11-07 00:01:00+00:00,18927.800500709553,16343.037004664315,26.8995525
38,1595190.0,1595335.0,-1.0,0.109,18631.4,19087.2,19083.3,16371.900000000001,1.0154113,1.0402524000000002,0.0,-49.68219999999992,-51.73786369999992,10417.205948060271,10365.468084360271,0.1949488768990065,67.69408666666668,94.95060849999976,1.0,0.0,0.0,199.0,2023-01-12 18:30:00+00:00,2023-01-12 20:55:00+00:00,2023-01-12 20:56:00+00:00,2.4166666666666665,False,stop,5.000000000000024,-1.0503635760123957,2023-01-12 00:01:00+00:00,2023-01-09 00:01:00+00:00,18679.805620967836,17221.235649738668,27.256521833333082
39,1597050.0,1599916.0,-1.0,0.082,20730.0,21339.100000000002,21334.800000000003,17705.9,0.8499300000000001,0.8749031000000002,-1.91659341055476,-49.94620000000018,-49.75443968944542,10365.468084360271,10315.713644670823,0.1639925940792582,56.662000000000006,87.84045000000023,1.0,0.0,0.0,200.0,2023-01-14 01:30:00+00:00,2023-01-16 01:16:00+00:00,2023-01-16 01:17:00+00:00,47.766666666666666,True,stop,5.0001653439153175,-1.0032431541458007,2023-01-14 00:01:00+00:00,2023-01-09 00:01:00+00:00,20856.48750467302,19033.58585912684,31.178450000000225
40,1606875.0,1606940.0,-1.0,0.127,22205.4,22587.5,22582.9,20317.9,1.4100429,1.4343062500000001,0.0,-48.52669999999981,-51.37104914999981,10315.713644670823,10264.342595520824,0.2733776738225841,94.00286000000001,111.39443050000001,1.0,0.0,0.0,211.0,2023-01-20 21:15:00+00:00,2023-01-20 22:20:00+00:00,2023-01-20 22:21:00+00:00,1.0833333333333333,False,stop,5.0,-1.0715137748344332,2023-01-20 00:01:00+00:00,2023-01-16 00:01:00+00:00,22335.038857346062,19873.4046412464,17.3915705
41,1621365.0,1625685.0,1.0,0.126,22720.4,23547.9,22341.600000000002,24614.4,1.4313852000000002,1.4835177000000002,2.6388807225400623,104.265,98.71121637745993,10264.342595520824,10363.053811898286,0.2789044084761222,95.42568000000001,112.14113399999991,3.0,1.0,0.0,213.0,2023-01-30 22:45:00+00:00,2023-02-02 22:45:00+00:00,2023-02-02 22:45:00+00:00,72.0,True,max_hold,5.00000000000001,2.068168828410941,2023-01-30 00:01:00+00:00,2023-01-30 00:01:00+00:00,25021.454558701236,22524.743426397123,16.715453999999895
42,1635630.0,1635774.0,1.0,0.196,21924.9,21683.300000000003,21687.7,23111.0,2.1486402000000004,2.1249634000000004,0.0,-47.353599999999716,-51.62720359999972,10363.053811898286,10311.426608298287,0.4146731724065835,143.24268,143.24268,1.0,0.0,0.0,214.0,2023-02-09 20:30:00+00:00,2023-02-09 22:54:00+00:00,2023-02-09 22:55:00+00:00,2.4,False,stop,5.000421585160181,-1.1104725969645775,2023-02-09 00:01:00+00:00,2023-02-06 00:01:00+00:00,24121.03651887512,21847.04394430291,0.0
43,1647240.0,1649719.0,-1.0,0.108,24478.800000000003,24931.100000000002,24926.100000000002,22242.300000000003,1.3218552000000001,1.3462794000000002,-1.3283051777753039,-48.84839999999992,-50.188229422224616,10311.426608298287,10261.238378876062,0.2563864827270779,88.12368000000001,107.79188399999992,1.0,0.0,0.0,217.0,2023-02-17 22:00:00+00:00,2023-02-19 15:19:00+00:00,2023-02-19 15:20:00+00:00,41.31666666666667,True,stop,5.000000000000008,-1.038913096319164,2023-02-17 00:01:00+00:00,2023-02-13 00:01:00+00:00,24668.857121974022,22437.23350551833,19.668203999999918
44,1666230.0,1670550.0,1.0,0.076,22397.9,22326.4,21755.300000000003,25610.9,0.8511202000000001,0.8484032000000001,0.20748935693739123,-5.434,-7.341012756937392,10261.238378876062,10253.897366119121,0.1658903474559423,56.74134666666667,87.13800899999988,3.0,1.0,0.0,220.0,2023-03-03 02:30:00+00:00,2023-03-06 02:30:00+00:00,2023-03-06 02:30:00+00:00,72.0,True,max_hold,5.0000000000000115,-0.1503147729810107,2023-03-03 00:01:00+00:00,2023-02-27 00:01:00+00:00,24604.049739177415,22363.616812798555,30.39666233333321
45,1683015.0,1686624.0,-1.0,0.077,25344.7,25980.2,25975.0,22193.2,0.97577095,1.0002377,-1.7013743829548555,-48.9335,-49.208134267045146,10253.897366119121,10204.689231852077,0.19032196542636318,65.05139666666666,92.44279274999994,1.0,0.0,0.0,234.0,2023-03-14 18:15:00+00:00,2023-03-17 06:24:00+00:00,2023-03-17 06:25:00+00:00,60.15,True,stop,5.000000000000005,-1.0139087399536648,2023-03-14 00:01:00+00:00,2023-03-13 00:01:00+00:00,25433.322785135784,22873.54606256943,27.391396083333277
46,1687080.0,1687402.0,-1.0,0.125,26447.9,26826.7,26821.300000000003,24580.800000000003,1.65299375,1.6766687500000002,-0.33016498439337505,-47.34999999999991,-50.34949751560653,10204.689231852077,10154.339734336469,0.3239674844463625,110.19958333333334,121.05971875000017,1.0,0.0,0.0,236.0,2023-03-17 14:00:00+00:00,2023-03-17 19:22:00+00:00,2023-03-17 19:23:00+00:00,5.366666666666666,False,stop,5.000267809319741,-1.0787251744104196,2023-03-17 00:01:00+00:00,2023-03-13 00:01:00+00:00,26456.38660803461,23605.64582807911,10.860135416666836
47,1744710.0,1745040.0,-1.0,0.115,29633.9,27630.5,30035.7,27624.9,1.7039492500000002,1.5887537500000002,-0.34280580000000005,230.3910000000002,227.4411028000002,10154.339734336469,10381.780837136468,0.33561005335249283,113.59661666666668,122.88471624999991,2.0,0.0,0.0,244.0,2023-04-26 14:30:00+00:00,2023-04-26 20:00:00+00:00,2023-04-26 20:01:00+00:00,5.5,False,target,5.000000000000009,4.922221801891502,2023-04-26 00:01:00+00:00,2023-04-24 00:01:00+00:00,29713.801545329407,26928.139627955832,9.288099583333235
48,1746420.0,1750740.0,-1.0,0.152,29752.800000000003,29575.300000000003,30058.100000000002,28226.300000000003,2.2612128000000005,2.2477228,-2.3133860898439567,26.98,24.78445048984396,10381.780837136468,10406.565287626314,0.4356117385779248,150.74752,150.74752,3.0,1.0,0.0,249.0,2023-04-27 19:00:00+00:00,2023-04-30 19:00:00+00:00,2023-04-30 19:00:00+00:00,72.0,True,max_hold,5.0000000000000115,0.534083181552313,2023-04-27 00:01:00+00:00,2023-04-24 00:01:00+00:00,29832.062989226353,27028.87618268973,0.0
49,1752255.0,1755264.0,1.0,0.17300000000000001,27903.5,29226.100000000002,27637.800000000003,29232.0,2.4136527500000002,2.52805765,1.3771992987803527,228.8098000000004,222.49089030122005,10406.565287626314,10629.056177927534,0.46387115888657293,160.91018333333335,160.91018333333335,2.0,0.0,0.0,251.0,2023-05-01 20:15:00+00:00,2023-05-03 22:24:00+00:00,2023-05-03 22:25:00+00:00,50.15,True,target,5.000000000000055,4.840325594323262,2023-05-01 00:01:00+00:00,2023-05-01 00:01:00+00:00,30678.11208364231,27836.90621742488,0.0
50,1803945.0,1804044.0,-1.0,0.216,26677.100000000002,26895.800000000003,26890.4,25610.600000000002,2.8811268,2.9047464000000005,0.0,-47.23920000000016,-53.02507320000016,10629.056177927534,10576.031104727534,0.542122790917785,192.07512,192.07512000000003,1.0,0.0,0.0,254.0,2023-06-06 17:45:00+00:00,2023-06-06 19:24:00+00:00,2023-06-06 19:25:00+00:00,1.65,False,stop,5.000000000000017,-1.1508975621190884,2023-06-06 00:01:00+00:00,2023-06-05 00:01:00+00:00,26699.187524038243,24766.51379352486,2.842170943040401e-14
51,1805655.0,1808903.0,1.0,0.14300000000000002,26330.100000000002,25988.100000000002,25993.300000000003,28014.100000000002,1.8826021500000005,1.8581491500000005,1.5225573953104856,-48.906000000000006,-54.1693086953105,10576.031104727534,10521.861796032223,0.35601297525656267,125.50681000000003,132.8794967499999,1.0,0.0,0.0,257.0,2023-06-07 22:15:00+00:00,2023-06-10 04:23:00+00:00,2023-06-10 04:24:00+00:00,54.13333333333333,True,stop,5.000000000000011,-1.1247219552038648,2023-06-07 00:01:00+00:00,2023-06-05 00:01:00+00:00,28271.5468178761,26210.453464875838,7.372686749999872
52,1809675.0,1813995.0,1.0,0.112,25675.600000000002,25852.0,25237.800000000003,27864.600000000002,1.4378336000000003,1.447712,1.4943009790008264,19.756799999999757,15.37695342099893,10521.861796032223,10537.238749453223,0.2733040269626436,95.85557333333334,113.73611199999992,3.0,1.0,0.0,258.0,2023-06-10 17:15:00+00:00,2023-06-13 17:15:00+00:00,2023-06-13 17:15:00+00:00,72.0,True,max_hold,5.000000000000008,0.313600335708554,2023-06-10 00:01:00+00:00,2023-06-05 00:01:00+00:00,27513.973918273594,25461.98232545093,17.88053866666658
53,1815675.0,1819995.0,1.0,0.115,25103.100000000002,26512.9,24678.100000000002,27228.100000000002,1.4434282500000002,1.5244917500000001,1.2558341867725886,162.12699999999992,157.90324581322733,10537.238749453223,10695.141995266451,0.2739670770152948,96.22855000000001,113.82927125,3.0,1.0,0.0,259.0,2023-06-14 21:15:00+00:00,2023-06-17 21:15:00+00:00,2023-06-17 21:15:00+00:00,72.0,True,max_hold,5.0,3.230756947585214,2023-06-14 00:01:00+00:00,2023-06-12 00:01:00+00:00,26978.04383770531,24899.608290396227,17.600721249999992
54,1824165.0,1824287.0,-1.0,0.151,27917.4,28242.9,28237.2,26318.4,2.1077637,2.13233895,0.0,-49.1505,-53.39060265,10695.141995266451,10641.751392616452,0.3941534765845788,140.51758,143.1391664999999,1.0,0.0,0.0,260.0,2023-06-20 18:45:00+00:00,2023-06-20 20:47:00+00:00,2023-06-20 20:48:00+00:00,2.033333333333333,False,stop,5.0000000000000115,-1.1056289868667943,2023-06-20 00:01:00+00:00,2023-06-19 00:01:00+00:00,27958.85185756909,25743.847276587738,2.621586499999893
55,1828350.0,1832670.0,-1.0,0.066,30892.7,30307.9,31656.5,27073.7,1.0194591,1.0001607000000001,-1.8131186795010963,38.59679999999995,38.390298879501046,10641.751392616452,10680.141691495954,0.1915961127803323,67.96394000000001,96.28645949999995,3.0,1.0,0.0,264.0,2023-06-23 16:30:00+00:00,2023-06-26 16:30:00+00:00,2023-06-26 16:30:00+00:00,72.0,True,max_hold,5.000000000000004,0.7615490902644093,2023-06-23 00:01:00+00:00,2023-06-19 00:01:00+00:00,31276.34018646371,28536.447029255607,28.32251949999994
56,1857360.0,1861680.0,-1.0,0.123,31594.100000000002,30245.7,31988.2,29623.600000000002,1.94303715,1.8601105500000001,-1.6388504679105171,165.8532000000002,163.6889027679107,10680.141691495954,10843.830594263865,0.3638598075055765,129.53581,135.91097174999982,3.0,1.0,0.0,265.0,2023-07-13 20:00:00+00:00,2023-07-16 20:00:00+00:00,2023-07-16 20:00:00+00:00,72.0,True,max_hold,5.000000000000019,3.3768182886170877,2023-07-13 00:01:00+00:00,2023-07-10 00:01:00+00:00,31602.705080748656,29183.264054564024,6.375161749999819
57,1872930.0,1877250.0,1.0,0.125,29102.2,29309.5,28704.600000000002,31090.2,1.8188875,1.83184375,2.4184439497676617,25.91249999999991,19.843324800232246,10843.830594263865,10863.673919064096,0.3354695527910864,121.25916666666667,131.5499374999998,3.0,1.0,0.0,272.0,2023-07-24 15:30:00+00:00,2023-07-27 15:30:00+00:00,2023-07-27 15:30:00+00:00,72.0,True,max_hold,5.000000000000019,0.3992620684151372,2023-07-24 00:01:00+00:00,2023-07-24 00:01:00+00:00,31188.73204054355,28992.939227683997,10.290770833333127
58,1894890.0,1899210.0,-1.0,0.114,29919.2,29427.9,30356.800000000003,27731.100000000002,1.7053944,1.6773903000000003,-2.760856816384696,56.00819999999992,55.38627211638461,10863.673919064096,10919.06019118048,0.31396273722967555,113.69296000000001,126.62914800000026,3.0,1.0,0.0,273.0,2023-08-08 21:30:00+00:00,2023-08-11 21:30:00+00:00,2023-08-11 21:30:00+00:00,72.0,True,max_hold,5.000228519195584,1.110247925614683,2023-08-08 00:01:00+00:00,2023-08-07 00:01:00+00:00,30152.38711048019,28282.924471793795,12.936188000000243
59,1907550.0,1907810.0,1.0,0.168,27887.9,27590.9,27596.5,29345.0,2.3425836000000007,2.3176356,0.0,-49.896,-54.5562192,10919.06019118048,10864.50397198048,0.42908154346326377,156.17224000000002,156.17224000000002,1.0,0.0,0.0,274.0,2023-08-17 16:30:00+00:00,2023-08-17 20:50:00+00:00,2023-08-17 20:51:00+00:00,4.333333333333333,False,stop,5.000343170899078,-1.1144111187371255,2023-08-17 00:01:00+00:00,2023-08-14 00:01:00+00:00,29635.174595816694,27822.23417291386,0.0
60,1909050.0,1913370.0,1.0,0.122,25905.4,26045.7,25493.0,27967.5,1.5802294,1.5887877000000001,-0.5451393081985314,17.11659999999991,14.49272220819844,10864.50397198048,10878.99669418868,0.2908976616098455,105.34862666666666,121.42312300000019,3.0,1.0,0.0,275.0,2023-08-18 17:30:00+00:00,2023-08-21 17:30:00+00:00,2023-08-21 17:30:00+00:00,72.0,True,max_hold,5.000242483026167,0.28805238842199976,2023-08-18 00:01:00+00:00,2023-08-14 00:01:00+00:00,27563.38799586822,25689.009427873716,16.074496333333528
61,1927755.0,1927873.0,1.0,0.136,26382.800000000003,26010.0,26015.300000000003,28220.300000000003,1.7940304000000005,1.76868,0.0,-50.7008000000004,-54.2635104000004,10878.99669418868,10824.73318378868,0.329815414128829,119.60202666666669,130.71136800000002,1.0,0.0,0.0,276.0,2023-08-31 17:15:00+00:00,2023-08-31 19:13:00+00:00,2023-08-31 19:14:00+00:00,1.9666666666666666,False,stop,5.0,-1.0857044897959263,2023-08-31 00:01:00+00:00,2023-08-28 00:01:00+00:00,28240.325876772982,26372.426982953228,11.109341333333333
62,1943775.0,1947681.0,1.0,0.159,25089.600000000002,26631.300000000003,24780.2,26636.7,1.9946232000000004,2.1171883500000006,0.6259617443661175,245.13030000000012,240.392526705634,10824.73318378868,11065.125710494314,0.3685306909896282,132.97488,138.95264400000025,2.0,0.0,0.0,277.0,2023-09-11 20:15:00+00:00,2023-09-14 13:21:00+00:00,2023-09-14 13:22:00+00:00,65.1,True,target,5.000323206205531,4.886563295679462,2023-09-11 00:01:00+00:00,2023-09-11 00:01:00+00:00,26789.448069562397,24901.828691198458,5.977764000000235
63,1993800.0,1998120.0,-1.0,0.019,27980.9,28469.100000000002,30823.4,13768.400000000001,0.26581855000000004,0.27045645,-0.023400377443026036,-9.275800000000014,-9.788674622556988,11065.125710494314,11055.337035871758,0.04804618708450716,17.721236666666666,65.96933474999999,3.0,1.0,0.0,286.0,2023-10-16 14:00:00+00:00,2023-10-19 14:00:00+00:00,2023-10-19 14:00:00+00:00,72.0,True,max_hold,5.0,-0.18124657913358308,2023-10-16 00:01:00+00:00,2023-10-16 00:01:00+00:00,28060.62097932835,26249.196145110767,48.24809808333332
64,1999260.0,1999340.0,-1.0,0.195,29713.800000000003,29966.300000000003,29960.300000000003,28481.300000000003,2.8970955000000003,2.9217142500000004,0.0,-49.237500000000004,-55.056309750000004,11055.337035871758,11000.280726121759,0.5241080377015485,193.13970000000003,193.13970000000003,1.0,0.0,0.0,289.0,2023-10-20 09:00:00+00:00,2023-10-20 10:20:00+00:00,2023-10-20 10:21:00+00:00,1.3333333333333333,False,stop,5.0,-1.1453957403651116,2023-10-20 00:01:00+00:00,2023-10-16 00:01:00+00:00,29769.42633989392,27663.014403015688,0.0
65,1999470.0,2001220.0,-1.0,0.109,29582.600000000002,30053.800000000003,30047.7,27257.100000000002,1.6122517,1.6379321000000002,-0.3668474354365588,-51.360800000000076,-54.244136364563516,11000.280726121759,10946.036589757194,0.29312919190716197,107.48344666666667,123.24722649999984,1.0,0.0,0.0,291.0,2023-10-20 12:30:00+00:00,2023-10-21 17:40:00+00:00,2023-10-21 17:41:00+00:00,29.166666666666668,True,stop,5.000000000000016,-1.0699905981462738,2023-10-20 00:01:00+00:00,2023-10-16 00:01:00+00:00,29769.42633989392,27663.014403015688,15.763779833333174
66,2004075.0,2004247.0,-1.0,0.17,31152.600000000002,31442.7,31436.4,29733.600000000002,2.6479710000000005,2.6726295000000007,0.0,-49.31699999999976,-54.637600499999756,10946.036589757194,10891.398989257194,0.4838227934443143,176.53140000000002,176.53140000000002,1.0,0.0,0.0,292.0,2023-10-23 17:15:00+00:00,2023-10-23 20:07:00+00:00,2023-10-23 20:08:00+00:00,2.8666666666666667,False,stop,5.000000000000012,-1.1324793868921754,2023-10-23 00:01:00+00:00,2023-10-23 00:01:00+00:00,31199.623238847355,28810.93580421097,0.0
67,2004705.0,2006852.0,-1.0,0.11900000000000001,34474.4,34896.700000000004,34889.700000000004,32397.800000000003,2.0512268000000002,2.0763536500000006,-1.6120504294056472,-50.25370000000035,-52.769230020594705,10891.398989257194,10838.629759236597,0.37666911331101577,136.74845333333334,141.72590600000035,1.0,0.0,0.0,294.0,2023-10-24 03:45:00+00:00,2023-10-25 15:32:00+00:00,2023-10-25 15:33:00+00:00,35.78333333333333,True,stop,5.000240789790475,-1.0677556169903366,2023-10-24 00:01:00+00:00,2023-10-23 00:01:00+00:00,34519.623494274616,31688.91677458276,4.977452666667006
68,2028390.0,2032710.0,-1.0,0.045,37566.0,37171.5,38718.4,31803.9,0.8452350000000001,0.83635875,-2.1983143696659915,17.752499999999998,18.26922061966599,10838.629759236597,10856.89897985626,0.15596713215149677,56.349000000000004,89.89357500000006,3.0,1.0,0.0,300.0,2023-11-09 14:30:00+00:00,2023-11-12 14:30:00+00:00,2023-11-12 14:30:00+00:00,72.0,True,max_hold,5.000086775425192,0.35229319718589164,2023-11-09 00:01:00+00:00,2023-11-06 00:01:00+00:00,37591.156228541775,33764.90324408509,33.54457500000005
69,2037345.0,2041665.0,-1.0,0.07100000000000001,37345.6,36675.200000000004,38057.700000000004,33785.0,1.3257688,1.3019696000000003,-2.5331176097159003,47.59839999999959,47.503779209715496,10856.89897985626,10904.402759065975,0.24422605431989616,88.38458666666666,110.21869600000043,3.0,1.0,0.0,302.0,2023-11-15 19:45:00+00:00,2023-11-18 19:45:00+00:00,2023-11-18 19:45:00+00:00,72.0,True,max_hold,5.000140429714885,0.93956932005742,2023-11-15 00:01:00+00:00,2023-11-13 00:01:00+00:00,37470.12900949428,33745.34634454053,21.83410933333377
70,2047545.0,2049814.0,-1.0,0.1,37591.4,38097.1,38089.4,35101.4,1.8795700000000002,1.904855,-1.8656910000000002,-50.56999999999971,-52.48873399999971,10904.402759065975,10851.914025065975,0.3447359826171711,125.30466666666668,134.38065,1.0,0.0,0.0,309.0,2023-11-22 21:45:00+00:00,2023-11-24 11:34:00+00:00,2023-11-24 11:35:00+00:00,37.81666666666667,True,stop,5.0,-1.0539906425702752,2023-11-22 00:01:00+00:00,2023-11-20 00:01:00+00:00,37617.8415473897,33950.19800354867,9.075983333333326
71,2064195.0,2064858.0,-1.0,0.056,41483.9,42405.3,42396.8,36919.3,1.1615492000000003,1.1873484,-0.2311428,-51.59840000000008,-53.71615480000008,10851.914025065975,10798.197870265974,0.21407268751245723,77.43661333333334,103.39211400000009,1.0,0.0,0.0,311.0,2023-12-04 11:15:00+00:00,2023-12-04 22:18:00+00:00,2023-12-04 22:19:00+00:00,11.05,False,stop,5.000109541023104,-1.0507361704458318,2023-12-04 00:01:00+00:00,2023-12-04 00:01:00+00:00,41931.843983200786,38118.43840519772,25.95550066666675
72,2064930.0,2065860.0,-1.0,0.098,41805.8,42310.3,42301.8,39325.8,2.0484842000000003,2.0732047000000002,-0.8185379706198381,-49.441,-52.74415092938016,10798.197870265974,10745.453719336592,0.37941223611779273,136.56561333333335,140.789789,1.0,0.0,0.0,315.0,2023-12-04 23:30:00+00:00,2023-12-05 15:00:00+00:00,2023-12-05 15:01:00+00:00,15.5,True,stop,5.0,-1.0850919792910665,2023-12-04 00:01:00+00:00,2023-12-04 00:01:00+00:00,41931.843983200786,38118.43840519772,4.224175666666667
73,2066280.0,2070562.0,-1.0,0.078,43898.200000000004,44540.600000000006,44531.600000000006,40731.100000000006,1.7120298000000003,1.7370834000000002,-3.8640780152814838,-50.10720000000011,-49.69223518471863,10745.453719336592,10695.761484151875,0.31865193312762197,114.13532000000002,126.44654100000012,1.0,0.0,0.0,316.0,2023-12-05 22:00:00+00:00,2023-12-08 21:22:00+00:00,2023-12-08 21:23:00+00:00,71.36666666666666,True,stop,5.000157878118079,-1.0058098172807421,2023-12-05 00:01:00+00:00,2023-12-04 00:01:00+00:00,44069.3017432583,40014.71268783529,12.311221000000103
74,2073750.0,2078070.0,1.0,0.023,42242.4,42783.700000000004,40025.600000000006,53326.4,0.4857876,0.49201255000000005,0.9096768231153942,12.449900000000067,10.562423026884673,10695.761484151875,10706.323907178761,0.09083740334333394,32.38584,72.8468419999999,3.0,1.0,0.0,318.0,2023-12-11 02:30:00+00:00,2023-12-14 02:30:00+00:00,2023-12-14 02:30:00+00:00,72.0,True,max_hold,5.00000000000001,0.20716157694767026,2023-12-11 00:01:00+00:00,2023-12-11 00:01:00+00:00,46021.705891348814,41704.58401805558,40.461001999999894
75,2107500.0,2111820.0,1.0,0.042,42804.4,43598.5,41592.8,48862.4,0.8988924,0.9155685000000001,1.6458804432297363,33.35219999999994,29.891858656770204,10706.323907178761,10736.21576583553,0.16791802822204516,59.92616,91.33735799999994,3.0,1.0,0.0,323.0,2024-01-03 13:00:00+00:00,2024-01-06 13:00:00+00:00,2024-01-06 13:00:00+00:00,72.0,True,max_hold,5.000000000000006,0.5874140973912936,2024-01-03 00:01:00+00:00,2024-01-01 00:01:00+00:00,47703.186280604714,42411.89249160472,31.411197999999935
76,2115090.0,2116631.0,-1.0,0.053,46684.700000000004,47635.4,47625.8,41979.200000000004,1.23714455,1.2623381,-0.745623856487577,-50.38709999999985,-52.14095879351227,10736.21576583553,10684.07480704202,0.23046193872831897,82.47630333333333,105.54980474999991,1.0,0.0,0.0,330.0,2024-01-08 19:30:00+00:00,2024-01-09 21:11:00+00:00,2024-01-09 21:12:00+00:00,25.683333333333334,True,stop,5.000000000000008,-1.0453635908503767,2024-01-08 00:01:00+00:00,2024-01-08 00:01:00+00:00,46750.92195131036,41254.67531140189,23.073501416666574
77,2120760.0,2121003.0,1.0,0.059000000000000004,43842.9,42992.5,43001.200000000004,48051.4,1.2933655500000003,1.2682787500000001,0.0,-50.173600000000086,-52.73524430000008,10684.07480704202,10631.33956274202,0.24211091242968935,86.22437000000001,107.86174974999983,1.0,0.0,0.0,331.0,2024-01-12 18:00:00+00:00,2024-01-12 22:03:00+00:00,2024-01-12 22:04:00+00:00,4.05,False,stop,5.000000000000017,-1.0619195675418849,2024-01-12 00:01:00+00:00,2024-01-08 00:01:00+00:00,49163.75991124617,43674.27781594125,21.637379749999823
78,2129565.0,2130760.0,1.0,0.08700000000000001,40987.9,40420.200000000004,40428.3,43785.9,1.7829736500000002,1.7582787000000004,1.0744350008298151,-49.38989999999975,-54.005587350829565,10631.33956274202,10577.333975391188,0.3354184370610279,118.86491000000001,128.9190142499999,1.0,0.0,0.0,335.0,2024-01-18 20:45:00+00:00,2024-01-19 16:40:00+00:00,2024-01-19 16:41:00+00:00,19.916666666666668,True,stop,5.000000000000013,-1.1092814110002567,2024-01-18 00:01:00+00:00,2024-01-15 00:01:00+00:00,44984.54792274296,40689.95688705343,10.054104249999881
79,2135280.0,2136070.0,1.0,0.078,39820.600000000006,39182.700000000004,39190.6,42970.700000000004,1.5530034000000004,1.5281253000000001,0.6188761058716861,-49.75620000000011,-53.4562048058718,10577.333975391188,10523.877770585315,0.2936474169413876,103.53356000000002,119.02515300000057,1.0,0.0,0.0,336.0,2024-01-22 20:00:00+00:00,2024-01-23 09:10:00+00:00,2024-01-23 09:11:00+00:00,13.166666666666666,True,stop,5.00015873015867,-1.0878348556343342,2024-01-22 00:01:00+00:00,2024-01-22 00:01:00+00:00,43472.20773111533,39770.154087723924,15.491593000000549
80,2160870.0,2161091.0,-1.0,0.05,46910.5,47914.4,47904.8,41938.9,1.1727625000000002,1.1978600000000001,-0.23099437845000004,-50.19500000000008,-52.334628121550075,10523.877770585315,10471.543142463765,0.22287649582512656,78.18416666666667,102.48931250000015,1.0,0.0,0.0,340.0,2024-02-09 14:30:00+00:00,2024-02-09 18:11:00+00:00,2024-02-09 18:12:00+00:00,3.683333333333333,False,stop,5.000100573267609,-1.052692912029567,2024-02-09 00:01:00+00:00,2024-02-05 00:01:00+00:00,47102.0460206837,43507.48190238072,24.305145833333484
81,2186700.0,2187815.0,-1.0,0.05,56830.8,57817.4,57805.8,51955.8,1.4207700000000003,1.4454350000000002,-1.4146578482952208,-49.32999999999993,-50.78154715170471,10471.543142463765,10420.761595312058,0.27135828610370766,94.71800000000002,112.68464999999999,1.0,0.0,0.0,342.0,2024-02-27 13:00:00+00:00,2024-02-28 07:35:00+00:00,2024-02-28 07:36:00+00:00,18.583333333333332,True,stop,5.0,-1.0416727620862505,2024-02-27 00:01:00+00:00,2024-02-26 00:01:00+00:00,57307.32840081916,51852.26074013815,17.966649999999973
82,2188590.0,2188744.0,-1.0,0.033,60007.600000000006,61521.600000000006,61509.200000000004,52499.600000000006,0.9901254000000002,1.0151064,0.0,-49.962,-51.9672318,10420.761595312058,10368.79436351206,0.19002937375429899,66.00836000000001,94.10844299999995,1.0,0.0,0.0,345.0,2024-02-28 20:30:00+00:00,2024-02-28 23:04:00+00:00,2024-02-28 23:05:00+00:00,2.566666666666667,False,stop,5.000000000000004,-1.0487244272775715,2024-02-28 00:01:00+00:00,2024-02-26 00:01:00+00:00,60034.437200346816,54260.499509291345,28.10008299999994
83,2195640.0,2195941.0,-1.0,0.041,66922.6,68107.0,68093.3,61069.100000000006,1.3719133000000001,1.3961935,0.0,-48.56039999999977,-51.32850679999977,10368.79436351206,10317.46585671206,0.2646234946712384,91.46088666666668,109.73479849999988,1.0,0.0,0.0,346.0,2024-03-04 18:00:00+00:00,2024-03-04 23:01:00+00:00,2024-03-04 23:02:00+00:00,5.016666666666667,False,stop,5.000000000000012,-1.0693728538481229,2024-03-04 00:01:00+00:00,2024-03-04 00:01:00+00:00,67192.20060425201,59404.55627817928,18.2739118333332
84,2197050.0,2197157.0,1.0,0.032,64528.600000000006,62996.600000000006,63009.3,72125.2,1.0324576000000003,1.0079456000000002,0.0,-49.024,-51.0644032,10317.46585671206,10266.40145351206,0.20013782731896934,68.83050666666668,95.0781920000001,1.0,0.0,0.0,349.0,2024-03-05 17:30:00+00:00,2024-03-05 19:17:00+00:00,2024-03-05 19:18:00+00:00,1.7833333333333334,False,stop,5.000065819785412,-1.0503275192522852,2024-03-05 00:01:00+00:00,2024-03-04 00:01:00+00:00,72729.11094421882,64133.85496403856,26.247685333333422
85,2197425.0,2201745.0,1.0,0.035,64148.700000000004,68107.6,62781.200000000004,70986.3,1.1226022500000001,1.1918830000000002,9.012121317771147,138.56150000000005,127.23489343222892,10266.40145351206,10393.63634694429,0.21869439941216523,74.84015000000001,98.37960125000001,3.0,1.0,0.0,350.0,2024-03-05 23:45:00+00:00,2024-03-08 23:45:00+00:00,2024-03-08 23:45:00+00:00,72.0,True,max_hold,5.000073126142595,2.658341988659784,2024-03-05 00:01:00+00:00,2024-03-04 00:01:00+00:00,72729.11094421882,64133.85496403856,23.53945125
86,2210970.0,2213238.0,1.0,0.024,67074.0,64978.600000000006,64991.600000000006,77486.0,0.804888,0.7797432000000001,1.1460056818973057,-50.28959999999986,-53.02023688189716,10393.63634694429,10340.61611006239,0.1548809238908259,53.659200000000006,86.19755999999985,1.0,0.0,0.0,351.0,2024-03-15 09:30:00+00:00,2024-03-16 23:18:00+00:00,2024-03-16 23:19:00+00:00,37.8,True,stop,5.000000000000014,-1.06088001188327,2024-03-15 00:01:00+00:00,2024-03-11 00:01:00+00:00,76794.0219847953,66488.09826969255,32.53835999999985
87,2216715.0,2217032.0,1.0,0.036000000000000004,63874.700000000004,62503.4,62516.0,70668.3,1.1497446000000002,1.1250612000000002,0.0,-49.36680000000011,-51.64160580000011,10340.61611006239,10288.97450426239,0.22237448673511645,76.64964000000002,100.65170700000019,1.0,0.0,0.0,353.0,2024-03-19 09:15:00+00:00,2024-03-19 14:32:00+00:00,2024-03-19 14:33:00+00:00,5.283333333333333,False,stop,5.000073599764463,-1.0557805623021994,2024-03-19 00:01:00+00:00,2024-03-18 00:01:00+00:00,72498.4087907368,63144.4976015104,24.002067000000167
88,2217105.0,2217549.0,1.0,0.026000000000000002,63990.100000000006,62085.5,62098.0,73450.7,0.8318713000000002,0.8071115000000001,0.40016377788633267,-49.51960000000015,-51.55874657788649,10288.97450426239,10237.415757684505,0.161701498950237,55.458086666666674,86.62880850000016,1.0,0.0,0.0,359.0,2024-03-19 15:45:00+00:00,2024-03-19 23:09:00+00:00,2024-03-19 23:10:00+00:00,7.4,False,stop,5.000052851329191,-1.048057034265678,2024-03-19 00:01:00+00:00,2024-03-18 00:01:00+00:00,72498.4087907368,63144.4976015104,31.170721833333488
89,2237145.0,2241465.0,1.0,0.046,65127.0,67310.3,64102.8,70248.0,1.497921,1.5481369,2.941638775146847,100.43180000000014,94.44410332485329,10237.415757684505,10331.859861009356,0.2926365472410587,99.8614,114.51964499999987,3.0,1.0,0.0,360.0,2024-04-02 13:45:00+00:00,2024-04-05 13:45:00+00:00,2024-04-05 13:45:00+00:00,72.0,True,max_hold,5.000000000000014,2.004620856253737,2024-04-02 00:01:00+00:00,2024-04-01 00:01:00+00:00,74656.93139427328,65072.189671763685,14.658244999999866
90,2253480.0,2257800.0,1.0,0.028,62935.100000000006,63964.200000000004,61197.4,71623.7,0.8810914000000002,0.8954988,1.2719551853049353,28.81479999999996,25.766254614695026,10331.859861009356,10357.626115624049,0.17055813993859634,58.739426666666674,88.30471300000012,3.0,1.0,0.0,363.0,2024-04-13 22:00:00+00:00,2024-04-16 22:00:00+00:00,2024-04-16 22:00:00+00:00,72.0,True,max_hold,5.000057547332664,0.5295640093780564,2024-04-13 00:01:00+00:00,2024-04-08 00:01:00+00:00,71682.1507378766,62878.91976681944,29.565286333333447
91,2258865.0,2263185.0,1.0,0.04,60435.3,64519.4,59241.700000000004,66403.3,1.208706,1.290388,0.868516999195963,163.36399999999995,159.99638900080396,10357.626115624049,10517.622504624855,0.23339440649951967,80.58040000000001,102.13576999999997,3.0,1.0,0.0,365.0,2024-04-17 15:45:00+00:00,2024-04-20 15:45:00+00:00,2024-04-20 15:45:00+00:00,72.0,True,max_hold,5.000000000000006,3.351130801792982,2024-04-17 00:01:00+00:00,2024-04-15 00:01:00+00:00,68027.86793017545,59769.25852171881,21.555369999999954
92,2277510.0,2277634.0,1.0,0.07,60817.3,60129.700000000004,60141.8,64194.8,2.1286055000000004,2.1045395000000005,0.42539927455319004,-48.131999999999906,-52.7905442745531,10517.622504624855,10464.831960350302,0.4047693286318273,141.90703333333335,143.07224750000003,1.0,0.0,0.0,367.0,2024-04-30 14:30:00+00:00,2024-04-30 16:34:00+00:00,2024-04-30 16:35:00+00:00,2.066666666666667,False,stop,5.0,-1.1164332087248197,2024-04-30 00:01:00+00:00,2024-04-29 00:01:00+00:00,67217.69913586462,60636.5896208621,1.1652141666666864
93,2277990.0,2278209.0,1.0,0.047,60776.9,59738.200000000004,59750.200000000004,65910.40000000001,1.42825715,1.4038477,0.28506017000000006,-48.818899999999864,-51.936065019999866,10464.831960350302,10412.895895330303,0.2729632268174883,95.21714333333334,112.52647174999987,1.0,0.0,0.0,369.0,2024-04-30 22:30:00+00:00,2024-05-01 02:09:00+00:00,2024-05-01 02:10:00+00:00,3.65,True,stop,5.000000000000021,-1.0762858283821957,2024-04-30 00:01:00+00:00,2024-04-29 00:01:00+00:00,67217.69913586462,60636.5896208621,17.30932841666653
94,2278740.0,2283046.0,1.0,0.04,57754.3,63858.100000000006,56531.0,63870.9,1.155086,1.2771620000000001,0.8488437324268729,244.15200000000013,240.87090826757324,10412.895895330303,10653.766803597873,0.22185682284944425,77.00573333333334,100.9108700000001,2.0,0.0,0.0,372.0,2024-05-01 11:00:00+00:00,2024-05-04 10:46:00+00:00,2024-05-04 10:47:00+00:00,71.76666666666667,True,target,5.000081746096611,4.922564135281057,2024-05-01 00:01:00+00:00,2024-04-29 00:01:00+00:00,63863.86640233092,57600.146509540784,23.905136666666763
95,2299185.0,2299360.0,-1.0,0.061,64622.100000000006,65422.8,65409.700000000004,60684.100000000006,1.9709740500000001,1.9953954,-0.09365504624700001,-48.84269999999982,-52.715414403752824,10653.766803597873,10601.05138919412,0.37000510454844654,131.39827,136.7374322499999,1.0,0.0,0.0,377.0,2024-05-15 15:45:00+00:00,2024-05-15 18:40:00+00:00,2024-05-15 18:41:00+00:00,2.9166666666666665,False,stop,5.000000000000009,-1.0972411393765855,2024-05-15 00:01:00+00:00,2024-05-13 00:01:00+00:00,64734.620562887336,58522.99769903871,5.339162249999902
96,2306655.0,2306843.0,-1.0,0.04,69635.90000000001,70883.2,70869.0,63470.4,1.3927180000000003,1.417664,0.0,-49.891999999999534,-52.70238199999954,10601.05138919412,10548.34900719412,0.26275091948325574,92.84786666666669,111.99630999999967,1.0,0.0,0.0,379.0,2024-05-20 20:15:00+00:00,2024-05-20 23:23:00+00:00,2024-05-20 23:24:00+00:00,3.1333333333333333,False,stop,5.000000000000042,-1.0684936744789537,2024-05-20 00:01:00+00:00,2024-05-20 00:01:00+00:00,69794.21368063804,62865.64288032378,19.148443333332978
97,2338095.0,2342409.0,1.0,0.047,66664.1,65615.6,65628.8,71840.7,1.5666063500000003,1.5419666000000003,2.853117785833298,-49.2795,-55.2411907358333,10548.34900719412,10493.107816458287,0.2970334692057597,104.44042333333336,119.15638575000014,1.0,0.0,0.0,382.0,2024-06-11 16:15:00+00:00,2024-06-14 16:09:00+00:00,2024-06-14 16:10:00+00:00,71.9,True,stop,5.000096590360259,-1.1352694714006866,2024-06-11 00:01:00+00:00,2024-06-10 00:01:00+00:00,72883.93655275849,66385.17311956138,14.715962416666784
98,2369445.0,2370343.0,1.0,0.049,60213.8,59215.3,59227.200000000004,65146.8,1.4752381,1.45077485,0.589895656431893,-48.926500000000004,-52.4424086064319,10493.107816458287,10440.665407851857,0.2811823009549393,98.34920666666667,114.72911449999994,1.0,0.0,0.0,384.0,2024-07-03 10:45:00+00:00,2024-07-04 01:43:00+00:00,2024-07-04 01:44:00+00:00,14.966666666666667,True,stop,5.000000000000007,-1.0847894150273247,2024-07-03 00:01:00+00:00,2024-07-01 00:01:00+00:00,64694.54649135769,59654.822334608296,16.379907833333263
99,2370900.0,2371021.0,1.0,0.058,57941.200000000004,57109.600000000006,57121.100000000006,62041.700000000004,1.6802948000000002,1.6561784000000002,0.0,-48.23279999999992,-51.56927319999992,10440.665407851857,10389.096134651856,0.32187504040429105,112.01965333333334,123.17906599999993,1.0,0.0,0.0,387.0,2024-07-04 11:00:00+00:00,2024-07-04 13:01:00+00:00,2024-07-04 13:02:00+00:00,2.0166666666666666,False,stop,5.000000000000009,-1.0841670527984395,2024-07-04 00:01:00+00:00,2024-07-01 00:01:00+00:00,62699.21112109686,57815.771509448365,11.159412666666597
100,2371200.0,2371661.0,1.0,0.045,58149.200000000004,57057.4,57068.9,63550.8,1.308357,1.2837915,0.26156205,-49.13100000000013,-51.98471055000013,10389.096134651856,10337.111424101857,0.25187118937827474,87.2238,107.48956500000013,1.0,0.0,0.0,388.0,2024-07-04 16:00:00+00:00,2024-07-04 23:41:00+00:00,2024-07-04 23:42:00+00:00,7.683333333333334,False,stop,5.000092566879555,-1.0693472091085807,2024-07-04 00:01:00+00:00,2024-07-01 00:01:00+00:00,62699.21112109686,57815.771509448365,20.26576500000013
101,2372040.0,2376360.0,1.0,0.05,54783.0,55444.9,53830.9,59543.5,1.369575,1.3861225000000001,1.8187118979604415,33.09500000000008,28.520590602039636,10337.111424101857,10365.632014703895,0.26498214903763523,91.305,109.23587499999992,3.0,1.0,0.0,391.0,2024-07-05 06:00:00+00:00,2024-07-08 06:00:00+00:00,2024-07-08 06:00:00+00:00,72.0,True,max_hold,5.000000000000008,0.5991091398390858,2024-07-05 00:01:00+00:00,2024-07-01 00:01:00+00:00,59450.47566772505,54738.58148752686,17.930874999999915
102,2387100.0,2387411.0,-1.0,0.085,63357.0,63900.700000000004,63887.9,60702.4,2.6926725,2.7157797500000007,0.0,-46.21450000000038,-51.62295225000038,10365.632014703895,10314.009062453895,0.5195385088300222,179.5115,179.5115,1.0,0.0,0.0,393.0,2024-07-15 17:00:00+00:00,2024-07-15 22:11:00+00:00,2024-07-15 22:12:00+00:00,5.183333333333334,False,stop,5.000188359389699,-1.1439609154266392,2024-07-15 00:01:00+00:00,2024-07-15 00:01:00+00:00,63520.95962199063,58130.5253883739,0.0
103,2393040.0,2395939.0,-1.0,0.07100000000000001,67094.3,67745.5,67731.90000000001,63906.200000000004,2.38184765,2.40496525,0.09528115593279107,-46.2351999999998,-51.11729405593258,10314.009062453895,10262.891768397963,0.46186650323406137,158.78984333333335,158.78984333333338,1.0,0.0,0.0,399.0,2024-07-19 20:00:00+00:00,2024-07-21 20:19:00+00:00,2024-07-21 20:20:00+00:00,48.31666666666667,True,stop,5.000156838142988,-1.129174855884128,2024-07-19 00:01:00+00:00,2024-07-15 00:01:00+00:00,67273.22310914127,60809.76381008452,2.842170943040401e-14
104,2412930.0,2413274.0,1.0,0.056,62842.700000000004,61990.8,62003.3,67039.8,1.7595956000000001,1.7357424000000001,0.355040603018192,-47.70640000000008,-51.556778603018266,10262.891768397963,10211.334989794945,0.34290444442145235,117.30637333333334,126.18820200000009,1.0,0.0,0.0,401.0,2024-08-02 15:30:00+00:00,2024-08-02 21:14:00+00:00,2024-08-02 21:15:00+00:00,5.733333333333333,False,stop,5.000119132713833,-1.0968033842842289,2024-08-02 00:01:00+00:00,2024-07-29 00:01:00+00:00,68434.8793437713,62363.88835831923,8.881828666666749
105,2415975.0,2416358.0,1.0,0.032,58199.9,56708.5,56719.9,65599.90000000001,0.9311984,0.907336,0.18604508804848002,-47.724800000000045,-49.749379488048525,10211.334989794945,10161.585610306896,0.1823852416810585,62.07989333333333,89.26392799999999,1.0,0.0,0.0,403.0,2024-08-04 18:15:00+00:00,2024-08-05 00:38:00+00:00,2024-08-05 00:39:00+00:00,6.383333333333334,True,stop,5.000000000000005,-1.0504514250010246,2024-08-04 00:01:00+00:00,2024-07-29 00:01:00+00:00,63551.956317890836,57946.613928598876,27.184034666666662
106,2418825.0,2419348.0,-1.0,0.067,56524.0,57218.8,57207.3,53107.4,1.8935540000000002,1.9168298000000001,0.027391871806508816,-46.5516000000002,-50.38937567180671,10161.585610306896,10111.196234635088,0.37268868710398273,126.23693333333334,130.9910300000002,1.0,0.0,0.0,404.0,2024-08-06 17:45:00+00:00,2024-08-07 02:28:00+00:00,2024-08-07 02:29:00+00:00,8.716666666666667,True,stop,5.000146348602348,-1.1006589110311131,2024-08-06 00:01:00+00:00,2024-08-05 00:01:00+00:00,56760.89350446067,51379.29707503308,4.754096666666854
107,2421450.0,2421527.0,-1.0,0.057,57769.5,58590.9,58579.100000000006,53721.4,1.64643075,1.66984065,0.0,-46.819800000000086,-50.136071400000084,10111.196234635088,10061.06016323509,0.32566487916835873,109.76205,120.23658375000035,1.0,0.0,0.0,410.0,2024-08-08 13:30:00+00:00,2024-08-08 14:47:00+00:00,2024-08-08 14:48:00+00:00,1.2833333333333334,False,stop,5.000123517786523,-1.0864379940711402,2024-08-08 00:01:00+00:00,2024-08-05 00:01:00+00:00,58142.33903980541,52222.35015917175,10.474533750000347
108,2463555.0,2463636.0,1.0,0.061,53760.700000000004,52991.0,53001.700000000004,57555.700000000004,1.6397013500000002,1.6162255,0.0,-46.951700000000265,-50.20762685000027,10061.06016323509,10010.85253638509,0.3259500138945121,109.31342333333333,120.08556075,1.0,0.0,0.0,411.0,2024-09-06 19:15:00+00:00,2024-09-06 20:36:00+00:00,2024-09-06 20:37:00+00:00,1.35,False,stop,5.0,-1.0844214097496765,2024-09-06 00:01:00+00:00,2024-09-02 00:01:00+00:00,59047.73225332137,53386.29458225611,10.772137416666666
109,2463705.0,2468025.0,1.0,0.037,53454.200000000004,57258.5,52187.5,59787.8,0.9889027,1.05928225,-0.8386648831567378,140.75909999999982,139.54957993315654,10010.85253638509,10150.402116318244,0.19756613063787912,65.92684666666666,91.36852150000016,3.0,1.0,0.0,413.0,2024-09-06 21:45:00+00:00,2024-09-09 21:45:00+00:00,2024-09-09 21:45:00+00:00,72.0,True,max_hold,5.000078945290895,2.977508698558204,2024-09-06 00:01:00+00:00,2024-09-02 00:01:00+00:00,59047.73225332137,53386.29458225611,25.441674833333494
110,2479185.0,2481119.0,-1.0,0.06,60898.8,61680.700000000004,61668.3,57051.3,1.826964,1.850421,-0.47042140272740557,-46.91400000000009,-50.12096359727268,10150.402116318244,10100.281152720972,0.359978644996318,121.7976,128.38338,1.0,0.0,0.0,414.0,2024-09-17 15:45:00+00:00,2024-09-18 23:59:00+00:00,2024-09-19 00:00:00+00:00,32.233333333333334,True,stop,5.0,-1.0855742602831422,2024-09-17 00:01:00+00:00,2024-09-16 00:01:00+00:00,61086.565831515225,55425.06642685201,6.5857799999999855
111,2518020.0,2519386.0,-1.0,0.058,65882.5,66673.1,66659.7,61996.5,1.9105925000000001,1.9335199000000003,-1.1458306837914982,-45.85480000000034,-48.55308171620884,10100.281152720972,10051.728071004763,0.3783246171291568,127.37283333333335,131.05426249999982,1.0,0.0,0.0,417.0,2024-10-14 15:00:00+00:00,2024-10-15 13:46:00+00:00,2024-10-15 13:47:00+00:00,22.766666666666666,True,stop,5.000000000000019,-1.0770999724077817,2024-10-14 00:01:00+00:00,2024-10-14 00:01:00+00:00,66178.45752331833,59669.57544528151,3.681429166666476
112,2550735.0,2550969.0,-1.0,0.033,73387.40000000001,74815.0,74800.0,66324.40000000001,1.2108921000000004,1.2344475,0.0,-47.11079999999971,-49.55613959999972,10051.728071004763,10002.171931404764,0.24093212459516133,80.72614000000002,101.10594449999972,1.0,0.0,0.0,419.0,2024-11-06 08:15:00+00:00,2024-11-06 12:09:00+00:00,2024-11-06 12:10:00+00:00,3.9,False,stop,5.000000000000031,-1.0630760300155746,2024-11-06 00:01:00+00:00,2024-11-04 00:01:00+00:00,73421.89441717004,65509.78448310365,20.379804499999707
113,2557170.0,2557342.0,-1.0,0.044,80341.20000000001,81385.6,81369.3,75200.7,1.7675064000000003,1.7904832000000002,0.0,-45.95359999999974,-49.51158959999974,10002.171931404764,9952.660341804765,0.35342451861887986,117.83376000000001,124.77418799999961,1.0,0.0,0.0,421.0,2024-11-10 19:30:00+00:00,2024-11-10 22:22:00+00:00,2024-11-10 22:23:00+00:00,2.8666666666666667,False,stop,5.000000000000057,-1.0945077327108295,2024-11-10 00:01:00+00:00,2024-11-04 00:01:00+00:00,80616.53303653786,72926.36806082231,6.940427999999599
114,2557410.0,2557538.0,-1.0,0.054,80408.90000000001,81242.5,81226.20000000001,76322.3,2.1710403,2.1935475,-1.6012923977879996,-45.014399999999526,-47.77769540221153,9952.660341804765,9904.882646402555,0.43627336318930676,144.73602,144.73602000000002,1.0,0.0,0.0,424.0,2024-11-10 23:30:00+00:00,2024-11-11 01:38:00+00:00,2024-11-11 01:39:00+00:00,2.1333333333333333,True,stop,5.000122354092734,-1.0825549211770318,2024-11-10 00:01:00+00:00,2024-11-04 00:01:00+00:00,80616.53303653786,72926.36806082231,2.842170943040401e-14
115,2558445.0,2558568.0,-1.0,0.039,84268.40000000001,85421.6,85404.5,78587.90000000001,1.6432338000000002,1.6657212000000001,0.0,-44.97479999999989,-48.283754999999886,9904.882646402555,9856.598891402557,0.3318027802372442,109.54892000000001,118.25342099999966,1.0,0.0,0.0,425.0,2024-11-11 16:45:00+00:00,2024-11-11 18:48:00+00:00,2024-11-11 18:49:00+00:00,2.05,False,stop,5.000000000000038,-1.0897324179209633,2024-11-11 00:01:00+00:00,2024-11-11 00:01:00+00:00,84382.03523885188,76624.9365957812,8.704500999999652
116,2561325.0,2565645.0,-1.0,0.023,91900.6,90625.5,93923.70000000001,81785.0,1.0568569,1.04219325,-1.9400936158088682,29.327300000000132,29.168343465809002,9856.598891402557,9885.767234868366,0.21444656755219005,70.45712666666667,94.08986050000013,3.0,1.0,0.0,427.0,2024-11-13 16:45:00+00:00,2024-11-16 16:45:00+00:00,2024-11-16 16:45:00+00:00,72.0,True,max_hold,5.000049429093953,0.6268542565071021,2024-11-13 00:01:00+00:00,2024-11-11 00:01:00+00:00,92481.60445906773,83682.29367630949,23.63273383333346
117,2599035.0,2603355.0,1.0,0.014,96611.40000000001,99713.8,93421.20000000001,112562.40000000001,0.6762798,0.6979966000000001,1.2430558076751923,43.43359999999992,40.81626779232472,9885.767234868366,9926.583502660691,0.13681887989728803,45.08532,75.09539099999996,3.0,1.0,0.0,430.0,2024-12-09 21:15:00+00:00,2024-12-12 21:15:00+00:00,2024-12-12 21:15:00+00:00,72.0,True,max_hold,5.000000000000004,0.9138761517935454,2024-12-09 00:01:00+00:00,2024-12-09 00:01:00+00:00,106759.43431612247,95930.06993343885,30.01007099999996
118,2611980.0,2612278.0,1.0,0.037,100859.5,99624.70000000001,99644.70000000001,106933.5,1.86590075,1.8430569500000002,0.370673358853891,-45.68759999999957,-49.76723105885346,9926.583502660691,9876.81627160184,0.3759401710568132,124.39338333333333,128.91313374999953,1.0,0.0,0.0,432.0,2024-12-18 21:00:00+00:00,2024-12-19 01:58:00+00:00,2024-12-19 01:59:00+00:00,4.966666666666667,True,stop,5.000000000000048,-1.1072277732037736,2024-12-18 00:01:00+00:00,2024-12-16 00:01:00+00:00,111980.97993925588,100479.74907224026,4.519750416666199
119,2640600.0,2641352.0,1.0,0.033,97270.3,95876.6,95895.8,104142.8,1.6049599500000002,1.5819639000000003,0.31983666,-45.99209999999991,-49.49886050999991,9876.81627160184,9827.317411091839,0.3249954045646543,106.99733,117.58169775,1.0,0.0,0.0,435.0,2025-01-07 18:00:00+00:00,2025-01-08 06:32:00+00:00,2025-01-08 06:33:00+00:00,12.533333333333333,True,stop,5.0,-1.0912808075663858,2025-01-07 00:01:00+00:00,2025-01-06 00:01:00+00:00,107891.09249853423,96771.97535377486,10.584367749999998
120,2649045.0,2653365.0,1.0,0.016,91219.8,98208.70000000001,88328.90000000001,105674.3,0.7297584,0.7856696000000001,0.901295770473556,111.82240000000014,109.40567622952659,9827.317411091839,9936.723087321365,0.1485162978813202,48.650560000000006,79.09352799999992,3.0,1.0,0.0,441.0,2025-01-13 14:45:00+00:00,2025-01-16 14:45:00+00:00,2025-01-16 14:45:00+00:00,72.0,True,max_hold,5.00000000000001,2.3653031112613463,2025-01-13 00:01:00+00:00,2025-01-13 00:01:00+00:00,99715.00859509033,89557.5422980979,30.442967999999915
121,2655135.0,2658059.0,-1.0,0.042,105368.90000000001,106444.40000000001,106423.1,100097.90000000001,2.2127469,2.2353324000000003,-2.4853369352636583,-45.171,-47.133742364736335,9936.723087321365,9889.589344956628,0.44536752821930325,147.51646,147.51646000000002,1.0,0.0,0.0,442.0,2025-01-17 20:15:00+00:00,2025-01-19 20:59:00+00:00,2025-01-19 21:00:00+00:00,48.733333333333334,True,stop,5.000000000000014,-1.0645342070434014,2025-01-17 00:01:00+00:00,2025-01-13 00:01:00+00:00,105689.69856224782,94498.17772805637,2.842170943040401e-14
122,2658720.0,2663040.0,-1.0,0.017,107157.3,102688.90000000001,109818.20000000001,93852.70000000001,0.9108370500000001,0.8728556500000001,-1.5654506986469934,75.9627999999999,75.7445579986469,9889.589344956628,9965.333902955275,0.18420118737579283,60.72247000000001,86.22296725000017,3.0,1.0,0.0,443.0,2025-01-20 08:00:00+00:00,2025-01-23 08:00:00+00:00,2025-01-23 08:00:00+00:00,72.0,True,max_hold,5.000037581269476,1.674456851146044,2025-01-20 00:01:00+00:00,2025-01-20 00:01:00+00:00,107389.70700245551,95577.31666048135,25.50049725000016
123,2678535.0,2682855.0,1.0,0.013000000000000001,94027.90000000001,97332.3,90568.20000000001,111326.40000000001,0.6111813500000001,0.6326599500000001,0.4637362723381975,42.95719999999993,41.249622427661734,9965.333902955275,10006.583525382937,0.12266148950990008,40.745423333333335,72.47926074999997,3.0,1.0,0.0,446.0,2025-02-03 02:15:00+00:00,2025-02-06 02:15:00+00:00,2025-02-06 02:15:00+00:00,72.0,True,max_hold,5.000000000000004,0.917145382273291,2025-02-03 00:01:00+00:00,2025-02-03 00:01:00+00:00,102709.33745118197,92867.45292056436,31.73383741666663
124,2710710.0,2711000.0,1.0,0.033,87747.5,86319.20000000001,86336.5,94802.5,1.44783375,1.4242668000000003,0.0,-47.13389999999962,-50.00600054999962,10006.583525382937,9956.577524832937,0.289376238418915,96.52225,111.71551875,1.0,0.0,0.0,450.0,2025-02-25 10:30:00+00:00,2025-02-25 15:20:00+00:00,2025-02-25 15:21:00+00:00,4.833333333333333,False,stop,5.0,-1.0739428419560513,2025-02-25 00:01:00+00:00,2025-02-24 00:01:00+00:00,95661.40715072374,87547.36063054702,15.193268750000001
125,2711280.0,2712381.0,1.0,0.024,87931.8,85980.20000000001,85997.40000000001,97603.8,1.0551816,1.0317624,0.20272202665508696,-46.838399999999794,-49.12806602665488,9956.577524832937,9907.44945880628,0.21195668840387102,70.34544000000001,93.90877199999987,1.0,0.0,0.0,451.0,2025-02-25 20:00:00+00:00,2025-02-26 14:21:00+00:00,2025-02-26 14:22:00+00:00,18.35,True,stop,5.000000000000015,-1.058210686058016,2025-02-25 00:01:00+00:00,2025-02-24 00:01:00+00:00,95661.40715072374,87547.36063054702,23.56333199999986
126,2712855.0,2714176.0,1.0,0.025,84847.5,82961.40000000001,82978.0,94195.0,1.06059375,1.0370175000000001,0.384147622717701,-47.15249999999978,-49.63425887271748,9907.44945880628,9857.815199933562,0.214100259488538,70.70625,94.46421875,1.0,0.0,0.0,452.0,2025-02-26 22:15:00+00:00,2025-02-27 20:16:00+00:00,2025-02-27 20:17:00+00:00,22.016666666666666,True,stop,5.0,-1.0619793286486756,2025-02-26 00:01:00+00:00,2025-02-24 00:01:00+00:00,92647.73306206931,84803.91035090174,23.757968750000003
127,2714595.0,2714806.0,1.0,0.023,81040.1,79046.1,79062.0,90930.70000000001,0.9319611500000001,0.9090301500000001,0.0,-45.862,-47.7029913,9857.815199933562,9810.112208633564,0.18908066972208631,62.13074333333334,87.43455175000014,1.0,0.0,0.0,453.0,2025-02-28 03:15:00+00:00,2025-02-28 06:46:00+00:00,2025-02-28 06:47:00+00:00,3.5166666666666666,False,stop,5.000050553561486,-1.0485026540619755,2025-02-28 00:01:00+00:00,2025-02-24 00:01:00+00:00,88589.12055779158,80920.62673693062,25.303808416666797
128,2715195.0,2718217.0,1.0,0.033,80956.1,87759.1,79592.0,87776.70000000001,1.3357756500000002,1.44802515,-0.3156767885440779,224.49900000000002,222.0308759885441,9810.112208633564,10032.143084622106,0.27232627345983407,89.05171000000001,105.12520425000021,2.0,0.0,0.0,455.0,2025-02-28 13:15:00+00:00,2025-03-02 15:37:00+00:00,2025-03-02 15:38:00+00:00,50.36666666666667,True,target,5.000073308408457,4.932342469972279,2025-02-28 00:01:00+00:00,2025-02-24 00:01:00+00:00,88589.12055779158,80920.62673693062,16.073494250000195
129,2719635.0,2719824.0,1.0,0.025,90416.1,88567.20000000001,88585.0,99571.70000000001,1.13020125,1.1070900000000001,0.1186323892,-46.222499999999854,-48.578423639199855,10032.143084622106,9983.564660982907,0.22531601482687041,75.34675,96.63655625000015,1.0,0.0,0.0,457.0,2025-03-03 15:15:00+00:00,2025-03-03 18:24:00+00:00,2025-03-03 18:25:00+00:00,3.15,False,stop,5.000054611981856,-1.0611855963999717,2025-03-03 00:01:00+00:00,2025-03-03 00:01:00+00:00,98838.93654567558,89822.25376066564,21.289806250000154
130,2721045.0,2721080.0,1.0,0.019,84054.90000000001,81521.6,81538.0,96639.5,0.79852155,0.7744552,0.0,-48.13270000000006,-49.70567675000005,9983.564660982907,9933.858984232907,0.1599672215517826,53.234770000000005,83.75456975000016,1.0,0.0,0.0,459.0,2025-03-04 14:45:00+00:00,2025-03-04 15:20:00+00:00,2025-03-04 15:21:00+00:00,0.5833333333333334,False,stop,5.000039731415609,-1.0394088958639571,2025-03-04 00:01:00+00:00,2025-03-03 00:01:00+00:00,90551.02293717356,82044.14806494831,30.519799750000153
131,2721165.0,2722234.0,1.0,0.032,82876.6,90115.5,81425.20000000001,90133.6,1.3260256000000001,1.441848,0.191115030144,231.6447999999998,228.6858113698558,9933.858984232907,10162.544795602764,0.2669708926016924,88.40170666666668,106.11595199999982,2.0,0.0,0.0,460.0,2025-03-04 16:45:00+00:00,2025-03-05 10:34:00+00:00,2025-03-05 10:35:00+00:00,17.816666666666666,True,target,5.00000000000002,4.923819488292698,2025-03-04 00:01:00+00:00,2025-03-03 00:01:00+00:00,90551.02293717356,82044.14806494831,17.71424533333314
132,2724555.0,2728190.0,1.0,0.02,86468.0,84028.40000000001,84045.3,98581.5,0.8646800000000001,0.8402840000000001,0.13584983576091325,-48.791999999999824,-50.632813835760736,10162.544795602764,10111.911981767002,0.17016997560967975,57.64533333333334,87.36459999999995,1.0,0.0,0.0,461.0,2025-03-07 01:15:00+00:00,2025-03-09 13:50:00+00:00,2025-03-09 13:51:00+00:00,60.583333333333336,True,stop,5.000000000000006,-1.0449666453906963,2025-03-07 00:01:00+00:00,2025-03-03 00:01:00+00:00,94875.32016515877,85162.46980536847,29.719266666666613
133,2731470.0,2732430.0,-1.0,0.037,82588.3,83851.5,83834.70000000001,76356.2,1.52788355,1.55125275,-0.19496548842499997,-46.73839999999989,-49.622570811574896,10111.911981767002,10062.289410955427,0.3021947882368752,101.85890333333333,114.87155975000032,1.0,0.0,0.0,462.0,2025-03-11 20:30:00+00:00,2025-03-12 12:30:00+00:00,2025-03-12 12:31:00+00:00,16.0,True,stop,5.000080231065438,-1.0760193858111264,2025-03-11 00:01:00+00:00,2025-03-10 00:01:00+00:00,82791.05641646156,74559.97621033649,13.012656416666985
134,2768880.0,2768916.0,1.0,0.045,79588.6,78573.5,78589.3,84585.20000000001,1.7907435,1.7679037499999999,0.0,-45.67950000000026,-49.23814725000026,10062.289410955427,10013.051263705427,0.355931622886996,119.3829,125.55195750000013,1.0,0.0,0.0,465.0,2025-04-06 20:00:00+00:00,2025-04-06 20:36:00+00:00,2025-04-06 20:37:00+00:00,0.6,False,stop,5.000100070049026,-1.0949475132592843,2025-04-06 00:01:00+00:00,2025-03-31 00:01:00+00:00,87695.95579848955,79516.42323430958,6.169057500000122
135,2769555.0,2769976.0,1.0,0.043000000000000003,75053.0,80291.90000000001,74002.0,80308.0,1.6136395000000003,1.7262758500000002,0.22139846810730054,225.27270000000038,221.71138618189306,10013.051263705427,10234.762649887321,0.32230724831081253,107.57596666666669,117.80677750000001,2.0,0.0,0.0,466.0,2025-04-07 07:15:00+00:00,2025-04-07 14:16:00+00:00,2025-04-07 14:17:00+00:00,7.016666666666667,False,target,5.0,4.905878923326467,2025-04-07 00:01:00+00:00,2025-04-07 00:01:00+00:00,82474.71661158613,74507.58671823972,10.230810833333322
136,2774415.0,2775937.0,1.0,0.05,78853.70000000001,83440.6,77933.0,83457.3,1.9713425000000004,2.086015,0.04348714166447727,229.34499999999971,225.24415535833523,10234.762649887321,10460.006805245655,0.3852248591268902,131.42283333333336,134.74541250000058,2.0,0.0,0.0,467.0,2025-04-10 16:15:00+00:00,2025-04-11 17:37:00+00:00,2025-04-11 17:38:00+00:00,25.366666666666667,True,target,5.000108613011766,4.892889222511836,2025-04-10 00:01:00+00:00,2025-04-07 00:01:00+00:00,86924.74018885528,78467.62301711773,3.322579166667225
137,2776020.0,2777143.0,-1.0,0.051000000000000004,83545.3,84472.70000000001,84455.8,78992.8,2.13040515,2.1540538500000004,-0.39610527193800005,-47.29740000000045,-51.18575372806245,10460.006805245655,10408.821051517592,0.4073429759016236,142.02701,142.30373175,1.0,0.0,0.0,468.0,2025-04-11 19:00:00+00:00,2025-04-12 13:43:00+00:00,2025-04-12 13:44:00+00:00,18.716666666666665,True,stop,5.0,-1.102297891226808,2025-04-11 00:01:00+00:00,2025-04-07 00:01:00+00:00,83683.6604697918,75639.92048752391,0.2767217500000072
138,2791815.0,2792029.0,-1.0,0.047,91146.70000000001,93909.70000000001,92127.8,86241.20000000001,2.14194745,44.137559,0.0,-129.861,-176.14050645,10408.821051517592,10232.680545067593,0.4115638917027413,142.79649666666668,142.79649666666668,4.0,0.0,0.0,471.0,2025-04-22 18:15:00+00:00,2025-04-22 21:49:00+00:00,2025-04-22 21:50:00+00:00,3.566666666666667,False,modeled_isolated_liquidation,5.000000000000044,-3.8198658138824113,2025-04-22 00:01:00+00:00,2025-04-21 00:01:00+00:00,91413.54172085173,83688.92630111214,0.0
139,2814720.0,2814999.0,-1.0,0.037,100710.70000000001,101975.90000000001,101955.5,94486.70000000001,1.86314795,1.8865541500000003,0.0,-46.81239999999989,-50.56210209999989,10232.680545067593,10182.118442967592,0.3641563795125186,124.20986333333333,129.89925774999955,1.0,0.0,0.0,474.0,2025-05-08 16:00:00+00:00,2025-05-08 20:39:00+00:00,2025-05-08 20:40:00+00:00,4.65,False,stop,5.000000000000047,-1.0978014942159462,2025-05-08 00:01:00+00:00,2025-05-05 00:01:00+00:00,101119.9549833432,93025.65192112188,5.689394416666218
140,2830035.0,2832867.0,1.0,0.043000000000000003,102586.6,107743.5,101550.90000000001,107765.1,2.2056119000000005,2.3164852500000004,1.5240238562125312,221.74669999999978,215.70057899378725,10182.118442967592,10397.819021961379,0.4332324186472873,147.04079333333337,147.04079333333337,2.0,0.0,0.0,478.0,2025-05-19 07:15:00+00:00,2025-05-21 06:27:00+00:00,2025-05-21 06:28:00+00:00,47.2,True,target,5.000000000000014,4.843383735385973,2025-05-19 00:01:00+00:00,2025-05-19 00:01:00+00:00,110764.32816744059,102222.2363922422,0.0
141,2836800.0,2841120.0,1.0,0.041,107293.1,109364.90000000001,106174.0,112888.70000000001,2.19950855,2.2419804500000007,3.0882645957958195,84.94380000000012,77.4140464042043,10397.819021961379,10475.233068365584,0.4230711354668488,146.63390333333334,146.63390333333336,3.0,1.0,0.0,479.0,2025-05-24 00:00:00+00:00,2025-05-27 00:00:00+00:00,2025-05-27 00:00:00+00:00,72.0,True,max_hold,5.000089357519414,1.687201745396538,2025-05-23 00:01:00+00:00,2025-05-19 00:01:00+00:00,116561.70096000218,106969.60037987563,2.842170943040401e-14
142,2855370.0,2859690.0,1.0,0.041,100959.6,106223.70000000001,99825.40000000001,106630.6,2.0696718,2.1775858500000003,-0.354708951153931,215.82810000000023,211.93555130115413,10475.233068365584,10687.168619666738,0.3951552746354166,137.97812000000002,139.63743099999988,3.0,1.0,0.0,480.0,2025-06-05 21:30:00+00:00,2025-06-08 21:30:00+00:00,2025-06-08 21:30:00+00:00,72.0,True,max_hold,5.000000000000012,4.557538165961065,2025-06-05 00:01:00+00:00,2025-06-02 00:01:00+00:00,108925.23190975282,100526.81197238361,1.6593109999998603
143,2879790.0,2880840.0,1.0,0.057,98485.8,102488.20000000001,97681.20000000001,102508.8,2.8068453000000004,2.9209137000000007,-0.22414578355211304,228.1368000000005,222.63318678355262,10687.168619666738,10909.801806450292,0.5252738868243902,187.12302000000003,187.12302000000003,2.0,0.0,0.0,481.0,2025-06-22 20:30:00+00:00,2025-06-23 14:00:00+00:00,2025-06-23 14:01:00+00:00,17.5,True,target,5.000000000000054,4.8543939624255925,2025-06-22 00:01:00+00:00,2025-06-16 00:01:00+00:00,105951.4287461482,98349.64654423147,0.0
144,2893950.0,2894981.0,-1.0,0.052000000000000005,109126.8,110063.40000000001,110041.3,104554.3,2.8372968000000007,2.8616484000000004,-0.47791120808011855,-48.70320000000031,-53.9242339919202,10909.801806450292,10855.87757245837,0.5201371849527976,189.15312000000003,189.15312,1.0,0.0,0.0,482.0,2025-07-02 16:30:00+00:00,2025-07-03 09:41:00+00:00,2025-07-03 09:42:00+00:00,17.183333333333334,True,stop,5.0,-1.1339579003221643,2025-07-02 00:01:00+00:00,2025-06-30 00:01:00+00:00,109389.67405160284,102014.80179149036,-2.842170943040401e-14
145,2967420.0,2967448.0,-1.0,0.052000000000000005,116082.40000000001,116992.3,116968.90000000001,111649.90000000001,3.018142400000001,3.0417998,0.0,-47.3147999999997,-53.3747421999997,10855.87757245837,10802.50283025837,0.5560384003697872,201.20949333333337,201.20949333333334,1.0,0.0,0.0,489.0,2025-08-22 17:00:00+00:00,2025-08-22 17:28:00+00:00,2025-08-22 17:29:00+00:00,0.4666666666666667,False,stop,5.0,-1.157853750705013,2025-08-22 00:01:00+00:00,2025-08-18 00:01:00+00:00,116295.58998368304,108755.16802154366,-2.842170943040401e-14
146,2972025.0,2972221.0,1.0,0.039,110029.6,108775.6,108797.40000000001,116190.6,2.1455772000000004,2.1211242,0.19410769482706933,-48.906,-53.36680909482706,10802.50283025837,10749.136021163542,0.39723705398903064,143.03848000000002,144.6067739999999,1.0,0.0,0.0,490.0,2025-08-25 21:45:00+00:00,2025-08-26 01:01:00+00:00,2025-08-26 01:02:00+00:00,3.2666666666666666,True,stop,5.0000000000000115,-1.1105175461614871,2025-08-25 00:01:00+00:00,2025-08-25 00:01:00+00:00,117203.24867698022,109809.7802660806,1.5682939999998666
147,3016500.0,3017448.0,1.0,0.044,109730.40000000001,108625.90000000001,108647.70000000001,115143.90000000001,2.4140688,2.3897698000000003,0.360261060402867,-48.598,-53.762099660402875,10749.136021163542,10695.373921503138,0.44916517853100696,160.93792,160.93792,1.0,0.0,0.0,491.0,2025-09-25 19:00:00+00:00,2025-09-26 10:48:00+00:00,2025-09-26 10:49:00+00:00,15.8,True,stop,5.000000000000013,-1.1285359761455582,2025-09-25 00:01:00+00:00,2025-09-22 00:01:00+00:00,116996.64966752213,109631.07535514826,0.0
148,3025020.0,3025438.0,-1.0,0.04,117456.5,118647.70000000001,118623.90000000001,111619.40000000001,2.34913,2.372954,0.0,-47.648000000000465,-52.37008400000047,10695.373921503138,10643.003837503138,0.4392796394480523,156.60866666666666,156.60866666666666,1.0,0.0,0.0,493.0,2025-10-01 17:00:00+00:00,2025-10-01 23:58:00+00:00,2025-10-01 23:59:00+00:00,6.966666666666667,False,stop,5.000085660441963,-1.1215111358574625,2025-10-01 00:01:00+00:00,2025-09-29 00:01:00+00:00,117849.82660948567,110254.26934649529,0.0
149,3041100.0,3041401.0,-1.0,0.045,114841.40000000001,115906.40000000001,115883.20000000001,109632.3,2.5839315000000003,2.6078940000000004,0.20381117615999997,-47.925,-53.32063667616,10643.003837503138,10589.68320082698,0.4855643274119487,172.2621,172.2621,1.0,0.0,0.0,495.0,2025-10-12 21:00:00+00:00,2025-10-13 02:01:00+00:00,2025-10-13 02:02:00+00:00,5.016666666666667,True,stop,5.000095987713564,-1.137361333507388,2025-10-12 00:01:00+00:00,2025-10-06 00:01:00+00:00,114888.99879738336,106430.88097908023,0.0
150,3043380.0,3046174.0,1.0,0.041,110596.1,109418.1,109440.0,116376.70000000001,2.2672200500000006,2.24307105,-0.4913061619976212,-48.298,-52.31698493800238,10589.68320082698,10537.366215888978,0.4281941219588035,151.14800333333335,151.14800333333335,1.0,0.0,0.0,498.0,2025-10-14 11:00:00+00:00,2025-10-16 09:34:00+00:00,2025-10-16 09:35:00+00:00,46.56666666666667,True,stop,5.000086497707791,-1.1037315309039877,2025-10-14 00:01:00+00:00,2025-10-13 00:01:00+00:00,119837.52816331096,110572.62048623264,0.0
151,3072510.0,3073305.0,1.0,0.031,106349.3,104768.20000000001,104789.20000000001,114149.8,1.64841415,1.6239071000000003,0.33028640000000004,-49.01409999999973,-52.61670764999973,10537.366215888978,10484.749508238978,0.3128702402910522,109.89427666666667,122.54173674999973,1.0,0.0,0.0,502.0,2025-11-03 16:30:00+00:00,2025-11-04 05:45:00+00:00,2025-11-04 05:46:00+00:00,13.25,True,stop,5.000000000000028,-1.0879515095186212,2025-11-03 00:01:00+00:00,2025-11-03 00:01:00+00:00,115056.91220889868,106113.77179880312,12.647460083333058
152,3088110.0,3088119.0,1.0,0.062,95744.6,95004.0,95023.1,99352.1,2.9680826000000002,2.945124,0.0,-45.91720000000036,-51.830406600000366,10484.749508238978,10432.919101638978,0.5661713897251743,197.87217333333334,197.87217333333334,1.0,0.0,0.0,505.0,2025-11-14 12:30:00+00:00,2025-11-14 12:39:00+00:00,2025-11-14 12:40:00+00:00,0.15,False,stop,5.0,-1.1586615384615466,2025-11-14 00:01:00+00:00,2025-11-10 00:01:00+00:00,103916.55037302487,95566.87046328215,0.0
153,3088245.0,3088600.0,1.0,0.025,96386.6,94409.40000000001,94428.3,106178.20000000001,1.2048325000000002,1.1801175000000002,0.2195800257,-49.42999999999993,-52.03453002569993,10432.919101638978,10380.884571613278,0.23096747674593296,80.32216666666667,103.17496250000009,1.0,0.0,0.0,506.0,2025-11-14 14:45:00+00:00,2025-11-14 20:40:00+00:00,2025-11-14 20:41:00+00:00,5.916666666666667,False,stop,5.000051064698969,-1.0628510447980362,2025-11-14 00:01:00+00:00,2025-11-10 00:01:00+00:00,103916.55037302487,95566.87046328215,22.852795833333417
154,3095700.0,3096982.0,1.0,0.049,89232.3,88263.0,88280.70000000001,93990.3,2.18619135,2.1624434999999997,1.0392908041919382,-47.49570000000014,-52.88362565419208,10380.884571613278,10328.000945959086,0.42119558018748826,145.74609,145.74609,1.0,0.0,0.0,510.0,2025-11-19 19:00:00+00:00,2025-11-20 16:22:00+00:00,2025-11-20 16:23:00+00:00,21.366666666666667,True,stop,5.000000000000046,-1.1341505531863105,2025-11-19 00:01:00+00:00,2025-11-17 00:01:00+00:00,97253.41603288842,88773.7486022123,0.0
155,3097095.0,3097604.0,1.0,0.026000000000000002,87672.5,85785.20000000001,85802.40000000001,97023.0,1.1397425,1.1152076000000002,0.0961922985813253,-49.0697999999997,-51.420942398581026,10328.000945959086,10276.580003560506,0.22070921681042904,75.98283333333333,99.91101249999979,1.0,0.0,0.0,513.0,2025-11-20 18:15:00+00:00,2025-11-21 02:44:00+00:00,2025-11-21 02:45:00+00:00,8.483333333333333,True,stop,5.000000000000023,-1.0575522986961055,2025-11-20 00:01:00+00:00,2025-11-17 00:01:00+00:00,95803.04333077013,87407.23142059588,23.928179166666453
156,3098100.0,3098183.0,1.0,0.031,82689.70000000001,81120.40000000001,81136.70000000001,90454.8,1.28169035,1.2573662,0.0,-48.64830000000009,-51.18735655000009,10276.580003560506,10225.392647010505,0.24943908373329168,85.44602333333334,105.81906575000001,1.0,0.0,0.0,516.0,2025-11-21 11:00:00+00:00,2025-11-21 12:23:00+00:00,2025-11-21 12:24:00+00:00,1.3833333333333333,False,stop,5.000064391500317,-1.0632357050869303,2025-11-21 00:01:00+00:00,2025-11-17 00:01:00+00:00,90767.35674019207,82626.45769400346,20.373042416666664
157,3098430.0,3102750.0,1.0,0.033,83273.90000000001,87168.0,81835.0,90468.5,1.3740193500000002,1.4382720000000002,0.5923243797106634,128.50529999999972,125.10068427028907,10225.392647010505,10350.493331280793,0.26874652102512825,91.60129000000002,109.3145707500003,3.0,1.0,0.0,519.0,2025-11-21 16:30:00+00:00,2025-11-24 16:30:00+00:00,2025-11-24 16:30:00+00:00,72.0,True,max_hold,5.0000694975328015,2.634602700932916,2025-11-21 00:01:00+00:00,2025-11-17 00:01:00+00:00,90767.35674019207,82626.45769400346,17.71328075000028
158,3112065.0,3112148.0,1.0,0.058,86436.6,85644.0,85661.20000000001,90313.6,2.5066614000000005,2.483676,0.0,-45.97080000000034,-50.96113740000034,10350.493331280793,10299.532193880792,0.4843559277362136,167.11076000000003,167.11076000000003,1.0,0.0,0.0,520.0,2025-12-01 03:45:00+00:00,2025-12-01 05:08:00+00:00,2025-12-01 05:09:00+00:00,1.3833333333333333,False,stop,5.000000000000037,-1.1331445705442513,2025-12-01 00:01:00+00:00,2025-12-01 00:01:00+00:00,94481.40577578299,86343.02926990287,0.0
159,3112305.0,3112602.0,1.0,0.051000000000000004,86429.3,85524.8,85542.0,90865.90000000001,2.2039471500000003,2.1808824000000007,0.13909284162047383,-46.1295,-50.653422391620474,10299.532193880792,10248.878771489171,0.4279703404994297,146.92981000000003,146.92981000000003,1.0,0.0,0.0,521.0,2025-12-01 07:45:00+00:00,2025-12-01 12:42:00+00:00,2025-12-01 12:43:00+00:00,4.95,False,stop,5.000112701453839,-1.1193557541079746,2025-12-01 00:01:00+00:00,2025-12-01 00:01:00+00:00,94481.40577578299,86343.02926990287,0.0
160,3113145.0,3115027.0,1.0,0.033,86410.40000000001,93487.6,84991.20000000001,93506.40000000001,1.4257716000000002,1.5425454000000003,0.11482709428468542,233.5475999999999,230.46445590571523,10248.878771489171,10479.343227394886,0.27822977162463486,95.05144000000001,110.9933219999999,2.0,0.0,0.0,522.0,2025-12-01 21:45:00+00:00,2025-12-03 05:07:00+00:00,2025-12-03 05:08:00+00:00,31.366666666666667,True,target,5.000000000000011,4.920921216940737,2025-12-01 00:01:00+00:00,2025-12-01 00:01:00+00:00,94481.40577578299,86343.02926990287,15.941881999999893
161,3138690.0,3142581.0,-1.0,0.029,88139.1,89810.6,89792.6,79871.6,1.2780169500000003,1.3022537000000003,-1.5314125607968572,-48.4735,-49.522358089203145,10479.343227394886,10429.82086930568,0.24391165023759015,85.20113,105.46226275000001,1.0,0.0,0.0,526.0,2025-12-19 15:30:00+00:00,2025-12-22 08:21:00+00:00,2025-12-22 08:22:00+00:00,64.85,True,stop,5.0,-1.0327593107452977,2025-12-19 00:01:00+00:00,2025-12-15 00:01:00+00:00,89206.61848497883,81889.32326047168,20.26113275
162,3198360.0,3200656.0,1.0,0.027,82451.20000000001,80633.70000000001,80649.90000000001,91457.8,1.1130912000000002,1.0885549500000002,0.4901479883880532,-49.0725,-51.76429413838805,10429.82086930568,10378.056575167291,0.21344397261428694,74.20608,98.72420400000009,1.0,0.0,0.0,527.0,2026-01-30 02:00:00+00:00,2026-01-31 16:16:00+00:00,2026-01-31 16:17:00+00:00,38.266666666666666,True,stop,5.000055515461043,-1.0643402427133484,2026-01-30 00:01:00+00:00,2026-01-26 00:01:00+00:00,87724.46396188646,81595.88487425707,24.518124000000086
163,3205230.0,3206342.0,1.0,0.028,75630.40000000001,73864.2,73879.0,84387.5,1.0588256,1.0340988,0.07856484426,-49.45360000000033,-51.62508924426033,10378.056575167291,10326.431485923033,0.20405084368754892,70.58837333333334,96.68635200000026,1.0,0.0,0.0,532.0,2026-02-03 20:30:00+00:00,2026-02-04 15:02:00+00:00,2026-02-04 15:03:00+00:00,18.533333333333335,True,stop,5.000057097179369,-1.052731065030834,2026-02-03 00:01:00+00:00,2026-02-02 00:01:00+00:00,81991.03693204247,75526.66471803017,26.09797866666692
164,3206505.0,3207017.0,1.0,0.046,72747.1,71715.1,71729.5,77835.2,1.6731833000000003,1.6494473,0.30867873336199997,-47.472,-51.103309333362,10326.431485923033,10275.328176589672,0.32405837433403395,111.54555333333334,122.10284850000026,1.0,0.0,0.0,535.0,2026-02-04 17:45:00+00:00,2026-02-05 02:17:00+00:00,2026-02-05 02:18:00+00:00,8.533333333333333,True,stop,5.000098270440215,-1.091727110109074,2026-02-04 00:01:00+00:00,2026-02-02 00:01:00+00:00,79054.29926910171,72550.08851873629,10.557295166666918
165,3207585.0,3207619.0,1.0,0.048,70459.40000000001,69469.40000000001,69483.3,75340.0,1.6910256000000001,1.6672656000000001,0.0,-47.52,-50.87829120000001,10275.328176589672,10224.449885389673,0.32914288885734505,112.73504000000001,122.94895200000028,1.0,0.0,0.0,540.0,2026-02-05 11:45:00+00:00,2026-02-05 12:19:00+00:00,2026-02-05 12:20:00+00:00,0.5666666666666667,False,stop,5.00010244851958,-1.0859178362872592,2026-02-05 00:01:00+00:00,2026-02-02 00:01:00+00:00,76527.7929481342,69897.21083927344,10.213912000000263
166,3207750.0,3207783.0,1.0,0.041,70109.1,68959.7,68973.5,75787.2,1.4372365500000002,1.41367385,0.0,-47.12540000000036,-49.976310400000365,10224.449885389673,10174.473574989672,0.28113718901468787,95.81577,111.23524475000023,1.0,0.0,0.0,541.0,2026-02-05 14:30:00+00:00,2026-02-05 15:03:00+00:00,2026-02-05 15:04:00+00:00,0.55,False,stop,5.000088059175733,-1.0733835857696397,2026-02-05 00:01:00+00:00,2026-02-02 00:01:00+00:00,76527.7929481342,69897.21083927344,15.419474750000234
167,3208695.0,3209119.0,-1.0,0.045,66125.90000000001,67168.2,67154.7,60981.9,1.4878327500000001,1.5112845,0.39908910744,-46.903499999999475,-50.30170635743948,10174.473574989672,10124.171868632233,0.2924638290195786,99.18885,113.24847374999948,1.0,0.0,0.0,543.0,2026-02-06 06:15:00+00:00,2026-02-06 13:19:00+00:00,2026-02-06 13:20:00+00:00,7.066666666666666,False,stop,5.000000000000064,-1.086523811073096,2026-02-06 00:01:00+00:00,2026-02-02 00:01:00+00:00,66206.07786460812,59698.41629484049,14.059623749999474
168,3232935.0,3234017.0,1.0,0.053,64735.3,63849.9,63862.700000000004,69098.3,1.71548545,1.69202235,-0.24717863437968485,-46.92620000000007,-50.08652916562039,10124.171868632233,10074.085339466612,0.3388890414464607,114.36569666666668,123.44464524999991,1.0,0.0,0.0,544.0,2026-02-23 02:15:00+00:00,2026-02-23 20:17:00+00:00,2026-02-23 20:18:00+00:00,18.033333333333335,False,stop,5.000000000000008,-1.0830034978014194,2026-02-23 00:01:00+00:00,2026-02-23 00:01:00+00:00,70930.93902145213,64451.2175549711,9.07894858333323
169,3243945.0,3246285.0,-1.0,0.041,68799.5,69932.90000000001,69918.90000000001,63202.4,1.41038975,1.4336244500000004,0.0031401586707064527,-46.46940000000036,-49.31655435867107,10074.085339466612,10024.768785107937,0.28000353431087277,94.02598333333334,109.36293875000037,1.0,0.0,0.0,547.0,2026-03-02 17:45:00+00:00,2026-03-04 08:45:00+00:00,2026-03-04 08:46:00+00:00,39.0,True,stop,5.000089333571516,-1.0745424238305077,2026-03-02 00:01:00+00:00,2026-03-02 00:01:00+00:00,69066.41556055154,62592.83133362998,15.336955416667024
170,3246360.0,3246631.0,-1.0,0.056,71472.8,72290.7,72276.2,67455.8,2.0012384,2.0241396,0.0,-45.80239999999967,-49.82777799999967,10024.768785107937,9974.941007107938,0.39925876454585035,133.41589333333334,135.04612799999967,1.0,0.0,0.0,553.0,2026-03-04 10:00:00+00:00,2026-03-04 14:31:00+00:00,2026-03-04 14:32:00+00:00,4.516666666666667,False,stop,5.000000000000036,-1.1075202265372175,2026-03-04 00:01:00+00:00,2026-03-02 00:01:00+00:00,71779.67027808797,64980.07003960627,1.6302346666663254
171,3254145.0,3254554.0,-1.0,0.046,68909.1,69905.1,69891.1,63999.100000000006,1.5849093,1.6078173000000002,0.07532365512546431,-45.816,-49.08405025512547,9974.941007107938,9925.856956852813,0.3177781801156771,105.66062000000001,116.49291849999999,1.0,0.0,0.0,556.0,2026-03-09 19:45:00+00:00,2026-03-10 02:34:00+00:00,2026-03-10 02:35:00+00:00,6.816666666666666,True,stop,5.0,-1.086603432549488,2026-03-09 00:01:00+00:00,2026-03-09 00:01:00+00:00,69465.86773953593,62582.27325095016,10.832298499999979
172,3273990.0,3278310.0,-1.0,0.051000000000000004,71298.1,69593.90000000001,72179.5,66891.1,1.8181015500000004,1.7746444500000005,-0.8316670309248333,86.91419999999985,84.1531210309247,9925.856956852813,10010.010077883739,0.36633643984659336,121.20677000000002,126.76596974999971,3.0,1.0,0.0,557.0,2026-03-23 14:30:00+00:00,2026-03-26 14:30:00+00:00,2026-03-26 14:30:00+00:00,72.0,True,max_hold,5.000000000000033,1.8720912147547182,2026-03-23 00:01:00+00:00,2026-03-23 00:01:00+00:00,71328.10162959117,64504.594840517035,5.559199749999692
173,3279990.0,3283125.0,1.0,0.07100000000000001,65741.3,65104.100000000006,65117.200000000004,68861.8,2.3338161500000005,2.3111955500000003,-0.7959754502640757,-45.2411999999998,-49.090236249735725,10010.010077883739,9960.919841634006,0.46629646360823707,155.58774333333338,155.58774333333335,1.0,0.0,0.0,559.0,2026-03-27 18:30:00+00:00,2026-03-29 22:45:00+00:00,2026-03-29 22:46:00+00:00,52.25,True,stop,5.0000000000000115,-1.107854155047738,2026-03-27 00:01:00+00:00,2026-03-23 00:01:00+00:00,72230.12289150331,65509.91130262383,-2.842170943040401e-14
174,3296160.0,3298937.0,-1.0,0.038,71875.8,73106.90000000001,73092.2,65793.8,1.3656402,1.3890311000000002,-0.23502462112836708,-46.78180000000022,-49.30144667887185,9960.919841634006,9911.618394955134,0.2741996164434505,91.04268,107.67700899999977,1.0,0.0,0.0,560.0,2026-04-08 00:00:00+00:00,2026-04-09 22:17:00+00:00,2026-04-09 22:18:00+00:00,46.28333333333333,True,stop,5.000000000000024,-1.066595274210182,2026-04-07 00:01:00+00:00,2026-04-06 00:01:00+00:00,71939.49161981979,65831.7601886587,16.634328999999767
175,3310125.0,3312442.0,-1.0,0.068,78015.90000000001,74882.40000000001,78645.6,74867.40000000001,2.6525406000000005,2.5460016000000008,1.464113435479807,213.078,206.41534436452017,9911.618394955134,10118.033739319653,0.535238645053184,176.83604000000003,176.83604000000003,2.0,0.0,0.0,561.0,2026-04-17 16:45:00+00:00,2026-04-19 07:22:00+00:00,2026-04-19 07:23:00+00:00,38.61666666666667,True,target,5.000000000000023,4.820580864009031,2026-04-17 00:01:00+00:00,2026-04-13 00:01:00+00:00,78192.69829389176,72142.68760796385,0.0
176,3317280.0,3318365.0,-1.0,0.085,79218.40000000001,76762.8,79712.6,76747.40000000001,3.3667820000000006,3.2624190000000004,0.80875105703,208.7260000000005,201.2880479429705,10118.033739319653,10319.321787262623,0.6655012400119524,224.45213333333336,224.4521333333334,2.0,0.0,0.0,562.0,2026-04-22 16:00:00+00:00,2026-04-23 10:05:00+00:00,2026-04-23 10:06:00+00:00,18.083333333333332,True,target,5.000000000000029,4.791773941080574,2026-04-22 00:01:00+00:00,2026-04-20 00:01:00+00:00,79346.14158983738,73348.10921650926,2.842170943040401e-14
177,3374865.0,3374891.0,1.0,0.08600000000000001,71269.40000000001,70742.6,70756.8,73832.5,3.0645842000000005,3.0419318000000004,0.611489993497084,-45.304800000000256,-52.022805993497336,10319.321787262623,10267.298981269127,0.5939507000901334,204.30561333333338,204.30561333333338,1.0,0.0,0.0,564.0,2026-06-01 15:45:00+00:00,2026-06-01 16:11:00+00:00,2026-06-01 16:12:00+00:00,0.43333333333333335,False,stop,5.000195083885997,-1.180094320642977,2026-06-01 00:01:00+00:00,2026-06-01 00:01:00+00:00,76152.1650533411,71236.23952700729,0.0
178,3375270.0,3375484.0,1.0,0.061,71268.8,70511.0,70525.2,74986.90000000001,2.1736984,2.1505855,0.43548814999999996,-46.22580000000018,-50.98557205000017,10267.298981269127,10216.313409219127,0.42342166210714793,144.91322666666667,144.91322666666665,1.0,0.0,0.0,566.0,2026-06-01 22:30:00+00:00,2026-06-02 02:04:00+00:00,2026-06-02 02:05:00+00:00,3.566666666666667,True,stop,5.0001344809036805,-1.1240304599246858,2026-06-01 00:01:00+00:00,2026-06-01 00:01:00+00:00,76152.1650533411,71236.23952700729,-2.842170943040401e-14
179,3378375.0,3380064.0,1.0,0.037,62377.8,61063.9,61076.200000000004,68885.8,1.1539892999999999,1.1296821499999998,0.04134708206614933,-48.61430000000005,-50.939318532066196,10216.313409219127,10165.37409068706,0.22591109997832456,76.93262,100.08871849999994,1.0,0.0,0.0,569.0,2026-06-04 02:15:00+00:00,2026-06-05 06:24:00+00:00,2026-06-05 06:25:00+00:00,28.15,True,stop,5.000000000000005,-1.0577276726371339,2026-06-04 00:01:00+00:00,2026-06-01 00:01:00+00:00,66512.10407235342,61809.493333993334,23.156098499999942
180,3380940.0,3381367.0,1.0,0.039,61598.5,60385.5,60397.600000000006,67603.0,1.20117075,1.1775172500000002,-0.029371090851226543,-47.307,-49.65631690914878,10165.37409068706,10115.717773777911,0.2363259313989132,80.07805,100.88778374999977,1.0,0.0,0.0,570.0,2026-06-05 21:00:00+00:00,2026-06-06 04:07:00+00:00,2026-06-06 04:08:00+00:00,7.116666666666666,True,stop,5.000000000000024,-1.0602372346626574,2026-06-05 00:01:00+00:00,2026-06-01 00:01:00+00:00,66370.2126735791,61432.02691865247,20.809733749999765
181,3383910.0,3388230.0,-1.0,0.03,62955.600000000006,61237.3,64549.5,54986.100000000006,0.9443340000000001,0.9185595,-0.1660017880751973,51.549000000000085,49.852108288075286,10115.717773777911,10165.569882065987,0.1867062765329247,62.955600000000004,90.31202999999982,3.0,1.0,0.0,574.0,2026-06-07 22:30:00+00:00,2026-06-10 22:30:00+00:00,2026-06-10 22:30:00+00:00,72.0,True,max_hold,5.000000000000019,1.042560350671842,2026-06-07 00:01:00+00:00,2026-06-01 00:01:00+00:00,63527.86691701037,58284.4375197896,27.35642999999982
182,3408015.0,3408047.0,1.0,0.078,60504.3,59913.100000000006,59925.100000000006,63400.3,2.3596677,2.3366109,0.0,-46.11359999999977,-50.80987859999978,10165.569882065987,10114.760003465986,0.46424700776744565,157.31118,157.31118,1.0,0.0,0.0,575.0,2026-06-24 16:15:00+00:00,2026-06-24 16:47:00+00:00,2026-06-24 16:48:00+00:00,0.5333333333333333,False,stop,5.000000000000025,-1.1246697168508295,2026-06-24 00:01:00+00:00,2026-06-22 00:01:00+00:00,65085.596092430336,60395.485743229954,0.0
183,3408255.0,3409308.0,1.0,0.038,60660.8,59414.0,59425.9,66835.40000000001,1.1525552000000001,1.128866,-0.07541387952599998,-47.37840000000011,-49.584407320474114,10114.760003465986,10065.175596145511,0.22789570876719928,76.83701333333333,98.79118400000003,1.0,0.0,0.0,577.0,2026-06-24 20:15:00+00:00,2026-06-25 13:48:00+00:00,2026-06-25 13:49:00+00:00,17.55,True,stop,5.000080978216858,-1.0566465496987623,2026-06-24 00:01:00+00:00,2026-06-22 00:01:00+00:00,65085.596092430336,60395.485743229954,21.9541706666667
184,3418470.0,3419346.0,-1.0,0.043000000000000003,60509.4,61611.100000000006,61598.700000000004,55062.8,1.3009521000000002,1.3246386500000003,-0.34184884390200004,-47.37310000000019,-49.656841906098194,10065.175596145511,10015.518754239412,0.2585055943779468,86.73014000000002,105.38274450000013,1.0,0.0,0.0,580.0,2026-07-01 22:30:00+00:00,2026-07-02 13:06:00+00:00,2026-07-02 13:07:00+00:00,14.6,True,stop,5.000091802074712,-1.0601397933406786,2026-07-01 00:01:00+00:00,2026-06-29 00:01:00+00:00,61077.389448672155,56233.45955292248,18.65260450000011
185,3425145.0,3429465.0,1.0,0.073,61641.600000000006,62930.600000000006,61029.8,64700.700000000004,2.2499184,2.2969669,2.6802777102957838,94.097,86.86983698970421,10015.518754239412,10102.388591229115,0.44928644341016183,149.99456,149.99456,3.0,1.0,0.0,581.0,2026-07-06 13:45:00+00:00,2026-07-09 13:45:00+00:00,2026-07-09 13:45:00+00:00,72.0,True,max_hold,5.000163452108506,1.9450764416185746,2026-07-06 00:01:00+00:00,2026-07-06 00:01:00+00:00,65999.4594345312,61320.73576185264,0.0
186,3436935.0,3437180.0,-1.0,0.088,64444.600000000006,64949.200000000004,64936.200000000004,61986.600000000006,2.8355624,2.8577648,0.0,-44.40479999999987,-50.098127199999865,10102.388591229115,10052.290464029116,0.56136474545472,189.03749333333334,189.03749333333334,1.0,0.0,0.0,582.0,2026-07-14 18:15:00+00:00,2026-07-14 22:20:00+00:00,2026-07-14 22:21:00+00:00,4.083333333333333,False,stop,5.000000000000015,-1.1580490235964203,2026-07-14 00:01:00+00:00,2026-07-13 00:01:00+00:00,64458.18851747995,60227.60394433399,0.0
187,3461205.0,3465525.0,1.0,0.084,62678.100000000006,63743.600000000006,62159.700000000004,65270.200000000004,2.6324802000000003,2.6772312000000005,2.863484624861416,89.50200000000001,81.3288039751386,10052.290464029116,10133.619268004253,0.52375728883283,175.49868000000004,175.49868,3.0,1.0,0.0,585.0,2026-07-31 14:45:00+00:00,2026-08-03 14:45:00+00:00,2026-08-03 14:45:00+00:00,72.0,True,max_hold,5.000192901234551,1.867669844373217,2026-07-31 00:01:00+00:00,2026-07-27 00:01:00+00:00,66982.4667950774,62591.93936267685,-2.842170943040401e-14
188,3489990.0,3490023.0,-1.0,0.055,71403.1,72239.90000000001,72225.40000000001,67291.5,1.9635852500000002,1.9865972500000002,0.0,-46.02400000000016,-49.97418250000016,10133.619268004253,10083.645085504253,0.38753878512088896,130.90568333333334,133.58783625000018,1.0,0.0,0.0,587.0,2026-08-20 14:30:00+00:00,2026-08-20 15:03:00+00:00,2026-08-20 15:04:00+00:00,0.55,False,stop,5.000121610117951,-1.1049756779764073,2026-08-20 00:01:00+00:00,2026-08-17 00:01:00+00:00,71602.68368462466,67090.72695038584,2.682152916666837
189,3490935.0,3490982.0,-1.0,0.08,75240.7,75791.7,75776.5,72561.6,3.009628,3.0316680000000003,0.0,-44.08,-50.121296,10083.645085504253,10033.523789504254,0.596932552560084,200.6418666666667,200.64186666666666,1.0,0.0,0.0,588.0,2026-08-21 06:15:00+00:00,2026-08-21 07:02:00+00:00,2026-08-21 07:03:00+00:00,0.7833333333333333,False,stop,5.0001866368047345,-1.169309817095925,2026-08-21 00:01:00+00:00,2026-08-17 00:01:00+00:00,75474.49076805223,70604.12263086965,-2.842170943040401e-14
