end_exclusive_utc,net_return
2022-09-01 00:00:00+00:00,-0.19381433420075078
2022-09-02 00:00:00+00:00,-0.19381433420075078
2022-09-03 00:00:00+00:00,-0.19381433420075078
2022-09-04 00:00:00+00:00,-0.19381433420075078
2022-09-05 00:00:00+00:00,-0.19381433420075078
2022-09-06 00:00:00+00:00,-0.1895774416293977
2022-09-07 00:00:00+00:00,-0.17823735200524482
2022-09-08 00:00:00+00:00,-0.17823735200524482
2022-09-09 00:00:00+00:00,-0.17823735200524482
2022-09-10 00:00:00+00:00,-0.17823735200524482
2022-09-11 00:00:00+00:00,-0.17823735200524482
2022-09-12 00:00:00+00:00,-0.17823735200524482
2022-09-13 00:00:00+00:00,-0.17823735200524482
2022-09-14 00:00:00+00:00,-0.17823735200524482
2022-09-15 00:00:00+00:00,-0.17823735200524482
2022-09-16 00:00:00+00:00,-0.17823735200524482
2022-09-17 00:00:00+00:00,-0.17823735200524482
2022-09-18 00:00:00+00:00,-0.17823735200524482
2022-09-19 00:00:00+00:00,-0.17823735200524482
2022-09-20 00:00:00+00:00,-0.17823735200524482
2022-09-21 00:00:00+00:00,-0.17823735200524482
2022-09-22 00:00:00+00:00,-0.17823735200524482
2022-09-23 00:00:00+00:00,-0.17823735200524482
2022-09-24 00:00:00+00:00,-0.17823735200524482
2022-09-25 00:00:00+00:00,-0.17823735200524482
2022-09-26 00:00:00+00:00,-0.17823735200524482
2022-09-27 00:00:00+00:00,-0.17823735200524482
2022-09-28 00:00:00+00:00,-0.17823735200524482
2022-09-29 00:00:00+00:00,-0.17823735200524482
2022-09-30 00:00:00+00:00,-0.17823735200524482
2022-10-01 00:00:00+00:00,-0.17823735200524482
2022-10-02 00:00:00+00:00,-0.17823735200524482
2022-10-03 00:00:00+00:00,-0.17823735200524482
2022-10-04 00:00:00+00:00,-0.17823735200524482
2022-10-05 00:00:00+00:00,-0.17823735200524482
2022-10-06 00:00:00+00:00,-0.17823735200524482
2022-10-07 00:00:00+00:00,-0.17823735200524482
2022-10-08 00:00:00+00:00,-0.17823735200524482
2022-10-09 00:00:00+00:00,-0.20253005450709982
2022-10-10 00:00:00+00:00,-0.18554564220735736
2022-10-11 00:00:00+00:00,-0.16247450466613034
2022-10-12 00:00:00+00:00,-0.16247450466613034
2022-10-13 00:00:00+00:00,-0.16247450466613034
2022-10-14 00:00:00+00:00,-0.1791956673675239
2022-10-15 00:00:00+00:00,-0.1791956673675239
2022-10-16 00:00:00+00:00,-0.16306636342485747
2022-10-17 00:00:00+00:00,-0.16306636342485747
2022-10-18 00:00:00+00:00,-0.16306636342485747
2022-10-19 00:00:00+00:00,-0.16306636342485747
2022-10-20 00:00:00+00:00,-0.16306636342485747
2022-10-21 00:00:00+00:00,-0.16306636342485747
2022-10-22 00:00:00+00:00,-0.16306636342485747
2022-10-23 00:00:00+00:00,-0.16306636342485747
2022-10-24 00:00:00+00:00,-0.16306636342485747
2022-10-25 00:00:00+00:00,-0.16306636342485747
2022-10-26 00:00:00+00:00,-0.15460797479137167
2022-10-27 00:00:00+00:00,-0.17969683756653676
2022-10-28 00:00:00+00:00,-0.17969683756653676
2022-10-29 00:00:00+00:00,-0.17969683756653676
2022-10-30 00:00:00+00:00,-0.17969683756653676
2022-10-31 00:00:00+00:00,-0.17969683756653676
2022-11-01 00:00:00+00:00,-0.17969683756653676
2022-11-02 00:00:00+00:00,-0.17969683756653676
2022-11-03 00:00:00+00:00,-0.17969683756653676
2022-11-04 00:00:00+00:00,-0.17969683756653676
2022-11-05 00:00:00+00:00,-0.17969683756653676
2022-11-06 00:00:00+00:00,-0.17969683756653676
2022-11-07 00:00:00+00:00,-0.17969683756653676
2022-11-08 00:00:00+00:00,-0.17969683756653676
2022-11-09 00:00:00+00:00,-0.1597817131372654
2022-11-10 00:00:00+00:00,-0.11941721440822206
2022-11-11 00:00:00+00:00,-0.11941721440822206
2022-11-12 00:00:00+00:00,-0.11941721440822206
2022-11-13 00:00:00+00:00,-0.11941721440822206
2022-11-14 00:00:00+00:00,-0.11941721440822206
2022-11-15 00:00:00+00:00,-0.11941721440822206
2022-11-16 00:00:00+00:00,-0.11941721440822206
2022-11-17 00:00:00+00:00,-0.11941721440822206
2022-11-18 00:00:00+00:00,-0.11941721440822206
2022-11-19 00:00:00+00:00,-0.11941721440822206
2022-11-20 00:00:00+00:00,-0.11941721440822206
2022-11-21 00:00:00+00:00,-0.11941721440822206
2022-11-22 00:00:00+00:00,-0.11941721440822206
2022-11-23 00:00:00+00:00,-0.11941721440822206
2022-11-24 00:00:00+00:00,-0.11941721440822206
2022-11-25 00:00:00+00:00,-0.11941721440822206
2022-11-26 00:00:00+00:00,-0.11941721440822206
2022-11-27 00:00:00+00:00,-0.11941721440822206
2022-11-28 00:00:00+00:00,-0.11941721440822206
2022-11-29 00:00:00+00:00,-0.11941721440822206
2022-11-30 00:00:00+00:00,-0.11941721440822206
2022-12-01 00:00:00+00:00,-0.11941721440822206
2022-12-02 00:00:00+00:00,-0.11941721440822206
2022-12-03 00:00:00+00:00,-0.11941721440822206
2022-12-04 00:00:00+00:00,-0.1899819522944176
2022-12-05 00:00:00+00:00,-0.25516664711075177
2022-12-06 00:00:00+00:00,-0.25516664711075177
2022-12-07 00:00:00+00:00,-0.25516664711075177
2022-12-08 00:00:00+00:00,-0.25516664711075177
2022-12-09 00:00:00+00:00,-0.25516664711075177
2022-12-10 00:00:00+00:00,-0.25516664711075177
2022-12-11 00:00:00+00:00,-0.25516664711075177
2022-12-12 00:00:00+00:00,-0.25516664711075177
2022-12-13 00:00:00+00:00,-0.25516664711075177
2022-12-14 00:00:00+00:00,-0.23998716542028464
2022-12-15 00:00:00+00:00,-0.2367099634616664
2022-12-16 00:00:00+00:00,-0.22406733804607815
2022-12-17 00:00:00+00:00,-0.20389036916269243
2022-12-18 00:00:00+00:00,-0.2061688636810356
2022-12-19 00:00:00+00:00,-0.2061688636810356
2022-12-20 00:00:00+00:00,-0.2061688636810356
2022-12-21 00:00:00+00:00,-0.2061688636810356
2022-12-22 00:00:00+00:00,-0.21392909779335156
2022-12-23 00:00:00+00:00,-0.2049121281557711
2022-12-24 00:00:00+00:00,-0.19574583441272375
2022-12-25 00:00:00+00:00,-0.19574583441272375
2022-12-26 00:00:00+00:00,-0.19574583441272375
2022-12-27 00:00:00+00:00,-0.19574583441272375
2022-12-28 00:00:00+00:00,-0.19574583441272375
2022-12-29 00:00:00+00:00,-0.211919599235886
2022-12-30 00:00:00+00:00,-0.23471069164419467
2022-12-31 00:00:00+00:00,-0.2214382157843966
2023-01-01 00:00:00+00:00,-0.19534080283526267
2023-01-02 00:00:00+00:00,-0.19534080283526267
2023-01-03 00:00:00+00:00,-0.19534080283526267
2023-01-04 00:00:00+00:00,-0.19534080283526267
2023-01-05 00:00:00+00:00,-0.19534080283526267
2023-01-06 00:00:00+00:00,-0.20135039530166676
2023-01-07 00:00:00+00:00,-0.20387741315124475
2023-01-08 00:00:00+00:00,-0.2155244303103635
2023-01-09 00:00:00+00:00,-0.22105366694507078
2023-01-10 00:00:00+00:00,-0.22105366694507078
2023-01-11 00:00:00+00:00,-0.22105366694507078
2023-01-12 00:00:00+00:00,-0.22105366694507078
2023-01-13 00:00:00+00:00,-0.23655775924077072
2023-01-14 00:00:00+00:00,-0.2518186690829659
2023-01-15 00:00:00+00:00,-0.2576534943664216
2023-01-16 00:00:00+00:00,-0.25540548526587303
2023-01-17 00:00:00+00:00,-0.26614621472734434
2023-01-18 00:00:00+00:00,-0.26614621472734434
2023-01-19 00:00:00+00:00,-0.28078436175725197
2023-01-20 00:00:00+00:00,-0.28078436175725197
2023-01-21 00:00:00+00:00,-0.28078436175725197
2023-01-22 00:00:00+00:00,-0.28078436175725197
2023-01-23 00:00:00+00:00,-0.28078436175725197
2023-01-24 00:00:00+00:00,-0.28078436175725197
2023-01-25 00:00:00+00:00,-0.28078436175725197
2023-01-26 00:00:00+00:00,-0.28078436175725197
2023-01-27 00:00:00+00:00,-0.2359038448656351
2023-01-28 00:00:00+00:00,-0.2359038448656351
2023-01-29 00:00:00+00:00,-0.2359038448656351
2023-01-30 00:00:00+00:00,-0.2509987966195687
2023-01-31 00:00:00+00:00,-0.20782634118665555
2023-02-01 00:00:00+00:00,-0.20782634118665555
2023-02-02 00:00:00+00:00,-0.20782634118665555
2023-02-03 00:00:00+00:00,-0.20782634118665555
2023-02-04 00:00:00+00:00,-0.20782634118665555
2023-02-05 00:00:00+00:00,-0.20782634118665555
2023-02-06 00:00:00+00:00,-0.20782634118665555
2023-02-07 00:00:00+00:00,-0.20782634118665555
2023-02-08 00:00:00+00:00,-0.20782634118665555
2023-02-09 00:00:00+00:00,-0.21641892525983952
2023-02-10 00:00:00+00:00,-0.2119148800948314
2023-02-11 00:00:00+00:00,-0.19210926373397708
2023-02-12 00:00:00+00:00,-0.1968610220098319
2023-02-13 00:00:00+00:00,-0.19232584897720528
2023-02-14 00:00:00+00:00,-0.19232584897720528
2023-02-15 00:00:00+00:00,-0.19232584897720528
2023-02-16 00:00:00+00:00,-0.19232584897720528
2023-02-17 00:00:00+00:00,-0.1611893009844355
2023-02-18 00:00:00+00:00,-0.18805165380387645
2023-02-19 00:00:00+00:00,-0.1892092131287323
2023-02-20 00:00:00+00:00,-0.20306633365660187
2023-02-21 00:00:00+00:00,-0.20734072008611326
2023-02-22 00:00:00+00:00,-0.20589215737038458
2023-02-23 00:00:00+00:00,-0.18659908050529417
2023-02-24 00:00:00+00:00,-0.18659908050529417
2023-02-25 00:00:00+00:00,-0.18659908050529417
2023-02-26 00:00:00+00:00,-0.18659908050529417
2023-02-27 00:00:00+00:00,-0.18659908050529417
2023-02-28 00:00:00+00:00,-0.18659908050529417
2023-03-01 00:00:00+00:00,-0.18659908050529417
2023-03-02 00:00:00+00:00,-0.18659908050529417
2023-03-03 00:00:00+00:00,-0.18659908050529417
2023-03-04 00:00:00+00:00,-0.18626833043670654
2023-03-05 00:00:00+00:00,-0.18566353636037236
2023-03-06 00:00:00+00:00,-0.20271499237740498
2023-03-07 00:00:00+00:00,-0.20271499237740498
2023-03-08 00:00:00+00:00,-0.20271499237740498
2023-03-09 00:00:00+00:00,-0.20271499237740498
2023-03-10 00:00:00+00:00,-0.20271499237740498
2023-03-11 00:00:00+00:00,-0.20271499237740498
2023-03-12 00:00:00+00:00,-0.20271499237740498
2023-03-13 00:00:00+00:00,-0.20271499237740498
2023-03-14 00:00:00+00:00,-0.20271499237740498
2023-03-15 00:00:00+00:00,-0.20271499237740498
2023-03-16 00:00:00+00:00,-0.20271499237740498
2023-03-17 00:00:00+00:00,-0.20271499237740498
2023-03-18 00:00:00+00:00,-0.20271499237740498
2023-03-19 00:00:00+00:00,-0.20271499237740498
2023-03-20 00:00:00+00:00,-0.20271499237740498
2023-03-21 00:00:00+00:00,-0.18647436142131268
2023-03-22 00:00:00+00:00,-0.18647436142131268
2023-03-23 00:00:00+00:00,-0.19845670467033028
2023-03-24 00:00:00+00:00,-0.19724473968871759
2023-03-25 00:00:00+00:00,-0.16293092799157294
2023-03-26 00:00:00+00:00,-0.13017048445549573
2023-03-27 00:00:00+00:00,-0.13691307466090286
2023-03-28 00:00:00+00:00,-0.12510033637543527
2023-03-29 00:00:00+00:00,-0.12510033637543527
2023-03-30 00:00:00+00:00,-0.12510033637543527
2023-03-31 00:00:00+00:00,-0.12510033637543527
2023-04-01 00:00:00+00:00,-0.13119048796656052
2023-04-02 00:00:00+00:00,-0.1075945728705211
2023-04-03 00:00:00+00:00,-0.1075945728705211
2023-04-04 00:00:00+00:00,-0.1075945728705211
2023-04-05 00:00:00+00:00,-0.1558676441891368
2023-04-06 00:00:00+00:00,-0.1764039709863371
2023-04-07 00:00:00+00:00,-0.21224158716490937
2023-04-08 00:00:00+00:00,-0.20272169518678007
2023-04-09 00:00:00+00:00,-0.24166386595061384
2023-04-10 00:00:00+00:00,-0.24166386595061384
2023-04-11 00:00:00+00:00,-0.24166386595061384
2023-04-12 00:00:00+00:00,-0.2424819682303515
2023-04-13 00:00:00+00:00,-0.21892775765917727
2023-04-14 00:00:00+00:00,-0.17555356289865587
2023-04-15 00:00:00+00:00,-0.16146036997365842
2023-04-16 00:00:00+00:00,-0.14341077732066942
2023-04-17 00:00:00+00:00,-0.14341077732066942
2023-04-18 00:00:00+00:00,-0.14341077732066942
2023-04-19 00:00:00+00:00,-0.13993449962608617
2023-04-20 00:00:00+00:00,-0.11794270502583237
2023-04-21 00:00:00+00:00,-0.10326569403496699
2023-04-22 00:00:00+00:00,-0.05963349199358192
2023-04-23 00:00:00+00:00,-0.039496099847268984
2023-04-24 00:00:00+00:00,-0.039496099847268984
2023-04-25 00:00:00+00:00,-0.039496099847268984
2023-04-26 00:00:00+00:00,-0.019905614967699603
2023-04-27 00:00:00+00:00,-0.01420882382680988
2023-04-28 00:00:00+00:00,0.03886497508411901
2023-04-29 00:00:00+00:00,0.018555533759064158
2023-04-30 00:00:00+00:00,0.08482676186781979
2023-05-01 00:00:00+00:00,0.06314929320916218
2023-05-02 00:00:00+00:00,0.06731811276033395
2023-05-03 00:00:00+00:00,0.0846084381586174
2023-05-04 00:00:00+00:00,0.08813486567135986
2023-05-05 00:00:00+00:00,-0.028719829402060526
2023-05-06 00:00:00+00:00,0.01438380409815565
2023-05-07 00:00:00+00:00,0.004963065575707359
2023-05-08 00:00:00+00:00,-0.004239748880562111
2023-05-09 00:00:00+00:00,-0.027038920887968998
2023-05-10 00:00:00+00:00,-0.023361521532414775
2023-05-11 00:00:00+00:00,-0.023110815116509476
2023-05-12 00:00:00+00:00,-0.0489714128595663
2023-05-13 00:00:00+00:00,-0.07550456235833425
2023-05-14 00:00:00+00:00,-0.07616987761067107
2023-05-15 00:00:00+00:00,-0.07616987761067107
2023-05-16 00:00:00+00:00,-0.07616987761067107
2023-05-17 00:00:00+00:00,-0.07616987761067107
2023-05-18 00:00:00+00:00,-0.07616987761067107
2023-05-19 00:00:00+00:00,-0.09460498968623643
2023-05-20 00:00:00+00:00,-0.09460498968623643
2023-05-21 00:00:00+00:00,-0.09460498968623643
2023-05-22 00:00:00+00:00,-0.09460498968623643
2023-05-23 00:00:00+00:00,-0.09460498968623643
2023-05-24 00:00:00+00:00,-0.11269945354696154
2023-05-25 00:00:00+00:00,-0.11269945354696154
2023-05-26 00:00:00+00:00,-0.11269945354696154
2023-05-27 00:00:00+00:00,-0.11269945354696154
2023-05-28 00:00:00+00:00,-0.11269945354696154
2023-05-29 00:00:00+00:00,-0.09006566649576497
2023-05-30 00:00:00+00:00,-0.1310391030937038
2023-05-31 00:00:00+00:00,-0.1310391030937038
2023-06-01 00:00:00+00:00,-0.1310391030937038
2023-06-02 00:00:00+00:00,-0.1310391030937038
2023-06-03 00:00:00+00:00,-0.1310391030937038
2023-06-04 00:00:00+00:00,-0.11345177849178523
2023-06-05 00:00:00+00:00,-0.11345177849178523
2023-06-06 00:00:00+00:00,-0.11345177849178523
2023-06-07 00:00:00+00:00,-0.11345177849178523
2023-06-08 00:00:00+00:00,-0.11345177849178523
2023-06-09 00:00:00+00:00,-0.11386133059223891
2023-06-10 00:00:00+00:00,-0.09559148256731054
2023-06-11 00:00:00+00:00,-0.08102022971953637
2023-06-12 00:00:00+00:00,-0.11254479411061336
2023-06-13 00:00:00+00:00,-0.15258087392543895
2023-06-14 00:00:00+00:00,-0.15258087392543895
2023-06-15 00:00:00+00:00,-0.15258087392543895
2023-06-16 00:00:00+00:00,-0.15258087392543895
2023-06-17 00:00:00+00:00,-0.15194061073932952
2023-06-18 00:00:00+00:00,-0.14381033435544155
2023-06-19 00:00:00+00:00,-0.15283983240015797
2023-06-20 00:00:00+00:00,-0.13801850154601647
2023-06-21 00:00:00+00:00,-0.07033450954879072
2023-06-22 00:00:00+00:00,-0.04377532224621972
2023-06-23 00:00:00+00:00,-0.045614643633075436
2023-06-24 00:00:00+00:00,-0.029561038020736174
2023-06-25 00:00:00+00:00,-0.029561038020736174
2023-06-26 00:00:00+00:00,-0.029561038020736174
2023-06-27 00:00:00+00:00,-0.029561038020736174
2023-06-28 00:00:00+00:00,-0.029561038020736174
2023-06-29 00:00:00+00:00,-0.029561038020736174
2023-06-30 00:00:00+00:00,-0.029561038020736174
2023-07-01 00:00:00+00:00,-0.029561038020736174
2023-07-02 00:00:00+00:00,-0.029561038020736174
2023-07-03 00:00:00+00:00,-0.029561038020736174
2023-07-04 00:00:00+00:00,-0.029561038020736174
2023-07-05 00:00:00+00:00,-0.029561038020736174
2023-07-06 00:00:00+00:00,-0.029561038020736174
2023-07-07 00:00:00+00:00,-0.029561038020736174
2023-07-08 00:00:00+00:00,-0.029561038020736174
2023-07-09 00:00:00+00:00,-0.029561038020736174
2023-07-10 00:00:00+00:00,-0.029561038020736174
2023-07-11 00:00:00+00:00,-0.029561038020736174
2023-07-12 00:00:00+00:00,-0.029561038020736174
2023-07-13 00:00:00+00:00,-0.029561038020736174
2023-07-14 00:00:00+00:00,0.0031085840559250677
2023-07-15 00:00:00+00:00,-0.029944036783118966
2023-07-16 00:00:00+00:00,-0.029944036783118966
2023-07-17 00:00:00+00:00,-0.029944036783118966
2023-07-18 00:00:00+00:00,-0.029944036783118966
2023-07-19 00:00:00+00:00,-0.029944036783118966
2023-07-20 00:00:00+00:00,-0.029944036783118966
2023-07-21 00:00:00+00:00,-0.029944036783118966
2023-07-22 00:00:00+00:00,-0.03245698605967107
2023-07-23 00:00:00+00:00,-0.010952614257242699
2023-07-24 00:00:00+00:00,0.010527823136448067
2023-07-25 00:00:00+00:00,0.010527823136448067
2023-07-26 00:00:00+00:00,0.010527823136448067
2023-07-27 00:00:00+00:00,0.010527823136448067
2023-07-28 00:00:00+00:00,0.010527823136448067
2023-07-29 00:00:00+00:00,0.010527823136448067
2023-07-30 00:00:00+00:00,0.010527823136448067
2023-07-31 00:00:00+00:00,0.010527823136448067
2023-08-01 00:00:00+00:00,0.010527823136448067
2023-08-02 00:00:00+00:00,0.010527823136448067
2023-08-03 00:00:00+00:00,0.010527823136448067
2023-08-04 00:00:00+00:00,0.010527823136448067
2023-08-05 00:00:00+00:00,0.010527823136448067
2023-08-06 00:00:00+00:00,0.010527823136448067
2023-08-07 00:00:00+00:00,0.010527823136448067
2023-08-08 00:00:00+00:00,0.010527823136448067
2023-08-09 00:00:00+00:00,0.011272132331984874
2023-08-10 00:00:00+00:00,-0.010985840035239725
2023-08-11 00:00:00+00:00,0.009919443890762603
2023-08-12 00:00:00+00:00,0.009919443890762603
2023-08-13 00:00:00+00:00,0.009919443890762603
2023-08-14 00:00:00+00:00,0.009919443890762603
2023-08-15 00:00:00+00:00,0.009919443890762603
2023-08-16 00:00:00+00:00,0.009919443890762603
2023-08-17 00:00:00+00:00,0.009919443890762603
2023-08-18 00:00:00+00:00,0.009919443890762603
2023-08-19 00:00:00+00:00,0.009919443890762603
2023-08-20 00:00:00+00:00,0.009919443890762603
2023-08-21 00:00:00+00:00,0.009919443890762603
2023-08-22 00:00:00+00:00,0.009919443890762603
2023-08-23 00:00:00+00:00,0.009919443890762603
2023-08-24 00:00:00+00:00,0.009919443890762603
2023-08-25 00:00:00+00:00,0.009919443890762603
2023-08-26 00:00:00+00:00,0.009919443890762603
2023-08-27 00:00:00+00:00,0.009919443890762603
2023-08-28 00:00:00+00:00,0.009919443890762603
2023-08-29 00:00:00+00:00,0.009919443890762603
2023-08-30 00:00:00+00:00,0.037940054971025594
2023-08-31 00:00:00+00:00,0.04323502979660199
2023-09-01 00:00:00+00:00,0.009683853177495871
2023-09-02 00:00:00+00:00,0.009683853177495871
2023-09-03 00:00:00+00:00,0.009683853177495871
2023-09-04 00:00:00+00:00,0.009683853177495871
2023-09-05 00:00:00+00:00,0.009683853177495871
2023-09-06 00:00:00+00:00,0.009683853177495871
2023-09-07 00:00:00+00:00,0.009683853177495871
2023-09-08 00:00:00+00:00,0.009683853177495871
2023-09-09 00:00:00+00:00,0.009683853177495871
2023-09-10 00:00:00+00:00,0.009683853177495871
2023-09-11 00:00:00+00:00,0.009683853177495871
2023-09-12 00:00:00+00:00,0.009683853177495871
2023-09-13 00:00:00+00:00,0.009683853177495871
2023-09-14 00:00:00+00:00,0.009683853177495871
2023-09-15 00:00:00+00:00,0.009683853177495871
2023-09-16 00:00:00+00:00,0.009683853177495871
2023-09-17 00:00:00+00:00,0.009683853177495871
2023-09-18 00:00:00+00:00,0.009683853177495871
2023-09-19 00:00:00+00:00,0.009683853177495871
2023-09-20 00:00:00+00:00,0.009683853177495871
2023-09-21 00:00:00+00:00,0.009683853177495871
2023-09-22 00:00:00+00:00,0.009683853177495871
2023-09-23 00:00:00+00:00,0.009683853177495871
2023-09-24 00:00:00+00:00,0.009683853177495871
2023-09-25 00:00:00+00:00,0.009683853177495871
2023-09-26 00:00:00+00:00,0.009683853177495871
2023-09-27 00:00:00+00:00,0.009683853177495871
2023-09-28 00:00:00+00:00,0.009683853177495871
2023-09-29 00:00:00+00:00,0.009683853177495871
2023-09-30 00:00:00+00:00,0.009683853177495871
2023-10-01 00:00:00+00:00,0.009683853177495871
2023-10-02 00:00:00+00:00,0.009683853177495871
2023-10-03 00:00:00+00:00,0.009683853177495871
2023-10-04 00:00:00+00:00,0.009683853177495871
2023-10-05 00:00:00+00:00,0.009683853177495871
2023-10-06 00:00:00+00:00,0.009683853177495871
2023-10-07 00:00:00+00:00,0.009683853177495871
2023-10-08 00:00:00+00:00,0.009683853177495871
2023-10-09 00:00:00+00:00,0.009683853177495871
2023-10-10 00:00:00+00:00,0.009683853177495871
2023-10-11 00:00:00+00:00,0.009683853177495871
2023-10-12 00:00:00+00:00,0.009683853177495871
2023-10-13 00:00:00+00:00,0.009683853177495871
2023-10-14 00:00:00+00:00,0.030252808913637574
2023-10-15 00:00:00+00:00,0.030252808913637574
2023-10-16 00:00:00+00:00,0.030252808913637574
2023-10-17 00:00:00+00:00,0.12059191311148387
2023-10-18 00:00:00+00:00,0.11663087784600057
2023-10-19 00:00:00+00:00,0.11377690421930065
2023-10-20 00:00:00+00:00,0.1267246447601329
2023-10-21 00:00:00+00:00,0.1267246447601329
2023-10-22 00:00:00+00:00,0.1267246447601329
2023-10-23 00:00:00+00:00,0.1267246447601329
2023-10-24 00:00:00+00:00,0.2277238888468971
2023-10-25 00:00:00+00:00,0.22647916319646288
2023-10-26 00:00:00+00:00,0.23035317975071967
2023-10-27 00:00:00+00:00,0.2576777532640899
2023-10-28 00:00:00+00:00,0.24851852790251616
2023-10-29 00:00:00+00:00,0.24851852790251616
2023-10-30 00:00:00+00:00,0.24851852790251616
2023-10-31 00:00:00+00:00,0.24851852790251616
2023-11-01 00:00:00+00:00,0.24851852790251616
2023-11-02 00:00:00+00:00,0.24851852790251616
2023-11-03 00:00:00+00:00,0.24851852790251616
2023-11-04 00:00:00+00:00,0.24851852790251616
2023-11-05 00:00:00+00:00,0.24851852790251616
2023-11-06 00:00:00+00:00,0.24851852790251616
2023-11-07 00:00:00+00:00,0.24851852790251616
2023-11-08 00:00:00+00:00,0.24851852790251616
2023-11-09 00:00:00+00:00,0.2189257396661759
2023-11-10 00:00:00+00:00,0.13982063241958165
2023-11-11 00:00:00+00:00,0.13982063241958165
2023-11-12 00:00:00+00:00,0.13982063241958165
2023-11-13 00:00:00+00:00,0.13982063241958165
2023-11-14 00:00:00+00:00,0.13982063241958165
2023-11-15 00:00:00+00:00,0.13982063241958165
2023-11-16 00:00:00+00:00,0.13982063241958165
2023-11-17 00:00:00+00:00,0.13982063241958165
2023-11-18 00:00:00+00:00,0.13982063241958165
2023-11-19 00:00:00+00:00,0.13982063241958165
2023-11-20 00:00:00+00:00,0.13982063241958165
2023-11-21 00:00:00+00:00,0.13982063241958165
2023-11-22 00:00:00+00:00,0.13982063241958165
2023-11-23 00:00:00+00:00,0.13982063241958165
2023-11-24 00:00:00+00:00,0.13982063241958165
2023-11-25 00:00:00+00:00,0.13982063241958165
2023-11-26 00:00:00+00:00,0.13982063241958165
2023-11-27 00:00:00+00:00,0.13982063241958165
2023-11-28 00:00:00+00:00,0.13982063241958165
2023-11-29 00:00:00+00:00,0.13982063241958165
2023-11-30 00:00:00+00:00,0.13982063241958165
2023-12-01 00:00:00+00:00,0.13982063241958165
2023-12-02 00:00:00+00:00,0.13982063241958165
2023-12-03 00:00:00+00:00,0.13982063241958165
2023-12-04 00:00:00+00:00,0.13982063241958165
2023-12-05 00:00:00+00:00,0.13982063241958165
2023-12-06 00:00:00+00:00,0.14430177309525383
2023-12-07 00:00:00+00:00,0.1391118103626252
2023-12-08 00:00:00+00:00,0.131165170766411
2023-12-09 00:00:00+00:00,0.13707803239902572
2023-12-10 00:00:00+00:00,0.13707803239902572
2023-12-11 00:00:00+00:00,0.13707803239902572
2023-12-12 00:00:00+00:00,0.13707803239902572
2023-12-13 00:00:00+00:00,0.13707803239902572
2023-12-14 00:00:00+00:00,0.13707803239902572
2023-12-15 00:00:00+00:00,0.13219596375342935
2023-12-16 00:00:00+00:00,0.11374857757080514
2023-12-17 00:00:00+00:00,0.08552122103207549
2023-12-18 00:00:00+00:00,0.08863693927303018
2023-12-19 00:00:00+00:00,0.08863693927303018
2023-12-20 00:00:00+00:00,0.08863693927303018
2023-12-21 00:00:00+00:00,0.08863693927303018
2023-12-22 00:00:00+00:00,0.08863693927303018
2023-12-23 00:00:00+00:00,0.08863693927303018
2023-12-24 00:00:00+00:00,0.08863693927303018
2023-12-25 00:00:00+00:00,0.08863693927303018
2023-12-26 00:00:00+00:00,0.08863693927303018
2023-12-27 00:00:00+00:00,0.08863693927303018
2023-12-28 00:00:00+00:00,0.08863693927303018
2023-12-29 00:00:00+00:00,0.08863693927303018
2023-12-30 00:00:00+00:00,0.08863693927303018
2023-12-31 00:00:00+00:00,0.08863693927303018
2024-01-01 00:00:00+00:00,0.08863693927303018
2024-01-02 00:00:00+00:00,0.08863693927303018
2024-01-03 00:00:00+00:00,0.06696413539393231
2024-01-04 00:00:00+00:00,0.045626695730460964
2024-01-05 00:00:00+00:00,0.045626695730460964
2024-01-06 00:00:00+00:00,0.045626695730460964
2024-01-07 00:00:00+00:00,0.045626695730460964
2024-01-08 00:00:00+00:00,0.045626695730460964
2024-01-09 00:00:00+00:00,0.045626695730460964
2024-01-10 00:00:00+00:00,0.045626695730460964
2024-01-11 00:00:00+00:00,0.045626695730460964
2024-01-12 00:00:00+00:00,0.024804462363014812
2024-01-13 00:00:00+00:00,0.045616335378739326
2024-01-14 00:00:00+00:00,0.06694412847427555
2024-01-15 00:00:00+00:00,0.07533028309292389
2024-01-16 00:00:00+00:00,0.0720837479457348
2024-01-17 00:00:00+00:00,0.08777483209330406
2024-01-18 00:00:00+00:00,0.08777483209330406
2024-01-19 00:00:00+00:00,0.10991423935997502
2024-01-20 00:00:00+00:00,0.10991423935997502
2024-01-21 00:00:00+00:00,0.10991423935997502
2024-01-22 00:00:00+00:00,0.10991423935997502
2024-01-23 00:00:00+00:00,0.10991423935997502
2024-01-24 00:00:00+00:00,0.10991423935997502
2024-01-25 00:00:00+00:00,0.10991423935997502
2024-01-26 00:00:00+00:00,0.10991423935997502
2024-01-27 00:00:00+00:00,0.10991423935997502
2024-01-28 00:00:00+00:00,0.10991423935997502
2024-01-29 00:00:00+00:00,0.10991423935997502
2024-01-30 00:00:00+00:00,0.13228283078349623
2024-01-31 00:00:00+00:00,0.07057485866702962
2024-02-01 00:00:00+00:00,0.07057485866702962
2024-02-02 00:00:00+00:00,0.07057485866702962
2024-02-03 00:00:00+00:00,0.07057485866702962
2024-02-04 00:00:00+00:00,0.07057485866702962
2024-02-05 00:00:00+00:00,0.07057485866702962
2024-02-06 00:00:00+00:00,0.07057485866702962
2024-02-07 00:00:00+00:00,0.07057485866702962
2024-02-08 00:00:00+00:00,0.07057485866702962
2024-02-09 00:00:00+00:00,0.07057485866702962
2024-02-10 00:00:00+00:00,0.06882789034930248
2024-02-11 00:00:00+00:00,0.08803102383544337
2024-02-12 00:00:00+00:00,0.12805080686882042
2024-02-13 00:00:00+00:00,0.1793869217310866
2024-02-14 00:00:00+00:00,0.15602724124438883
2024-02-15 00:00:00+00:00,0.15602724124438883
2024-02-16 00:00:00+00:00,0.15602724124438883
2024-02-17 00:00:00+00:00,0.11311565497087228
2024-02-18 00:00:00+00:00,0.14994177278089382
2024-02-19 00:00:00+00:00,0.15158353517345935
2024-02-20 00:00:00+00:00,0.1716073245034142
2024-02-21 00:00:00+00:00,0.17792517452482248
2024-02-22 00:00:00+00:00,0.1951658125087743
2024-02-23 00:00:00+00:00,0.1951658125087743
2024-02-24 00:00:00+00:00,0.1951658125087743
2024-02-25 00:00:00+00:00,0.1951658125087743
2024-02-26 00:00:00+00:00,0.1951658125087743
2024-02-27 00:00:00+00:00,0.1951658125087743
2024-02-28 00:00:00+00:00,0.21613113990812738
2024-02-29 00:00:00+00:00,0.30460640582595633
2024-03-01 00:00:00+00:00,0.30460640582595633
2024-03-02 00:00:00+00:00,0.30460640582595633
2024-03-03 00:00:00+00:00,0.3040761343933127
2024-03-04 00:00:00+00:00,0.3031076188516595
2024-03-05 00:00:00+00:00,0.33097705328962324
2024-03-06 00:00:00+00:00,0.33097705328962324
2024-03-07 00:00:00+00:00,0.33097705328962324
2024-03-08 00:00:00+00:00,0.33097705328962324
2024-03-09 00:00:00+00:00,0.33097705328962324
2024-03-10 00:00:00+00:00,0.33097705328962324
2024-03-11 00:00:00+00:00,0.33097705328962324
2024-03-12 00:00:00+00:00,0.33097705328962324
2024-03-13 00:00:00+00:00,0.33097705328962324
2024-03-14 00:00:00+00:00,0.33097705328962324
2024-03-15 00:00:00+00:00,0.33097705328962324
2024-03-16 00:00:00+00:00,0.32281207080448215
2024-03-17 00:00:00+00:00,0.3837803056204836
2024-03-18 00:00:00+00:00,0.339403589953569
2024-03-19 00:00:00+00:00,0.36069734304083245
2024-03-20 00:00:00+00:00,0.36069734304083245
2024-03-21 00:00:00+00:00,0.36069734304083245
2024-03-22 00:00:00+00:00,0.381038530743782
2024-03-23 00:00:00+00:00,0.3789534988289862
2024-03-24 00:00:00+00:00,0.3287673728044065
2024-03-25 00:00:00+00:00,0.3291817427261152
2024-03-26 00:00:00+00:00,0.34404943825418677
2024-03-27 00:00:00+00:00,0.34404943825418677
2024-03-28 00:00:00+00:00,0.34404943825418677
2024-03-29 00:00:00+00:00,0.34404943825418677
2024-03-30 00:00:00+00:00,0.34404943825418677
2024-03-31 00:00:00+00:00,0.34404943825418677
2024-04-01 00:00:00+00:00,0.34404943825418677
2024-04-02 00:00:00+00:00,0.34404943825418677
2024-04-03 00:00:00+00:00,0.34404943825418677
2024-04-04 00:00:00+00:00,0.34404943825418677
2024-04-05 00:00:00+00:00,0.34404943825418677
2024-04-06 00:00:00+00:00,0.34404943825418677
2024-04-07 00:00:00+00:00,0.34404943825418677
2024-04-08 00:00:00+00:00,0.34404943825418677
2024-04-09 00:00:00+00:00,0.34404943825418677
2024-04-10 00:00:00+00:00,0.34404943825418677
2024-04-11 00:00:00+00:00,0.34404943825418677
2024-04-12 00:00:00+00:00,0.34404943825418677
2024-04-13 00:00:00+00:00,0.34404943825418677
2024-04-14 00:00:00+00:00,0.34404943825418677
2024-04-15 00:00:00+00:00,0.34404943825418677
2024-04-16 00:00:00+00:00,0.34404943825418677
2024-04-17 00:00:00+00:00,0.34404943825418677
2024-04-18 00:00:00+00:00,0.34404943825418677
2024-04-19 00:00:00+00:00,0.33161625126828786
2024-04-20 00:00:00+00:00,0.3098214495912772
2024-04-21 00:00:00+00:00,0.2745165776104632
2024-04-22 00:00:00+00:00,0.27321623317045773
2024-04-23 00:00:00+00:00,0.27321623317045773
2024-04-24 00:00:00+00:00,0.27321623317045773
2024-04-25 00:00:00+00:00,0.27321623317045773
2024-04-26 00:00:00+00:00,0.27321623317045773
2024-04-27 00:00:00+00:00,0.27321623317045773
2024-04-28 00:00:00+00:00,0.27321623317045773
2024-04-29 00:00:00+00:00,0.27321623317045773
2024-04-30 00:00:00+00:00,0.2991769379995366
2024-05-01 00:00:00+00:00,0.2991769379995366
2024-05-02 00:00:00+00:00,0.2991769379995366
2024-05-03 00:00:00+00:00,0.2991769379995366
2024-05-04 00:00:00+00:00,0.2991769379995366
2024-05-05 00:00:00+00:00,0.2991769379995366
2024-05-06 00:00:00+00:00,0.2991769379995366
2024-05-07 00:00:00+00:00,0.2991769379995366
2024-05-08 00:00:00+00:00,0.30519307398473305
2024-05-09 00:00:00+00:00,0.3032732377878362
2024-05-10 00:00:00+00:00,0.3288689077950848
2024-05-11 00:00:00+00:00,0.310944689992511
2024-05-12 00:00:00+00:00,0.30606274299402436
2024-05-13 00:00:00+00:00,0.3070033309250342
2024-05-14 00:00:00+00:00,0.3070033309250342
2024-05-15 00:00:00+00:00,0.3070033309250342
2024-05-16 00:00:00+00:00,0.3070033309250342
2024-05-17 00:00:00+00:00,0.3070033309250342
2024-05-18 00:00:00+00:00,0.33361575159696866
2024-05-19 00:00:00+00:00,0.33361575159696866
2024-05-20 00:00:00+00:00,0.33361575159696866
2024-05-21 00:00:00+00:00,0.33361575159696866
2024-05-22 00:00:00+00:00,0.33361575159696866
2024-05-23 00:00:00+00:00,0.3608117925752239
2024-05-24 00:00:00+00:00,0.3608117925752239
2024-05-25 00:00:00+00:00,0.3608117925752239
2024-05-26 00:00:00+00:00,0.3608117925752239
2024-05-27 00:00:00+00:00,0.3608117925752239
2024-05-28 00:00:00+00:00,0.326962839748826
2024-05-29 00:00:00+00:00,0.38953208535681605
2024-05-30 00:00:00+00:00,0.38953208535681605
2024-05-31 00:00:00+00:00,0.38953208535681605
2024-06-01 00:00:00+00:00,0.38953208535681605
2024-06-02 00:00:00+00:00,0.38953208535681605
2024-06-03 00:00:00+00:00,0.38953208535681605
2024-06-04 00:00:00+00:00,0.38953208535681605
2024-06-05 00:00:00+00:00,0.38953208535681605
2024-06-06 00:00:00+00:00,0.38953208535681605
2024-06-07 00:00:00+00:00,0.38953208535681605
2024-06-08 00:00:00+00:00,0.38953208535681605
2024-06-09 00:00:00+00:00,0.38953208535681605
2024-06-10 00:00:00+00:00,0.38953208535681605
2024-06-11 00:00:00+00:00,0.38953208535681605
2024-06-12 00:00:00+00:00,0.36195571713819863
2024-06-13 00:00:00+00:00,0.36195571713819863
2024-06-14 00:00:00+00:00,0.36195571713819863
2024-06-15 00:00:00+00:00,0.36195571713819863
2024-06-16 00:00:00+00:00,0.3609274753454217
2024-06-17 00:00:00+00:00,0.3480042680737532
2024-06-18 00:00:00+00:00,0.36237203743822444
2024-06-19 00:00:00+00:00,0.3389467472788432
2024-06-20 00:00:00+00:00,0.24146516722842315
2024-06-21 00:00:00+00:00,0.20698341134706366
2024-06-22 00:00:00+00:00,0.20930954762656606
2024-06-23 00:00:00+00:00,0.18930439603904325
2024-06-24 00:00:00+00:00,0.18930439603904325
2024-06-25 00:00:00+00:00,0.18930439603904325
2024-06-26 00:00:00+00:00,0.18434751385300663
2024-06-27 00:00:00+00:00,0.1651822730322665
2024-06-28 00:00:00+00:00,0.1651822730322665
2024-06-29 00:00:00+00:00,0.1651822730322665
2024-06-30 00:00:00+00:00,0.1651822730322665
2024-07-01 00:00:00+00:00,0.1651822730322665
2024-07-02 00:00:00+00:00,0.1651822730322665
2024-07-03 00:00:00+00:00,0.1651822730322665
2024-07-04 00:00:00+00:00,0.1651822730322665
2024-07-05 00:00:00+00:00,0.1651822730322665
2024-07-06 00:00:00+00:00,0.1651822730322665
2024-07-07 00:00:00+00:00,0.1651822730322665
2024-07-08 00:00:00+00:00,0.1651822730322665
2024-07-09 00:00:00+00:00,0.1651822730322665
2024-07-10 00:00:00+00:00,0.1651822730322665
2024-07-11 00:00:00+00:00,0.14184033497435666
2024-07-12 00:00:00+00:00,0.14184033497435666
2024-07-13 00:00:00+00:00,0.1271820153395693
2024-07-14 00:00:00+00:00,0.16558837660357262
2024-07-15 00:00:00+00:00,0.1654762202724671
2024-07-16 00:00:00+00:00,0.29936496331331597
2024-07-17 00:00:00+00:00,0.2402734950748655
2024-07-18 00:00:00+00:00,0.2402734950748655
2024-07-19 00:00:00+00:00,0.2402734950748655
2024-07-20 00:00:00+00:00,0.2402734950748655
2024-07-21 00:00:00+00:00,0.2402734950748655
2024-07-22 00:00:00+00:00,0.2402734950748655
2024-07-23 00:00:00+00:00,0.2402734950748655
2024-07-24 00:00:00+00:00,0.2402734950748655
2024-07-25 00:00:00+00:00,0.2402734950748655
2024-07-26 00:00:00+00:00,0.2402734950748655
2024-07-27 00:00:00+00:00,0.2402734950748655
2024-07-28 00:00:00+00:00,0.2402734950748655
2024-07-29 00:00:00+00:00,0.2402734950748655
2024-07-30 00:00:00+00:00,0.2402734950748655
2024-07-31 00:00:00+00:00,0.2402734950748655
2024-08-01 00:00:00+00:00,0.2402734950748655
2024-08-02 00:00:00+00:00,0.2402734950748655
2024-08-03 00:00:00+00:00,0.2402734950748655
2024-08-04 00:00:00+00:00,0.2402734950748655
2024-08-05 00:00:00+00:00,0.2402734950748655
2024-08-06 00:00:00+00:00,0.2402734950748655
2024-08-07 00:00:00+00:00,0.2402734950748655
2024-08-08 00:00:00+00:00,0.23936063795377005
2024-08-09 00:00:00+00:00,0.26655116891858643
2024-08-10 00:00:00+00:00,0.26655116891858643
2024-08-11 00:00:00+00:00,0.26655116891858643
2024-08-12 00:00:00+00:00,0.26655116891858643
2024-08-13 00:00:00+00:00,0.26655116891858643
2024-08-14 00:00:00+00:00,0.26655116891858643
2024-08-15 00:00:00+00:00,0.26655116891858643
2024-08-16 00:00:00+00:00,0.26655116891858643
2024-08-17 00:00:00+00:00,0.26655116891858643
2024-08-18 00:00:00+00:00,0.26655116891858643
2024-08-19 00:00:00+00:00,0.26655116891858643
2024-08-20 00:00:00+00:00,0.26655116891858643
2024-08-21 00:00:00+00:00,0.26655116891858643
2024-08-22 00:00:00+00:00,0.26655116891858643
2024-08-23 00:00:00+00:00,0.26655116891858643
2024-08-24 00:00:00+00:00,0.26655116891858643
2024-08-25 00:00:00+00:00,0.26655116891858643
2024-08-26 00:00:00+00:00,0.26655116891858643
2024-08-27 00:00:00+00:00,0.26655116891858643
2024-08-28 00:00:00+00:00,0.26655116891858643
2024-08-29 00:00:00+00:00,0.23235888821070771
2024-08-30 00:00:00+00:00,0.25109883004981737
2024-08-31 00:00:00+00:00,0.29267207862941946
2024-09-01 00:00:00+00:00,0.29267207862941946
2024-09-02 00:00:00+00:00,0.29267207862941946
2024-09-03 00:00:00+00:00,0.29267207862941946
2024-09-04 00:00:00+00:00,0.29267207862941946
2024-09-05 00:00:00+00:00,0.29267207862941946
2024-09-06 00:00:00+00:00,0.29267207862941946
2024-09-07 00:00:00+00:00,0.29267207862941946
2024-09-08 00:00:00+00:00,0.29267207862941946
2024-09-09 00:00:00+00:00,0.29267207862941946
2024-09-10 00:00:00+00:00,0.29267207862941946
2024-09-11 00:00:00+00:00,0.29267207862941946
2024-09-12 00:00:00+00:00,0.29267207862941946
2024-09-13 00:00:00+00:00,0.29267207862941946
2024-09-14 00:00:00+00:00,0.29267207862941946
2024-09-15 00:00:00+00:00,0.29267207862941946
2024-09-16 00:00:00+00:00,0.29267207862941946
2024-09-17 00:00:00+00:00,0.29267207862941946
2024-09-18 00:00:00+00:00,0.29267207862941946
2024-09-19 00:00:00+00:00,0.29267207862941946
2024-09-20 00:00:00+00:00,0.27666349519899813
2024-09-21 00:00:00+00:00,0.266740082517241
2024-09-22 00:00:00+00:00,0.266740082517241
2024-09-23 00:00:00+00:00,0.2617746291769969
2024-09-24 00:00:00+00:00,0.2581207421957843
2024-09-25 00:00:00+00:00,0.2714452505248919
2024-09-26 00:00:00+00:00,0.25644243976837044
2024-09-27 00:00:00+00:00,0.25644243976837044
2024-09-28 00:00:00+00:00,0.25644243976837044
2024-09-29 00:00:00+00:00,0.25644243976837044
2024-09-30 00:00:00+00:00,0.25644243976837044
2024-10-01 00:00:00+00:00,0.25644243976837044
2024-10-02 00:00:00+00:00,0.25644243976837044
2024-10-03 00:00:00+00:00,0.25644243976837044
2024-10-04 00:00:00+00:00,0.25644243976837044
2024-10-05 00:00:00+00:00,0.25644243976837044
2024-10-06 00:00:00+00:00,0.25644243976837044
2024-10-07 00:00:00+00:00,0.25644243976837044
2024-10-08 00:00:00+00:00,0.25644243976837044
2024-10-09 00:00:00+00:00,0.25644243976837044
2024-10-10 00:00:00+00:00,0.25644243976837044
2024-10-11 00:00:00+00:00,0.25644243976837044
2024-10-12 00:00:00+00:00,0.25644243976837044
2024-10-13 00:00:00+00:00,0.25644243976837044
2024-10-14 00:00:00+00:00,0.25644243976837044
2024-10-15 00:00:00+00:00,0.25644243976837044
2024-10-16 00:00:00+00:00,0.15515143172453616
2024-10-17 00:00:00+00:00,0.15924911131482378
2024-10-18 00:00:00+00:00,0.16221960421868475
2024-10-19 00:00:00+00:00,0.14886397384628292
2024-10-20 00:00:00+00:00,0.14886397384628292
2024-10-21 00:00:00+00:00,0.14886397384628292
2024-10-22 00:00:00+00:00,0.14886397384628292
2024-10-23 00:00:00+00:00,0.05435217524800651
2024-10-24 00:00:00+00:00,0.05542221315529705
2024-10-25 00:00:00+00:00,0.04157245126420861
2024-10-26 00:00:00+00:00,0.0501072639002198
2024-10-27 00:00:00+00:00,0.05781092937969512
2024-10-28 00:00:00+00:00,0.05781092937969512
2024-10-29 00:00:00+00:00,0.05781092937969512
2024-10-30 00:00:00+00:00,0.05781092937969512
2024-10-31 00:00:00+00:00,0.05781092937969512
2024-11-01 00:00:00+00:00,0.05781092937969512
2024-11-02 00:00:00+00:00,0.05781092937969512
2024-11-03 00:00:00+00:00,0.05781092937969512
2024-11-04 00:00:00+00:00,0.05781092937969512
2024-11-05 00:00:00+00:00,0.05781092937969512
2024-11-06 00:00:00+00:00,0.05781092937969512
2024-11-07 00:00:00+00:00,0.05781092937969512
2024-11-08 00:00:00+00:00,0.05781092937969512
2024-11-09 00:00:00+00:00,0.07937094172611281
2024-11-10 00:00:00+00:00,0.07937094172611281
2024-11-11 00:00:00+00:00,0.06315980439775237
2024-11-12 00:00:00+00:00,0.15578422482636167
2024-11-13 00:00:00+00:00,0.15578422482636167
2024-11-14 00:00:00+00:00,0.15578422482636167
2024-11-15 00:00:00+00:00,0.15578422482636167
2024-11-16 00:00:00+00:00,0.15578422482636167
2024-11-17 00:00:00+00:00,0.15578422482636167
2024-11-18 00:00:00+00:00,0.15578422482636167
2024-11-19 00:00:00+00:00,0.15578422482636167
2024-11-20 00:00:00+00:00,0.15578422482636167
2024-11-21 00:00:00+00:00,0.15578422482636167
2024-11-22 00:00:00+00:00,0.15578422482636167
2024-11-23 00:00:00+00:00,0.15578422482636167
2024-11-24 00:00:00+00:00,0.15578422482636167
2024-11-25 00:00:00+00:00,0.15578422482636167
2024-11-26 00:00:00+00:00,0.15578422482636167
2024-11-27 00:00:00+00:00,0.15578422482636167
2024-11-28 00:00:00+00:00,0.15578422482636167
2024-11-29 00:00:00+00:00,0.15578422482636167
2024-11-30 00:00:00+00:00,0.15578422482636167
2024-12-01 00:00:00+00:00,0.15578422482636167
2024-12-02 00:00:00+00:00,0.15578422482636167
2024-12-03 00:00:00+00:00,0.15578422482636167
2024-12-04 00:00:00+00:00,0.15578422482636167
2024-12-05 00:00:00+00:00,0.15125811831849512
2024-12-06 00:00:00+00:00,0.15650342143567286
2024-12-07 00:00:00+00:00,0.16462806681854936
2024-12-08 00:00:00+00:00,0.15857194365343208
2024-12-09 00:00:00+00:00,0.15857194365343208
2024-12-10 00:00:00+00:00,0.15857194365343208
2024-12-11 00:00:00+00:00,0.15857194365343208
2024-12-12 00:00:00+00:00,0.15857194365343208
2024-12-13 00:00:00+00:00,0.15857194365343208
2024-12-14 00:00:00+00:00,0.15857194365343208
2024-12-15 00:00:00+00:00,0.15857194365343208
2024-12-16 00:00:00+00:00,0.15857194365343208
2024-12-17 00:00:00+00:00,0.15857194365343208
2024-12-18 00:00:00+00:00,0.15857194365343208
2024-12-19 00:00:00+00:00,0.15857194365343208
2024-12-20 00:00:00+00:00,0.15857194365343208
2024-12-21 00:00:00+00:00,0.15857194365343208
2024-12-22 00:00:00+00:00,0.15857194365343208
2024-12-23 00:00:00+00:00,0.15857194365343208
2024-12-24 00:00:00+00:00,0.15857194365343208
2024-12-25 00:00:00+00:00,0.15857194365343208
2024-12-26 00:00:00+00:00,0.15857194365343208
2024-12-27 00:00:00+00:00,0.15857194365343208
2024-12-28 00:00:00+00:00,0.15857194365343208
2024-12-29 00:00:00+00:00,0.15857194365343208
2024-12-30 00:00:00+00:00,0.15857194365343208
2024-12-31 00:00:00+00:00,0.15857194365343208
2025-01-01 00:00:00+00:00,0.15857194365343208
2025-01-02 00:00:00+00:00,0.1821055392839499
2025-01-03 00:00:00+00:00,0.2062280159989367
2025-01-04 00:00:00+00:00,0.2062280159989367
2025-01-05 00:00:00+00:00,0.2062280159989367
2025-01-06 00:00:00+00:00,0.2062280159989367
2025-01-07 00:00:00+00:00,0.2062280159989367
2025-01-08 00:00:00+00:00,0.2062280159989367
2025-01-09 00:00:00+00:00,0.2062280159989367
2025-01-10 00:00:00+00:00,0.2062280159989367
2025-01-11 00:00:00+00:00,0.23073645850275604
2025-01-12 00:00:00+00:00,0.23073645850275604
2025-01-13 00:00:00+00:00,0.23073645850275604
2025-01-14 00:00:00+00:00,0.23073645850275604
2025-01-15 00:00:00+00:00,0.23073645850275604
2025-01-16 00:00:00+00:00,0.23073645850275604
2025-01-17 00:00:00+00:00,0.23073645850275604
2025-01-18 00:00:00+00:00,0.23073645850275604
2025-01-19 00:00:00+00:00,0.23073645850275604
2025-01-20 00:00:00+00:00,0.23073645850275604
2025-01-21 00:00:00+00:00,0.23073645850275604
2025-01-22 00:00:00+00:00,0.23073645850275604
2025-01-23 00:00:00+00:00,0.23073645850275604
2025-01-24 00:00:00+00:00,0.23073645850275604
2025-01-25 00:00:00+00:00,0.23073645850275604
2025-01-26 00:00:00+00:00,0.23073645850275604
2025-01-27 00:00:00+00:00,0.23073645850275604
2025-01-28 00:00:00+00:00,0.23073645850275604
2025-01-29 00:00:00+00:00,0.23073645850275604
2025-01-30 00:00:00+00:00,0.23073645850275604
2025-01-31 00:00:00+00:00,0.23073645850275604
2025-02-01 00:00:00+00:00,0.23073645850275604
2025-02-02 00:00:00+00:00,0.23073645850275604
2025-02-03 00:00:00+00:00,0.23073645850275604
2025-02-04 00:00:00+00:00,0.23073645850275604
2025-02-05 00:00:00+00:00,0.23073645850275604
2025-02-06 00:00:00+00:00,0.23073645850275604
2025-02-07 00:00:00+00:00,0.23073645850275604
2025-02-08 00:00:00+00:00,0.23073645850275604
2025-02-09 00:00:00+00:00,0.23274806169901363
2025-02-10 00:00:00+00:00,0.2109907541728564
2025-02-11 00:00:00+00:00,0.19184837720830683
2025-02-12 00:00:00+00:00,0.13996984263801915
2025-02-13 00:00:00+00:00,0.16300505352096573
2025-02-14 00:00:00+00:00,0.16300505352096573
2025-02-15 00:00:00+00:00,0.16300505352096573
2025-02-16 00:00:00+00:00,0.16300505352096573
2025-02-17 00:00:00+00:00,0.16300505352096573
2025-02-18 00:00:00+00:00,0.16300505352096573
2025-02-19 00:00:00+00:00,0.16300505352096573
2025-02-20 00:00:00+00:00,0.16300505352096573
2025-02-21 00:00:00+00:00,0.16300505352096573
2025-02-22 00:00:00+00:00,0.16300505352096573
2025-02-23 00:00:00+00:00,0.16300505352096573
2025-02-24 00:00:00+00:00,0.16300505352096573
2025-02-25 00:00:00+00:00,0.16300505352096573
2025-02-26 00:00:00+00:00,0.16300505352096573
2025-02-27 00:00:00+00:00,0.14295558606303094
2025-02-28 00:00:00+00:00,0.06544308960616063
2025-03-01 00:00:00+00:00,0.06544308960616063
2025-03-02 00:00:00+00:00,0.06544308960616063
2025-03-03 00:00:00+00:00,0.06544308960616063
2025-03-04 00:00:00+00:00,0.06544308960616063
2025-03-05 00:00:00+00:00,0.06544308960616063
2025-03-06 00:00:00+00:00,0.06544308960616063
2025-03-07 00:00:00+00:00,0.06544308960616063
2025-03-08 00:00:00+00:00,0.06544308960616063
2025-03-09 00:00:00+00:00,0.06544308960616063
2025-03-10 00:00:00+00:00,0.06544308960616063
2025-03-11 00:00:00+00:00,0.06544308960616063
2025-03-12 00:00:00+00:00,0.06544308960616063
2025-03-13 00:00:00+00:00,0.06544308960616063
2025-03-14 00:00:00+00:00,0.06544308960616063
2025-03-15 00:00:00+00:00,0.06544308960616063
2025-03-16 00:00:00+00:00,0.07201947665126673
2025-03-17 00:00:00+00:00,0.024787170399809932
2025-03-18 00:00:00+00:00,0.05874010976852606
2025-03-19 00:00:00+00:00,0.04217172988868323
2025-03-20 00:00:00+00:00,0.04217172988868323
2025-03-21 00:00:00+00:00,0.04217172988868323
2025-03-22 00:00:00+00:00,0.04217172988868323
2025-03-23 00:00:00+00:00,0.04217172988868323
2025-03-24 00:00:00+00:00,0.04217172988868323
2025-03-25 00:00:00+00:00,0.04217172988868323
2025-03-26 00:00:00+00:00,0.04217172988868323
2025-03-27 00:00:00+00:00,0.04217172988868323
2025-03-28 00:00:00+00:00,0.04217172988868323
2025-03-29 00:00:00+00:00,0.04217172988868323
2025-03-30 00:00:00+00:00,0.04217172988868323
2025-03-31 00:00:00+00:00,0.04217172988868323
2025-04-01 00:00:00+00:00,0.04217172988868323
2025-04-02 00:00:00+00:00,0.04217172988868323
2025-04-03 00:00:00+00:00,0.04217172988868323
2025-04-04 00:00:00+00:00,0.04217172988868323
2025-04-05 00:00:00+00:00,0.04217172988868323
2025-04-06 00:00:00+00:00,0.04217172988868323
2025-04-07 00:00:00+00:00,0.04217172988868323
2025-04-08 00:00:00+00:00,0.04217172988868323
2025-04-09 00:00:00+00:00,0.04217172988868323
2025-04-10 00:00:00+00:00,0.04217172988868323
2025-04-11 00:00:00+00:00,0.04217172988868323
2025-04-12 00:00:00+00:00,0.04217172988868323
2025-04-13 00:00:00+00:00,0.04217172988868323
2025-04-14 00:00:00+00:00,0.04217172988868323
2025-04-15 00:00:00+00:00,0.04217172988868323
2025-04-16 00:00:00+00:00,0.04217172988868323
2025-04-17 00:00:00+00:00,0.04217172988868323
2025-04-18 00:00:00+00:00,0.04217172988868323
2025-04-19 00:00:00+00:00,0.04217172988868323
2025-04-20 00:00:00+00:00,0.04217172988868323
2025-04-21 00:00:00+00:00,0.04217172988868323
2025-04-22 00:00:00+00:00,0.04217172988868323
2025-04-23 00:00:00+00:00,0.04217172988868323
2025-04-24 00:00:00+00:00,0.04217172988868323
2025-04-25 00:00:00+00:00,0.04217172988868323
2025-04-26 00:00:00+00:00,0.04217172988868323
2025-04-27 00:00:00+00:00,0.04217172988868323
2025-04-28 00:00:00+00:00,0.04217172988868323
2025-04-29 00:00:00+00:00,0.04217172988868323
2025-04-30 00:00:00+00:00,0.04217172988868323
2025-05-01 00:00:00+00:00,0.04217172988868323
2025-05-02 00:00:00+00:00,0.04217172988868323
2025-05-03 00:00:00+00:00,0.04217172988868323
2025-05-04 00:00:00+00:00,0.04217172988868323
2025-05-05 00:00:00+00:00,0.04217172988868323
2025-05-06 00:00:00+00:00,0.04217172988868323
2025-05-07 00:00:00+00:00,0.04217172988868323
2025-05-08 00:00:00+00:00,0.04217172988868323
2025-05-09 00:00:00+00:00,0.04217172988868323
2025-05-10 00:00:00+00:00,0.04217172988868323
2025-05-11 00:00:00+00:00,0.04217172988868323
2025-05-12 00:00:00+00:00,0.04217172988868323
2025-05-13 00:00:00+00:00,0.04217172988868323
2025-05-14 00:00:00+00:00,0.04217172988868323
2025-05-15 00:00:00+00:00,0.04217172988868323
2025-05-16 00:00:00+00:00,0.04217172988868323
2025-05-17 00:00:00+00:00,0.04217172988868323
2025-05-18 00:00:00+00:00,0.04217172988868323
2025-05-19 00:00:00+00:00,0.04217172988868323
2025-05-20 00:00:00+00:00,0.04217172988868323
2025-05-21 00:00:00+00:00,0.04217172988868323
2025-05-22 00:00:00+00:00,0.04217172988868323
2025-05-23 00:00:00+00:00,0.04217172988868323
2025-05-24 00:00:00+00:00,0.04217172988868323
2025-05-25 00:00:00+00:00,0.04217172988868323
2025-05-26 00:00:00+00:00,0.04217172988868323
2025-05-27 00:00:00+00:00,0.04217172988868323
2025-05-28 00:00:00+00:00,0.04217172988868323
2025-05-29 00:00:00+00:00,0.04217172988868323
2025-05-30 00:00:00+00:00,0.04217172988868323
2025-05-31 00:00:00+00:00,0.04217172988868323
2025-06-01 00:00:00+00:00,0.04217172988868323
2025-06-02 00:00:00+00:00,0.04217172988868323
2025-06-03 00:00:00+00:00,0.04217172988868323
2025-06-04 00:00:00+00:00,0.04217172988868323
2025-06-05 00:00:00+00:00,0.04217172988868323
2025-06-06 00:00:00+00:00,0.04217172988868323
2025-06-07 00:00:00+00:00,0.04217172988868323
2025-06-08 00:00:00+00:00,0.04217172988868323
2025-06-09 00:00:00+00:00,0.04217172988868323
2025-06-10 00:00:00+00:00,0.037419994423196545
2025-06-11 00:00:00+00:00,0.021172260481979732
2025-06-12 00:00:00+00:00,0.04184857316625723
2025-06-13 00:00:00+00:00,0.04184857316625723
2025-06-14 00:00:00+00:00,0.04184857316625723
2025-06-15 00:00:00+00:00,0.04184857316625723
2025-06-16 00:00:00+00:00,0.04184857316625723
2025-06-17 00:00:00+00:00,0.04184857316625723
2025-06-18 00:00:00+00:00,0.04184857316625723
2025-06-19 00:00:00+00:00,0.04184857316625723
2025-06-20 00:00:00+00:00,0.04184857316625723
2025-06-21 00:00:00+00:00,0.04184857316625723
2025-06-22 00:00:00+00:00,0.04184857316625723
2025-06-23 00:00:00+00:00,0.04184857316625723
2025-06-24 00:00:00+00:00,0.04184857316625723
2025-06-25 00:00:00+00:00,0.04184857316625723
2025-06-26 00:00:00+00:00,0.04620905062111724
2025-06-27 00:00:00+00:00,0.06341738692013354
2025-06-28 00:00:00+00:00,0.06341738692013354
2025-06-29 00:00:00+00:00,0.06341738692013354
2025-06-30 00:00:00+00:00,0.06341738692013354
2025-07-01 00:00:00+00:00,0.06341738692013354
2025-07-02 00:00:00+00:00,0.06341738692013354
2025-07-03 00:00:00+00:00,0.06341738692013354
2025-07-04 00:00:00+00:00,0.06341738692013354
2025-07-05 00:00:00+00:00,0.06341738692013354
2025-07-06 00:00:00+00:00,0.06341738692013354
2025-07-07 00:00:00+00:00,0.06341738692013354
2025-07-08 00:00:00+00:00,0.06341738692013354
2025-07-09 00:00:00+00:00,0.06341738692013354
2025-07-10 00:00:00+00:00,0.06341738692013354
2025-07-11 00:00:00+00:00,0.08515617299634237
2025-07-12 00:00:00+00:00,0.07547503166731429
2025-07-13 00:00:00+00:00,0.07547503166731429
2025-07-14 00:00:00+00:00,0.07547503166731429
2025-07-15 00:00:00+00:00,0.07557852698678036
2025-07-16 00:00:00+00:00,-0.035250886677549054
2025-07-17 00:00:00+00:00,0.01071352505449874
2025-07-18 00:00:00+00:00,0.01071352505449874
2025-07-19 00:00:00+00:00,0.01071352505449874
2025-07-20 00:00:00+00:00,0.01071352505449874
2025-07-21 00:00:00+00:00,0.01071352505449874
2025-07-22 00:00:00+00:00,0.01071352505449874
2025-07-23 00:00:00+00:00,0.01071352505449874
2025-07-24 00:00:00+00:00,0.01071352505449874
2025-07-25 00:00:00+00:00,0.01071352505449874
2025-07-26 00:00:00+00:00,0.01071352505449874
2025-07-27 00:00:00+00:00,0.01071352505449874
2025-07-28 00:00:00+00:00,0.01071352505449874
2025-07-29 00:00:00+00:00,0.01071352505449874
2025-07-30 00:00:00+00:00,0.01071352505449874
2025-07-31 00:00:00+00:00,0.01071352505449874
2025-08-01 00:00:00+00:00,0.01071352505449874
2025-08-02 00:00:00+00:00,0.01071352505449874
2025-08-03 00:00:00+00:00,0.01071352505449874
2025-08-04 00:00:00+00:00,0.01071352505449874
2025-08-05 00:00:00+00:00,0.01071352505449874
2025-08-06 00:00:00+00:00,0.01071352505449874
2025-08-07 00:00:00+00:00,0.01071352505449874
2025-08-08 00:00:00+00:00,0.01071352505449874
2025-08-09 00:00:00+00:00,0.01071352505449874
2025-08-10 00:00:00+00:00,0.01071352505449874
2025-08-11 00:00:00+00:00,0.01071352505449874
2025-08-12 00:00:00+00:00,0.01071352505449874
2025-08-13 00:00:00+00:00,0.01071352505449874
2025-08-14 00:00:00+00:00,0.01071352505449874
2025-08-15 00:00:00+00:00,0.01071352505449874
2025-08-16 00:00:00+00:00,0.01071352505449874
2025-08-17 00:00:00+00:00,0.01071352505449874
2025-08-18 00:00:00+00:00,0.01071352505449874
2025-08-19 00:00:00+00:00,0.01071352505449874
2025-08-20 00:00:00+00:00,0.01071352505449874
2025-08-21 00:00:00+00:00,0.01071352505449874
2025-08-22 00:00:00+00:00,0.01071352505449874
2025-08-23 00:00:00+00:00,0.01071352505449874
2025-08-24 00:00:00+00:00,0.01071352505449874
2025-08-25 00:00:00+00:00,0.01071352505449874
2025-08-26 00:00:00+00:00,0.01071352505449874
2025-08-27 00:00:00+00:00,0.01071352505449874
2025-08-28 00:00:00+00:00,0.01071352505449874
2025-08-29 00:00:00+00:00,0.01071352505449874
2025-08-30 00:00:00+00:00,0.01071352505449874
2025-08-31 00:00:00+00:00,0.01071352505449874
2025-09-01 00:00:00+00:00,0.01071352505449874
2025-09-02 00:00:00+00:00,0.01071352505449874
2025-09-03 00:00:00+00:00,0.01071352505449874
2025-09-04 00:00:00+00:00,0.01071352505449874
2025-09-05 00:00:00+00:00,0.01071352505449874
2025-09-06 00:00:00+00:00,0.01071352505449874
2025-09-07 00:00:00+00:00,0.01071352505449874
2025-09-08 00:00:00+00:00,0.01071352505449874
2025-09-09 00:00:00+00:00,0.01071352505449874
2025-09-10 00:00:00+00:00,0.01071352505449874
2025-09-11 00:00:00+00:00,0.01071352505449874
2025-09-12 00:00:00+00:00,0.01071352505449874
2025-09-13 00:00:00+00:00,0.01071352505449874
2025-09-14 00:00:00+00:00,0.01071352505449874
2025-09-15 00:00:00+00:00,0.001994671039745599
2025-09-16 00:00:00+00:00,0.001994671039745599
2025-09-17 00:00:00+00:00,0.001994671039745599
2025-09-18 00:00:00+00:00,0.001994671039745599
2025-09-19 00:00:00+00:00,0.001994671039745599
2025-09-20 00:00:00+00:00,0.0145590745403541
2025-09-21 00:00:00+00:00,0.022506946819471185
2025-09-22 00:00:00+00:00,0.022506946819471185
2025-09-23 00:00:00+00:00,0.02653081163423554
2025-09-24 00:00:00+00:00,0.029512105434302383
2025-09-25 00:00:00+00:00,0.018723011198342965
2025-09-26 00:00:00+00:00,0.030887283962911294
2025-09-27 00:00:00+00:00,0.030887283962911294
2025-09-28 00:00:00+00:00,0.030887283962911294
2025-09-29 00:00:00+00:00,0.030887283962911294
2025-09-30 00:00:00+00:00,0.030887283962911294
2025-10-01 00:00:00+00:00,0.030887283962911294
2025-10-02 00:00:00+00:00,0.0923726026508036
2025-10-03 00:00:00+00:00,0.11167247825803517
2025-10-04 00:00:00+00:00,0.11167247825803517
2025-10-05 00:00:00+00:00,0.11167247825803517
2025-10-06 00:00:00+00:00,0.11167247825803517
2025-10-07 00:00:00+00:00,0.11167247825803517
2025-10-08 00:00:00+00:00,0.11167247825803517
2025-10-09 00:00:00+00:00,0.11167247825803517
2025-10-10 00:00:00+00:00,0.11167247825803517
2025-10-11 00:00:00+00:00,0.11167247825803517
2025-10-12 00:00:00+00:00,0.06774395079357465
2025-10-13 00:00:00+00:00,0.033896695342462424
2025-10-14 00:00:00+00:00,0.033896695342462424
2025-10-15 00:00:00+00:00,0.033896695342462424
2025-10-16 00:00:00+00:00,0.033896695342462424
2025-10-17 00:00:00+00:00,0.033896695342462424
2025-10-18 00:00:00+00:00,0.033896695342462424
2025-10-19 00:00:00+00:00,0.033896695342462424
2025-10-20 00:00:00+00:00,0.033896695342462424
2025-10-21 00:00:00+00:00,0.033896695342462424
2025-10-22 00:00:00+00:00,0.033896695342462424
2025-10-23 00:00:00+00:00,0.033896695342462424
2025-10-24 00:00:00+00:00,0.033896695342462424
2025-10-25 00:00:00+00:00,0.033896695342462424
2025-10-26 00:00:00+00:00,0.033896695342462424
2025-10-27 00:00:00+00:00,0.033896695342462424
2025-10-28 00:00:00+00:00,0.033896695342462424
2025-10-29 00:00:00+00:00,0.033896695342462424
2025-10-30 00:00:00+00:00,0.033896695342462424
2025-10-31 00:00:00+00:00,0.033896695342462424
2025-11-01 00:00:00+00:00,0.033896695342462424
2025-11-02 00:00:00+00:00,0.033896695342462424
2025-11-03 00:00:00+00:00,0.033896695342462424
2025-11-04 00:00:00+00:00,0.033896695342462424
2025-11-05 00:00:00+00:00,0.033896695342462424
2025-11-06 00:00:00+00:00,0.013224385689998952
2025-11-07 00:00:00+00:00,0.013224385689998952
2025-11-08 00:00:00+00:00,0.013224385689998952
2025-11-09 00:00:00+00:00,0.013224385689998952
2025-11-10 00:00:00+00:00,0.013224385689998952
2025-11-11 00:00:00+00:00,0.028674104154636337
2025-11-12 00:00:00+00:00,-0.053763725208847646
2025-11-13 00:00:00+00:00,-0.053763725208847646
2025-11-14 00:00:00+00:00,-0.053763725208847646
2025-11-15 00:00:00+00:00,-0.053763725208847646
2025-11-16 00:00:00+00:00,-0.053763725208847646
2025-11-17 00:00:00+00:00,-0.05666728262988674
2025-11-18 00:00:00+00:00,-0.07255012364640157
2025-11-19 00:00:00+00:00,-0.07255012364640157
2025-11-20 00:00:00+00:00,-0.07255012364640157
2025-11-21 00:00:00+00:00,-0.07255012364640157
2025-11-22 00:00:00+00:00,-0.06159109589638989
2025-11-23 00:00:00+00:00,-0.06411110535690168
2025-11-24 00:00:00+00:00,-0.05117782884652733
2025-11-25 00:00:00+00:00,-0.05668736526341345
2025-11-26 00:00:00+00:00,-0.05668736526341345
2025-11-27 00:00:00+00:00,-0.05668736526341345
2025-11-28 00:00:00+00:00,-0.05668736526341345
2025-11-29 00:00:00+00:00,-0.05668736526341345
2025-11-30 00:00:00+00:00,-0.05668736526341345
2025-12-01 00:00:00+00:00,-0.05668736526341345
2025-12-02 00:00:00+00:00,-0.05668736526341345
2025-12-03 00:00:00+00:00,-0.05668736526341345
2025-12-04 00:00:00+00:00,-0.05668736526341345
2025-12-05 00:00:00+00:00,-0.05668736526341345
2025-12-06 00:00:00+00:00,-0.05668736526341345
2025-12-07 00:00:00+00:00,-0.05668736526341345
2025-12-08 00:00:00+00:00,-0.05668736526341345
2025-12-09 00:00:00+00:00,-0.05668736526341345
2025-12-10 00:00:00+00:00,-0.05668736526341345
2025-12-11 00:00:00+00:00,-0.05668736526341345
2025-12-12 00:00:00+00:00,-0.05668736526341345
2025-12-13 00:00:00+00:00,-0.05668736526341345
2025-12-14 00:00:00+00:00,-0.05668736526341345
2025-12-15 00:00:00+00:00,-0.05668736526341345
2025-12-16 00:00:00+00:00,-0.05668736526341345
2025-12-17 00:00:00+00:00,-0.05668736526341345
2025-12-18 00:00:00+00:00,-0.05668736526341345
2025-12-19 00:00:00+00:00,-0.05668736526341345
2025-12-20 00:00:00+00:00,-0.05668736526341345
2025-12-21 00:00:00+00:00,-0.05668736526341345
2025-12-22 00:00:00+00:00,-0.05668736526341345
2025-12-23 00:00:00+00:00,-0.05668736526341345
2025-12-24 00:00:00+00:00,-0.05668736526341345
2025-12-25 00:00:00+00:00,-0.05668736526341345
2025-12-26 00:00:00+00:00,-0.05668736526341345
2025-12-27 00:00:00+00:00,-0.05668736526341345
2025-12-28 00:00:00+00:00,-0.05668736526341345
2025-12-29 00:00:00+00:00,-0.05668736526341345
2025-12-30 00:00:00+00:00,-0.05668736526341345
2025-12-31 00:00:00+00:00,-0.05668736526341345
2026-01-01 00:00:00+00:00,-0.05668736526341345
2026-01-02 00:00:00+00:00,-0.05668736526341345
2026-01-03 00:00:00+00:00,-0.05668736526341345
2026-01-04 00:00:00+00:00,-0.05668736526341345
2026-01-05 00:00:00+00:00,-0.05668736526341345
2026-01-06 00:00:00+00:00,-0.05668736526341345
2026-01-07 00:00:00+00:00,-0.05668736526341345
2026-01-08 00:00:00+00:00,-0.05668736526341345
2026-01-09 00:00:00+00:00,-0.05668736526341345
2026-01-10 00:00:00+00:00,-0.05668736526341345
2026-01-11 00:00:00+00:00,-0.05668736526341345
2026-01-12 00:00:00+00:00,-0.05668736526341345
2026-01-13 00:00:00+00:00,-0.05668736526341345
2026-01-14 00:00:00+00:00,-0.06409069806343959
2026-01-15 00:00:00+00:00,-0.0891305497564795
2026-01-16 00:00:00+00:00,-0.10262328455354297
2026-01-17 00:00:00+00:00,-0.10519394514070823
2026-01-18 00:00:00+00:00,-0.11141425048561937
2026-01-19 00:00:00+00:00,-0.12944965301419542
2026-01-20 00:00:00+00:00,-0.12944965301419542
2026-01-21 00:00:00+00:00,-0.12944965301419542
2026-01-22 00:00:00+00:00,-0.12944965301419542
2026-01-23 00:00:00+00:00,-0.12944965301419542
2026-01-24 00:00:00+00:00,-0.12944965301419542
2026-01-25 00:00:00+00:00,-0.12944965301419542
2026-01-26 00:00:00+00:00,-0.12944965301419542
2026-01-27 00:00:00+00:00,-0.12944965301419542
2026-01-28 00:00:00+00:00,-0.12944965301419542
2026-01-29 00:00:00+00:00,-0.12944965301419542
2026-01-30 00:00:00+00:00,-0.12944965301419542
2026-01-31 00:00:00+00:00,-0.12944965301419542
2026-02-01 00:00:00+00:00,-0.12944965301419542
2026-02-02 00:00:00+00:00,-0.12944965301419542
2026-02-03 00:00:00+00:00,-0.12944965301419542
2026-02-04 00:00:00+00:00,-0.12944965301419542
2026-02-05 00:00:00+00:00,-0.12944965301419542
2026-02-06 00:00:00+00:00,-0.12944965301419542
2026-02-07 00:00:00+00:00,-0.12944965301419542
2026-02-08 00:00:00+00:00,-0.12944965301419542
2026-02-09 00:00:00+00:00,-0.12944965301419542
2026-02-10 00:00:00+00:00,-0.12944965301419542
2026-02-11 00:00:00+00:00,-0.12944965301419542
2026-02-12 00:00:00+00:00,-0.12944965301419542
2026-02-13 00:00:00+00:00,-0.12944965301419542
2026-02-14 00:00:00+00:00,-0.12944965301419542
2026-02-15 00:00:00+00:00,-0.12944965301419542
2026-02-16 00:00:00+00:00,-0.12944965301419542
2026-02-17 00:00:00+00:00,-0.12944965301419542
2026-02-18 00:00:00+00:00,-0.12944965301419542
2026-02-19 00:00:00+00:00,-0.12944965301419542
2026-02-20 00:00:00+00:00,-0.12944965301419542
2026-02-21 00:00:00+00:00,-0.12944965301419542
2026-02-22 00:00:00+00:00,-0.12944965301419542
2026-02-23 00:00:00+00:00,-0.12944965301419542
2026-02-24 00:00:00+00:00,-0.12944965301419542
2026-02-25 00:00:00+00:00,-0.12944965301419542
2026-02-26 00:00:00+00:00,-0.12944965301419542
2026-02-27 00:00:00+00:00,-0.12944965301419542
2026-02-28 00:00:00+00:00,-0.12944965301419542
2026-03-01 00:00:00+00:00,-0.12944965301419542
2026-03-02 00:00:00+00:00,-0.12944965301419542
2026-03-03 00:00:00+00:00,-0.12944965301419542
2026-03-04 00:00:00+00:00,-0.12944965301419542
2026-03-05 00:00:00+00:00,-0.12944965301419542
2026-03-06 00:00:00+00:00,-0.12944965301419542
2026-03-07 00:00:00+00:00,-0.12944965301419542
2026-03-08 00:00:00+00:00,-0.12944965301419542
2026-03-09 00:00:00+00:00,-0.12944965301419542
2026-03-10 00:00:00+00:00,-0.12944965301419542
2026-03-11 00:00:00+00:00,-0.12944965301419542
2026-03-12 00:00:00+00:00,-0.12944965301419542
2026-03-13 00:00:00+00:00,-0.12944965301419542
2026-03-14 00:00:00+00:00,-0.12944965301419542
2026-03-15 00:00:00+00:00,-0.12944965301419542
2026-03-16 00:00:00+00:00,-0.12944965301419542
2026-03-17 00:00:00+00:00,-0.12944965301419542
2026-03-18 00:00:00+00:00,-0.12944965301419542
2026-03-19 00:00:00+00:00,-0.12944965301419542
2026-03-20 00:00:00+00:00,-0.12944965301419542
2026-03-21 00:00:00+00:00,-0.12944965301419542
2026-03-22 00:00:00+00:00,-0.12944965301419542
2026-03-23 00:00:00+00:00,-0.12944965301419542
2026-03-24 00:00:00+00:00,-0.12944965301419542
2026-03-25 00:00:00+00:00,-0.12944965301419542
2026-03-26 00:00:00+00:00,-0.12944965301419542
2026-03-27 00:00:00+00:00,-0.12944965301419542
2026-03-28 00:00:00+00:00,-0.12944965301419542
2026-03-29 00:00:00+00:00,-0.12944965301419542
2026-03-30 00:00:00+00:00,-0.12944965301419542
2026-03-31 00:00:00+00:00,-0.12944965301419542
2026-04-01 00:00:00+00:00,-0.12944965301419542
2026-04-02 00:00:00+00:00,-0.12944965301419542
2026-04-03 00:00:00+00:00,-0.12944965301419542
2026-04-04 00:00:00+00:00,-0.12944965301419542
2026-04-05 00:00:00+00:00,-0.12944965301419542
2026-04-06 00:00:00+00:00,-0.12944965301419542
2026-04-07 00:00:00+00:00,-0.12944965301419542
2026-04-08 00:00:00+00:00,-0.12944965301419542
2026-04-09 00:00:00+00:00,-0.12944965301419542
2026-04-10 00:00:00+00:00,-0.12944965301419542
2026-04-11 00:00:00+00:00,-0.12944965301419542
2026-04-12 00:00:00+00:00,-0.12944965301419542
2026-04-13 00:00:00+00:00,-0.12944965301419542
2026-04-14 00:00:00+00:00,-0.12944965301419542
2026-04-15 00:00:00+00:00,-0.12944965301419542
2026-04-16 00:00:00+00:00,-0.12944965301419542
2026-04-17 00:00:00+00:00,-0.12944965301419542
2026-04-18 00:00:00+00:00,-0.12944965301419542
2026-04-19 00:00:00+00:00,-0.12944965301419542
2026-04-20 00:00:00+00:00,-0.12944965301419542
2026-04-21 00:00:00+00:00,-0.12944965301419542
2026-04-22 00:00:00+00:00,-0.12944965301419542
2026-04-23 00:00:00+00:00,-0.12944965301419542
2026-04-24 00:00:00+00:00,-0.12944965301419542
2026-04-25 00:00:00+00:00,-0.12944965301419542
2026-04-26 00:00:00+00:00,-0.12944965301419542
2026-04-27 00:00:00+00:00,-0.12944965301419542
2026-04-28 00:00:00+00:00,-0.12944965301419542
2026-04-29 00:00:00+00:00,-0.12944965301419542
2026-04-30 00:00:00+00:00,-0.12944965301419542
2026-05-01 00:00:00+00:00,-0.12944965301419542
2026-05-02 00:00:00+00:00,-0.12944965301419542
2026-05-03 00:00:00+00:00,-0.12944965301419542
2026-05-04 00:00:00+00:00,-0.12944965301419542
2026-05-05 00:00:00+00:00,-0.12944965301419542
2026-05-06 00:00:00+00:00,-0.12944965301419542
2026-05-07 00:00:00+00:00,-0.12944965301419542
2026-05-08 00:00:00+00:00,-0.12944965301419542
2026-05-09 00:00:00+00:00,-0.12944965301419542
2026-05-10 00:00:00+00:00,-0.12944965301419542
2026-05-11 00:00:00+00:00,-0.12944965301419542
2026-05-12 00:00:00+00:00,-0.12944965301419542
2026-05-13 00:00:00+00:00,-0.12944965301419542
2026-05-14 00:00:00+00:00,-0.12944965301419542
2026-05-15 00:00:00+00:00,-0.12944965301419542
2026-05-16 00:00:00+00:00,-0.12944965301419542
2026-05-17 00:00:00+00:00,-0.12944965301419542
2026-05-18 00:00:00+00:00,-0.12944965301419542
2026-05-19 00:00:00+00:00,-0.12944965301419542
2026-05-20 00:00:00+00:00,-0.12944965301419542
2026-05-21 00:00:00+00:00,-0.12944965301419542
2026-05-22 00:00:00+00:00,-0.12944965301419542
2026-05-23 00:00:00+00:00,-0.12944965301419542
2026-05-24 00:00:00+00:00,-0.12944965301419542
2026-05-25 00:00:00+00:00,-0.12944965301419542
2026-05-26 00:00:00+00:00,-0.12944965301419542
2026-05-27 00:00:00+00:00,-0.12944965301419542
2026-05-28 00:00:00+00:00,-0.12944965301419542
2026-05-29 00:00:00+00:00,-0.12944965301419542
2026-05-30 00:00:00+00:00,-0.12944965301419542
2026-05-31 00:00:00+00:00,-0.12944965301419542
2026-06-01 00:00:00+00:00,-0.12944965301419542
2026-06-02 00:00:00+00:00,-0.12944965301419542
2026-06-03 00:00:00+00:00,-0.12944965301419542
2026-06-04 00:00:00+00:00,-0.12944965301419542
2026-06-05 00:00:00+00:00,-0.12944965301419542
2026-06-06 00:00:00+00:00,-0.12944965301419542
2026-06-07 00:00:00+00:00,-0.12944965301419542
2026-06-08 00:00:00+00:00,-0.12944965301419542
2026-06-09 00:00:00+00:00,-0.12944965301419542
2026-06-10 00:00:00+00:00,-0.12546223713586147
2026-06-11 00:00:00+00:00,-0.11154758488526384
2026-06-12 00:00:00+00:00,-0.11154758488526384
2026-06-13 00:00:00+00:00,-0.11154758488526384
2026-06-14 00:00:00+00:00,-0.11154758488526384
2026-06-15 00:00:00+00:00,-0.11154758488526384
2026-06-16 00:00:00+00:00,-0.11154758488526384
2026-06-17 00:00:00+00:00,-0.11154758488526384
2026-06-18 00:00:00+00:00,-0.11154758488526384
2026-06-19 00:00:00+00:00,-0.11154758488526384
2026-06-20 00:00:00+00:00,-0.11154758488526384
2026-06-21 00:00:00+00:00,-0.11154758488526384
2026-06-22 00:00:00+00:00,-0.11154758488526384
2026-06-23 00:00:00+00:00,-0.11154758488526384
2026-06-24 00:00:00+00:00,-0.11154758488526384
2026-06-25 00:00:00+00:00,-0.11154758488526384
2026-06-26 00:00:00+00:00,-0.11154758488526384
2026-06-27 00:00:00+00:00,-0.11154758488526384
2026-06-28 00:00:00+00:00,-0.11154758488526384
2026-06-29 00:00:00+00:00,-0.11154758488526384
2026-06-30 00:00:00+00:00,-0.11154758488526384
2026-07-01 00:00:00+00:00,-0.11154758488526384
2026-07-02 00:00:00+00:00,-0.11154758488526384
2026-07-03 00:00:00+00:00,-0.11154758488526384
2026-07-04 00:00:00+00:00,-0.11154758488526384
2026-07-05 00:00:00+00:00,-0.11154758488526384
2026-07-06 00:00:00+00:00,-0.11154758488526384
2026-07-07 00:00:00+00:00,-0.11154758488526384
2026-07-08 00:00:00+00:00,-0.11154758488526384
2026-07-09 00:00:00+00:00,-0.11154758488526384
2026-07-10 00:00:00+00:00,-0.11154758488526384
2026-07-11 00:00:00+00:00,-0.11154758488526384
2026-07-12 00:00:00+00:00,-0.10354997160594148
2026-07-13 00:00:00+00:00,-0.10354997160594148
2026-07-14 00:00:00+00:00,-0.10354997160594148
2026-07-15 00:00:00+00:00,-0.10354997160594148
2026-07-16 00:00:00+00:00,-0.10354997160594148
2026-07-17 00:00:00+00:00,-0.10354997160594148
2026-07-18 00:00:00+00:00,-0.11491898034989712
2026-07-19 00:00:00+00:00,-0.10116126442078988
2026-07-20 00:00:00+00:00,-0.1030119056918013
2026-07-21 00:00:00+00:00,-0.09039009204561421
2026-07-22 00:00:00+00:00,-0.09039009204561421
2026-07-23 00:00:00+00:00,-0.09039009204561421
2026-07-24 00:00:00+00:00,-0.09039009204561421
2026-07-25 00:00:00+00:00,-0.09039009204561421
2026-07-26 00:00:00+00:00,-0.09039009204561421
2026-07-27 00:00:00+00:00,-0.09039009204561421
2026-07-28 00:00:00+00:00,-0.09039009204561421
2026-07-29 00:00:00+00:00,-0.09039009204561421
2026-07-30 00:00:00+00:00,-0.09039009204561421
2026-07-31 00:00:00+00:00,-0.09039009204561421
2026-08-01 00:00:00+00:00,-0.09039009204561421
2026-08-02 00:00:00+00:00,-0.09039009204561421
2026-08-03 00:00:00+00:00,-0.09039009204561421
2026-08-04 00:00:00+00:00,-0.09039009204561421
2026-08-05 00:00:00+00:00,-0.09039009204561421
2026-08-06 00:00:00+00:00,-0.09039009204561421
2026-08-07 00:00:00+00:00,-0.09039009204561421
2026-08-08 00:00:00+00:00,-0.09039009204561421
2026-08-09 00:00:00+00:00,-0.09039009204561421
2026-08-10 00:00:00+00:00,-0.09039009204561421
2026-08-11 00:00:00+00:00,-0.09039009204561421
2026-08-12 00:00:00+00:00,-0.09039009204561421
2026-08-13 00:00:00+00:00,-0.09039009204561421
2026-08-14 00:00:00+00:00,-0.09039009204561421
2026-08-15 00:00:00+00:00,-0.09039009204561421
2026-08-16 00:00:00+00:00,-0.09039009204561421
2026-08-17 00:00:00+00:00,-0.09039009204561421
2026-08-18 00:00:00+00:00,-0.09039009204561421
2026-08-19 00:00:00+00:00,-0.09039009204561421
2026-08-20 00:00:00+00:00,-0.09039009204561421
2026-08-21 00:00:00+00:00,-0.09039009204561421
2026-08-22 00:00:00+00:00,-0.09039009204561421
2026-08-23 00:00:00+00:00,-0.09039009204561421
2026-08-24 00:00:00+00:00,-0.09039009204561421
2026-08-25 00:00:00+00:00,-0.09039009204561421
2026-08-26 00:00:00+00:00,-0.09039009204561421
2026-08-27 00:00:00+00:00,-0.09039009204561421
2026-08-28 00:00:00+00:00,-0.09039009204561421
2026-08-29 00:00:00+00:00,-0.09039009204561421
2026-08-30 00:00:00+00:00,-0.09039009204561421
2026-08-31 00:00:00+00:00,-0.09039009204561421
2026-09-01 00:00:00+00:00,-0.09039009204561421
