window_end_utc,net_return
2022-09-01 00:00:00+00:00,0.049758561632883724
2022-09-02 00:00:00+00:00,0.04049307226357146
2022-09-03 00:00:00+00:00,0.04049307226357146
2022-09-04 00:00:00+00:00,0.039001359348943554
2022-09-05 00:00:00+00:00,0.0397904719643436
2022-09-06 00:00:00+00:00,0.0397904719643436
2022-09-07 00:00:00+00:00,0.02443438769620765
2022-09-08 00:00:00+00:00,0.01430792103880374
2022-09-09 00:00:00+00:00,0.017653217924606057
2022-09-10 00:00:00+00:00,0.023094406739800233
2022-09-11 00:00:00+00:00,0.025554248571660887
2022-09-12 00:00:00+00:00,0.027507287641445055
2022-09-13 00:00:00+00:00,0.031239917305590614
2022-09-14 00:00:00+00:00,0.03780369167064834
2022-09-15 00:00:00+00:00,0.03680687856472664
2022-09-16 00:00:00+00:00,0.025997643844875906
2022-09-17 00:00:00+00:00,0.027178463622091975
2022-09-18 00:00:00+00:00,0.023832004801702222
2022-09-19 00:00:00+00:00,0.03828209743907229
2022-09-20 00:00:00+00:00,0.03313491516032108
2022-09-21 00:00:00+00:00,0.028962630583039717
2022-09-22 00:00:00+00:00,0.023074114035518623
2022-09-23 00:00:00+00:00,0.013486706610248866
2022-09-24 00:00:00+00:00,-0.001512651809442822
2022-09-25 00:00:00+00:00,-0.010649161322310197
2022-09-26 00:00:00+00:00,-0.010649161322310197
2022-09-27 00:00:00+00:00,-0.005718913702029149
2022-09-28 00:00:00+00:00,-0.005718913702029149
2022-09-29 00:00:00+00:00,-0.01706097657478678
2022-09-30 00:00:00+00:00,-0.016974684768866766
2022-10-01 00:00:00+00:00,-0.016974684768866766
2022-10-02 00:00:00+00:00,-0.016974684768866766
2022-10-03 00:00:00+00:00,-0.013925793400230702
2022-10-04 00:00:00+00:00,-0.01206324183968066
2022-10-05 00:00:00+00:00,-0.01206324183968066
2022-10-06 00:00:00+00:00,-0.016605401143389154
2022-10-07 00:00:00+00:00,-0.01203100609810881
2022-10-08 00:00:00+00:00,-0.01203100609810881
2022-10-09 00:00:00+00:00,-0.01203100609810881
2022-10-10 00:00:00+00:00,-0.01203100609810881
2022-10-11 00:00:00+00:00,-0.012092562357697512
2022-10-12 00:00:00+00:00,-0.004886206092911571
2022-10-13 00:00:00+00:00,3.2835523307017667e-06
2022-10-14 00:00:00+00:00,-0.00979212259624962
2022-10-15 00:00:00+00:00,-0.018614369615205684
2022-10-16 00:00:00+00:00,-0.02057696624488725
2022-10-17 00:00:00+00:00,-0.023454540469940444
2022-10-18 00:00:00+00:00,-0.023454540469940444
2022-10-19 00:00:00+00:00,-0.02501714658843701
2022-10-20 00:00:00+00:00,-0.02434043577120404
2022-10-21 00:00:00+00:00,-0.03607530753631227
2022-10-22 00:00:00+00:00,-0.03605210417325844
2022-10-23 00:00:00+00:00,-0.03605210417325844
2022-10-24 00:00:00+00:00,-0.04033575286078084
2022-10-25 00:00:00+00:00,-0.04052922592356911
2022-10-26 00:00:00+00:00,-0.04129280324459961
2022-10-27 00:00:00+00:00,-0.031073882670413555
2022-10-28 00:00:00+00:00,-0.026267085422990832
2022-10-29 00:00:00+00:00,-0.03523215843046246
2022-10-30 00:00:00+00:00,-0.017425070185946745
2022-10-31 00:00:00+00:00,-0.013083522734483322
2022-11-01 00:00:00+00:00,-0.017954011034162276
2022-11-02 00:00:00+00:00,-0.017954011034162276
2022-11-03 00:00:00+00:00,-0.02470795300598394
2022-11-04 00:00:00+00:00,-0.03133746718119612
2022-11-05 00:00:00+00:00,-0.022853821070064395
2022-11-06 00:00:00+00:00,-0.022853821070064395
2022-11-07 00:00:00+00:00,-0.022853821070064395
2022-11-08 00:00:00+00:00,-0.022853821070064395
2022-11-09 00:00:00+00:00,-0.02490544305877984
2022-11-10 00:00:00+00:00,-0.0253518489675576
2022-11-11 00:00:00+00:00,-0.020517001837505378
2022-11-12 00:00:00+00:00,-0.032835093712414554
2022-11-13 00:00:00+00:00,-0.03016405420158308
2022-11-14 00:00:00+00:00,-0.03497689884058852
2022-11-15 00:00:00+00:00,-0.03497689884058852
2022-11-16 00:00:00+00:00,-0.030189718966137646
2022-11-17 00:00:00+00:00,-0.03215611872721902
2022-11-18 00:00:00+00:00,-0.028703474295159848
2022-11-19 00:00:00+00:00,-0.028703474295159848
2022-11-20 00:00:00+00:00,-0.028703474295159848
2022-11-21 00:00:00+00:00,-0.025704346013708856
2022-11-22 00:00:00+00:00,-0.02306497211230829
2022-11-23 00:00:00+00:00,-0.02306497211230829
2022-11-24 00:00:00+00:00,-0.02306497211230829
2022-11-25 00:00:00+00:00,-0.02306497211230829
2022-11-26 00:00:00+00:00,-0.03156647331558238
2022-11-27 00:00:00+00:00,-0.03156647331558238
2022-11-28 00:00:00+00:00,-0.03156647331558238
2022-11-29 00:00:00+00:00,-0.03156647331558238
2022-11-30 00:00:00+00:00,-0.03193439928768138
2022-12-01 00:00:00+00:00,-0.040959080432669825
2022-12-02 00:00:00+00:00,-0.04299707863193858
2022-12-03 00:00:00+00:00,-0.04299707863193858
2022-12-04 00:00:00+00:00,-0.03774055627413753
2022-12-05 00:00:00+00:00,-0.048032523256476445
2022-12-06 00:00:00+00:00,-0.047851532122347606
2022-12-07 00:00:00+00:00,-0.04094608183111781
2022-12-08 00:00:00+00:00,-0.041824439177016726
2022-12-09 00:00:00+00:00,-0.042189645532183184
2022-12-10 00:00:00+00:00,-0.042189645532183184
2022-12-11 00:00:00+00:00,-0.03987141405109651
2022-12-12 00:00:00+00:00,-0.03264142437049089
2022-12-13 00:00:00+00:00,-0.03264142437049089
2022-12-14 00:00:00+00:00,-0.04145209520089865
2022-12-15 00:00:00+00:00,-0.04617016328795809
2022-12-16 00:00:00+00:00,-0.04143473127122188
2022-12-17 00:00:00+00:00,-0.033227237229548234
2022-12-18 00:00:00+00:00,-0.02842838219440713
2022-12-19 00:00:00+00:00,-0.02842838219440713
2022-12-20 00:00:00+00:00,-0.02842838219440713
2022-12-21 00:00:00+00:00,-0.02360686043229987
2022-12-22 00:00:00+00:00,-0.02360686043229987
2022-12-23 00:00:00+00:00,-0.028394318666779772
2022-12-24 00:00:00+00:00,-0.028394318666779772
2022-12-25 00:00:00+00:00,-0.028394318666779772
2022-12-26 00:00:00+00:00,-0.028394318666779772
2022-12-27 00:00:00+00:00,-0.028394318666779772
2022-12-28 00:00:00+00:00,-0.030625516595558455
2022-12-29 00:00:00+00:00,-0.03245864531107723
2022-12-30 00:00:00+00:00,-0.036308374161099555
2022-12-31 00:00:00+00:00,-0.031046103317540874
2023-01-01 00:00:00+00:00,-0.031046103317540874
2023-01-02 00:00:00+00:00,-0.031046103317540874
2023-01-03 00:00:00+00:00,-0.031046103317540874
2023-01-04 00:00:00+00:00,-0.028811820742503103
2023-01-05 00:00:00+00:00,-0.026291129589216977
2023-01-06 00:00:00+00:00,-0.034658429640399446
2023-01-07 00:00:00+00:00,-0.04313877596072935
2023-01-08 00:00:00+00:00,-0.05430182115097226
2023-01-09 00:00:00+00:00,-0.0639002446441701
2023-01-10 00:00:00+00:00,-0.043287088462482415
2023-01-11 00:00:00+00:00,-0.05136007003085641
2023-01-12 00:00:00+00:00,-0.04442667538564371
2023-01-13 00:00:00+00:00,-0.05374392307437481
2023-01-14 00:00:00+00:00,-0.05517878766275608
2023-01-15 00:00:00+00:00,-0.04489784703720212
2023-01-16 00:00:00+00:00,-0.04489784703720212
2023-01-17 00:00:00+00:00,-0.05196091169302508
2023-01-18 00:00:00+00:00,-0.05671777919902632
2023-01-19 00:00:00+00:00,-0.0596497060924025
2023-01-20 00:00:00+00:00,-0.057606132088219075
2023-01-21 00:00:00+00:00,-0.051449653149632346
2023-01-22 00:00:00+00:00,-0.0685385819155111
2023-01-23 00:00:00+00:00,-0.08523022965320792
2023-01-24 00:00:00+00:00,-0.08523022965320792
2023-01-25 00:00:00+00:00,-0.093391261015355
2023-01-26 00:00:00+00:00,-0.09050690827070429
2023-01-27 00:00:00+00:00,-0.0925739403037027
2023-01-28 00:00:00+00:00,-0.08350660119424425
2023-01-29 00:00:00+00:00,-0.08350660119424425
2023-01-30 00:00:00+00:00,-0.08423936526516418
2023-01-31 00:00:00+00:00,-0.09261028784426728
2023-02-01 00:00:00+00:00,-0.08806577142256466
2023-02-02 00:00:00+00:00,-0.08729627974420873
2023-02-03 00:00:00+00:00,-0.08895021048852325
2023-02-04 00:00:00+00:00,-0.08836788127771233
2023-02-05 00:00:00+00:00,-0.08836788127771233
2023-02-06 00:00:00+00:00,-0.08836788127771233
2023-02-07 00:00:00+00:00,-0.08836788127771233
2023-02-08 00:00:00+00:00,-0.09016247973818226
2023-02-09 00:00:00+00:00,-0.09402993210330157
2023-02-10 00:00:00+00:00,-0.09402993210330157
2023-02-11 00:00:00+00:00,-0.09402993210330157
2023-02-12 00:00:00+00:00,-0.09582766597945647
2023-02-13 00:00:00+00:00,-0.09401301146581775
2023-02-14 00:00:00+00:00,-0.09401301146581775
2023-02-15 00:00:00+00:00,-0.09180586041431116
2023-02-16 00:00:00+00:00,-0.07831623457871206
2023-02-17 00:00:00+00:00,-0.08742492784747502
2023-02-18 00:00:00+00:00,-0.0980875522151714
2023-02-19 00:00:00+00:00,-0.09944608849657022
2023-02-20 00:00:00+00:00,-0.10164118565387847
2023-02-21 00:00:00+00:00,-0.11014227237898111
2023-02-22 00:00:00+00:00,-0.10167865035596702
2023-02-23 00:00:00+00:00,-0.10167865035596702
2023-02-24 00:00:00+00:00,-0.10167865035596702
2023-02-25 00:00:00+00:00,-0.10973704152270147
2023-02-26 00:00:00+00:00,-0.10973704152270147
2023-02-27 00:00:00+00:00,-0.10812431749370133
2023-02-28 00:00:00+00:00,-0.10937750865879903
2023-03-01 00:00:00+00:00,-0.10279207318211914
2023-03-02 00:00:00+00:00,-0.09908105856059046
2023-03-03 00:00:00+00:00,-0.10190568367784958
2023-03-04 00:00:00+00:00,-0.10215697210282171
2023-03-05 00:00:00+00:00,-0.11823414515660802
2023-03-06 00:00:00+00:00,-0.11823414515660802
2023-03-07 00:00:00+00:00,-0.11847958410956316
2023-03-08 00:00:00+00:00,-0.10942228368574947
2023-03-09 00:00:00+00:00,-0.11004517666910718
2023-03-10 00:00:00+00:00,-0.10179933256643436
2023-03-11 00:00:00+00:00,-0.10404114838864464
2023-03-12 00:00:00+00:00,-0.10793995939637846
2023-03-13 00:00:00+00:00,-0.10793995939637846
2023-03-14 00:00:00+00:00,-0.10468436089175004
2023-03-15 00:00:00+00:00,-0.10581906821206177
2023-03-16 00:00:00+00:00,-0.10581906821206177
2023-03-17 00:00:00+00:00,-0.10581906821206177
2023-03-18 00:00:00+00:00,-0.09805673288016115
2023-03-19 00:00:00+00:00,-0.09805673288016115
2023-03-20 00:00:00+00:00,-0.10253492916891704
2023-03-21 00:00:00+00:00,-0.10253492916891704
2023-03-22 00:00:00+00:00,-0.09498803491707297
2023-03-23 00:00:00+00:00,-0.09554158064469653
2023-03-24 00:00:00+00:00,-0.09566159834202981
2023-03-25 00:00:00+00:00,-0.10013596405815528
2023-03-26 00:00:00+00:00,-0.10171650513537367
2023-03-27 00:00:00+00:00,-0.10615498657169409
2023-03-28 00:00:00+00:00,-0.11069034164412728
2023-03-29 00:00:00+00:00,-0.11001603164677876
2023-03-30 00:00:00+00:00,-0.1016304034479274
2023-03-31 00:00:00+00:00,-0.1016304034479274
2023-04-01 00:00:00+00:00,-0.1016304034479274
2023-04-02 00:00:00+00:00,-0.10934660728933898
2023-04-03 00:00:00+00:00,-0.10934660728933898
2023-04-04 00:00:00+00:00,-0.11313952692364382
2023-04-05 00:00:00+00:00,-0.10903479873253774
2023-04-06 00:00:00+00:00,-0.10757903810979441
2023-04-07 00:00:00+00:00,-0.1105024623349159
2023-04-08 00:00:00+00:00,-0.10458231962398135
2023-04-09 00:00:00+00:00,-0.10817906360260598
2023-04-10 00:00:00+00:00,-0.10741476316132237
2023-04-11 00:00:00+00:00,-0.10206663352060263
2023-04-12 00:00:00+00:00,-0.1037853048686177
2023-04-13 00:00:00+00:00,-0.10981059513120672
2023-04-14 00:00:00+00:00,-0.10522062702464297
2023-04-15 00:00:00+00:00,-0.10965552464361139
2023-04-16 00:00:00+00:00,-0.10965552464361139
2023-04-17 00:00:00+00:00,-0.1140336017728939
2023-04-18 00:00:00+00:00,-0.11422444233905193
2023-04-19 00:00:00+00:00,-0.12158798863919373
2023-04-20 00:00:00+00:00,-0.12158798863919373
2023-04-21 00:00:00+00:00,-0.12590858281305872
2023-04-22 00:00:00+00:00,-0.12157825156347202
2023-04-23 00:00:00+00:00,-0.12157825156347202
2023-04-24 00:00:00+00:00,-0.12157825156347202
2023-04-25 00:00:00+00:00,-0.12157825156347202
2023-04-26 00:00:00+00:00,-0.1127481676326959
2023-04-27 00:00:00+00:00,-0.11291444308094267
2023-04-28 00:00:00+00:00,-0.12595961885859253
2023-04-29 00:00:00+00:00,-0.12595961885859253
2023-04-30 00:00:00+00:00,-0.1335152254410914
2023-05-01 00:00:00+00:00,-0.13499265473922684
2023-05-02 00:00:00+00:00,-0.12919605961910818
2023-05-03 00:00:00+00:00,-0.12919605961910818
2023-05-04 00:00:00+00:00,-0.1317887495722948
2023-05-05 00:00:00+00:00,-0.12926829478532365
2023-05-06 00:00:00+00:00,-0.12945366369620237
2023-05-07 00:00:00+00:00,-0.11957405934899568
2023-05-08 00:00:00+00:00,-0.11878436954087179
2023-05-09 00:00:00+00:00,-0.1357382120005165
2023-05-10 00:00:00+00:00,-0.14329600342433857
2023-05-11 00:00:00+00:00,-0.14752211984330021
2023-05-12 00:00:00+00:00,-0.15780741327133008
2023-05-13 00:00:00+00:00,-0.17451424697160478
2023-05-14 00:00:00+00:00,-0.17451424697160478
2023-05-15 00:00:00+00:00,-0.17451424697160478
2023-05-16 00:00:00+00:00,-0.17451424697160478
2023-05-17 00:00:00+00:00,-0.17678485832202473
2023-05-18 00:00:00+00:00,-0.1767876971664567
2023-05-19 00:00:00+00:00,-0.18743960500540813
2023-05-20 00:00:00+00:00,-0.18412430932020563
2023-05-21 00:00:00+00:00,-0.18232258819719105
2023-05-22 00:00:00+00:00,-0.18006405025397643
2023-05-23 00:00:00+00:00,-0.18006405025397643
2023-05-24 00:00:00+00:00,-0.1792048720076297
2023-05-25 00:00:00+00:00,-0.17788453493712997
2023-05-26 00:00:00+00:00,-0.1819269185519754
2023-05-27 00:00:00+00:00,-0.19525618457516847
2023-05-28 00:00:00+00:00,-0.19192490718312794
2023-05-29 00:00:00+00:00,-0.1888079006504899
2023-05-30 00:00:00+00:00,-0.1888079006504899
2023-05-31 00:00:00+00:00,-0.1888079006504899
2023-06-01 00:00:00+00:00,-0.1888079006504899
2023-06-02 00:00:00+00:00,-0.19615419330181105
2023-06-03 00:00:00+00:00,-0.19202614963777842
2023-06-04 00:00:00+00:00,-0.19392341138658642
2023-06-05 00:00:00+00:00,-0.1941753785298571
2023-06-06 00:00:00+00:00,-0.1941753785298571
2023-06-07 00:00:00+00:00,-0.1941753785298571
2023-06-08 00:00:00+00:00,-0.1861307617194422
2023-06-09 00:00:00+00:00,-0.1861307617194422
2023-06-10 00:00:00+00:00,-0.1861307617194422
2023-06-11 00:00:00+00:00,-0.18681872035217117
2023-06-12 00:00:00+00:00,-0.18277228086037878
2023-06-13 00:00:00+00:00,-0.18872488779781182
2023-06-14 00:00:00+00:00,-0.1973366737496468
2023-06-15 00:00:00+00:00,-0.19010259511735195
2023-06-16 00:00:00+00:00,-0.19347895169962004
2023-06-17 00:00:00+00:00,-0.2008714461389669
2023-06-18 00:00:00+00:00,-0.2008714461389669
2023-06-19 00:00:00+00:00,-0.20817140522269773
2023-06-20 00:00:00+00:00,-0.20022168567430743
2023-06-21 00:00:00+00:00,-0.19622309171589036
2023-06-22 00:00:00+00:00,-0.19622309171589036
2023-06-23 00:00:00+00:00,-0.19755840351887333
2023-06-24 00:00:00+00:00,-0.19617601919988858
2023-06-25 00:00:00+00:00,-0.19617601919988858
2023-06-26 00:00:00+00:00,-0.20016194736960002
2023-06-27 00:00:00+00:00,-0.20016194736960002
2023-06-28 00:00:00+00:00,-0.20597602617766264
2023-06-29 00:00:00+00:00,-0.2080370176054115
2023-06-30 00:00:00+00:00,-0.20976881835760308
2023-07-01 00:00:00+00:00,-0.19462814380398052
2023-07-02 00:00:00+00:00,-0.19462814380398052
2023-07-03 00:00:00+00:00,-0.1985903496966357
2023-07-04 00:00:00+00:00,-0.2025620358206215
2023-07-05 00:00:00+00:00,-0.2025620358206215
2023-07-06 00:00:00+00:00,-0.19858367045327807
2023-07-07 00:00:00+00:00,-0.20252294414953653
2023-07-08 00:00:00+00:00,-0.20252294414953653
2023-07-09 00:00:00+00:00,-0.20252294414953653
2023-07-10 00:00:00+00:00,-0.20252294414953653
2023-07-11 00:00:00+00:00,-0.20708544908228899
2023-07-12 00:00:00+00:00,-0.21456695122011826
2023-07-13 00:00:00+00:00,-0.21694011667946533
2023-07-14 00:00:00+00:00,-0.20397726239334346
2023-07-15 00:00:00+00:00,-0.20001033617622244
2023-07-16 00:00:00+00:00,-0.20001033617622244
2023-07-17 00:00:00+00:00,-0.20001033617622244
2023-07-18 00:00:00+00:00,-0.20001033617622244
2023-07-19 00:00:00+00:00,-0.20001033617622244
2023-07-20 00:00:00+00:00,-0.20001033617622244
2023-07-21 00:00:00+00:00,-0.19996213572498078
2023-07-22 00:00:00+00:00,-0.1983638397260118
2023-07-23 00:00:00+00:00,-0.1959356683435487
2023-07-24 00:00:00+00:00,-0.1959356683435487
2023-07-25 00:00:00+00:00,-0.19411607991001223
2023-07-26 00:00:00+00:00,-0.19188806765563327
2023-07-27 00:00:00+00:00,-0.19188806765563327
2023-07-28 00:00:00+00:00,-0.19932637529333574
2023-07-29 00:00:00+00:00,-0.20017759720359296
2023-07-30 00:00:00+00:00,-0.19529561119656158
2023-07-31 00:00:00+00:00,-0.19529561119656158
2023-08-01 00:00:00+00:00,-0.19529561119656158
2023-08-02 00:00:00+00:00,-0.2030951872957436
2023-08-03 00:00:00+00:00,-0.2030951872957436
2023-08-04 00:00:00+00:00,-0.2030951872957436
2023-08-05 00:00:00+00:00,-0.2030951872957436
2023-08-06 00:00:00+00:00,-0.20595555890490325
2023-08-07 00:00:00+00:00,-0.20462526502365774
2023-08-08 00:00:00+00:00,-0.21235431490256207
2023-08-09 00:00:00+00:00,-0.21266695326950946
2023-08-10 00:00:00+00:00,-0.2120767533113911
2023-08-11 00:00:00+00:00,-0.21923502409943008
2023-08-12 00:00:00+00:00,-0.21534586166252334
2023-08-13 00:00:00+00:00,-0.21568951097310785
2023-08-14 00:00:00+00:00,-0.2175019776652226
2023-08-15 00:00:00+00:00,-0.2175019776652226
2023-08-16 00:00:00+00:00,-0.2175036273179789
2023-08-17 00:00:00+00:00,-0.21070805568720707
2023-08-18 00:00:00+00:00,-0.19690198425395444
2023-08-19 00:00:00+00:00,-0.2052222185278001
2023-08-20 00:00:00+00:00,-0.2086657593357143
2023-08-21 00:00:00+00:00,-0.20655029928236923
2023-08-22 00:00:00+00:00,-0.2086162325393962
2023-08-23 00:00:00+00:00,-0.1944741940147271
2023-08-24 00:00:00+00:00,-0.19045997817564553
2023-08-25 00:00:00+00:00,-0.19242737685493305
2023-08-26 00:00:00+00:00,-0.19278280000741155
2023-08-27 00:00:00+00:00,-0.1904336310335908
2023-08-28 00:00:00+00:00,-0.18640194556528633
2023-08-29 00:00:00+00:00,-0.191822969323462
2023-08-30 00:00:00+00:00,-0.1862869400206102
2023-08-31 00:00:00+00:00,-0.18293634087853272
2023-09-01 00:00:00+00:00,-0.17952602952794472
2023-09-02 00:00:00+00:00,-0.1875763511741475
2023-09-03 00:00:00+00:00,-0.1875763511741475
2023-09-04 00:00:00+00:00,-0.1875763511741475
2023-09-05 00:00:00+00:00,-0.1875763511741475
2023-09-06 00:00:00+00:00,-0.1875763511741475
2023-09-07 00:00:00+00:00,-0.17539826913918966
2023-09-08 00:00:00+00:00,-0.16716575733483785
2023-09-09 00:00:00+00:00,-0.1712392452699837
2023-09-10 00:00:00+00:00,-0.17425526991381357
2023-09-11 00:00:00+00:00,-0.18027407621490166
2023-09-12 00:00:00+00:00,-0.17524244228037678
2023-09-13 00:00:00+00:00,-0.17524244228037678
2023-09-14 00:00:00+00:00,-0.17524244228037678
2023-09-15 00:00:00+00:00,-0.17524244228037678
2023-09-16 00:00:00+00:00,-0.17524244228037678
2023-09-17 00:00:00+00:00,-0.1738494275836947
2023-09-18 00:00:00+00:00,-0.1711491028653167
2023-09-19 00:00:00+00:00,-0.1786013970063438
2023-09-20 00:00:00+00:00,-0.17450910637606942
2023-09-21 00:00:00+00:00,-0.17579500788362157
2023-09-22 00:00:00+00:00,-0.1673372852089925
2023-09-23 00:00:00+00:00,-0.15946044119864222
2023-09-24 00:00:00+00:00,-0.14683378735947406
2023-09-25 00:00:00+00:00,-0.14683378735947406
2023-09-26 00:00:00+00:00,-0.14683378735947406
2023-09-27 00:00:00+00:00,-0.14683378735947406
2023-09-28 00:00:00+00:00,-0.14683378735947406
2023-09-29 00:00:00+00:00,-0.14258016874836055
2023-09-30 00:00:00+00:00,-0.14258016874836055
2023-10-01 00:00:00+00:00,-0.14258016874836055
2023-10-02 00:00:00+00:00,-0.14122127923667138
2023-10-03 00:00:00+00:00,-0.14681671707027188
2023-10-04 00:00:00+00:00,-0.14681671707027188
2023-10-05 00:00:00+00:00,-0.1509849960756725
2023-10-06 00:00:00+00:00,-0.14453628822451403
2023-10-07 00:00:00+00:00,-0.15084774899125608
2023-10-08 00:00:00+00:00,-0.15084774899125608
2023-10-09 00:00:00+00:00,-0.15084774899125608
2023-10-10 00:00:00+00:00,-0.14411760856220435
2023-10-11 00:00:00+00:00,-0.14709278670789216
2023-10-12 00:00:00+00:00,-0.15424118731564906
2023-10-13 00:00:00+00:00,-0.15162458812903057
2023-10-14 00:00:00+00:00,-0.1431971586025237
2023-10-15 00:00:00+00:00,-0.1431971586025237
2023-10-16 00:00:00+00:00,-0.14148027191426482
2023-10-17 00:00:00+00:00,-0.1389504826278264
2023-10-18 00:00:00+00:00,-0.13189425836979995
2023-10-19 00:00:00+00:00,-0.13050294431886378
2023-10-20 00:00:00+00:00,-0.13211699001331934
2023-10-21 00:00:00+00:00,-0.12821208277654583
2023-10-22 00:00:00+00:00,-0.12390168189029627
2023-10-23 00:00:00+00:00,-0.12241635311647303
2023-10-24 00:00:00+00:00,-0.11420560741108743
2023-10-25 00:00:00+00:00,-0.10528309030410077
2023-10-26 00:00:00+00:00,-0.11143739825148857
2023-10-27 00:00:00+00:00,-0.12046525501252414
2023-10-28 00:00:00+00:00,-0.12046525501252414
2023-10-29 00:00:00+00:00,-0.12015179631948703
2023-10-30 00:00:00+00:00,-0.1385817795784895
2023-10-31 00:00:00+00:00,-0.14406096274532587
2023-11-01 00:00:00+00:00,-0.13981590588136217
2023-11-02 00:00:00+00:00,-0.14408028813034546
2023-11-03 00:00:00+00:00,-0.14840811393753772
2023-11-04 00:00:00+00:00,-0.14450117475119706
2023-11-05 00:00:00+00:00,-0.14812785266034367
2023-11-06 00:00:00+00:00,-0.158101957253455
2023-11-07 00:00:00+00:00,-0.1607017527932646
2023-11-08 00:00:00+00:00,-0.1607017527932646
2023-11-09 00:00:00+00:00,-0.1607017527932646
2023-11-10 00:00:00+00:00,-0.15289141161302944
2023-11-11 00:00:00+00:00,-0.15289141161302944
2023-11-12 00:00:00+00:00,-0.1401500457161562
2023-11-13 00:00:00+00:00,-0.1401500457161562
2023-11-14 00:00:00+00:00,-0.14441288959760867
2023-11-15 00:00:00+00:00,-0.14441288959760867
2023-11-16 00:00:00+00:00,-0.139057806690829
2023-11-17 00:00:00+00:00,-0.13544880954203475
2023-11-18 00:00:00+00:00,-0.1385220088946204
2023-11-19 00:00:00+00:00,-0.1385220088946204
2023-11-20 00:00:00+00:00,-0.13797408252308374
2023-11-21 00:00:00+00:00,-0.1339971752179735
2023-11-22 00:00:00+00:00,-0.13193712463873108
2023-11-23 00:00:00+00:00,-0.1244859296016313
2023-11-24 00:00:00+00:00,-0.1244859296016313
2023-11-25 00:00:00+00:00,-0.1288316469222549
2023-11-26 00:00:00+00:00,-0.1288316469222549
2023-11-27 00:00:00+00:00,-0.1288316469222549
2023-11-28 00:00:00+00:00,-0.1288316469222549
2023-11-29 00:00:00+00:00,-0.1331257392305084
2023-11-30 00:00:00+00:00,-0.1331257392305084
2023-12-01 00:00:00+00:00,-0.1331257392305084
2023-12-02 00:00:00+00:00,-0.1341175358624822
2023-12-03 00:00:00+00:00,-0.12621140432231592
2023-12-04 00:00:00+00:00,-0.1309846381098555
2023-12-05 00:00:00+00:00,-0.1318441151347195
2023-12-06 00:00:00+00:00,-0.13784518839728888
2023-12-07 00:00:00+00:00,-0.14022293245118733
2023-12-08 00:00:00+00:00,-0.13217090356942063
2023-12-09 00:00:00+00:00,-0.1318400064354145
2023-12-10 00:00:00+00:00,-0.1318400064354145
2023-12-11 00:00:00+00:00,-0.1318400064354145
2023-12-12 00:00:00+00:00,-0.1318400064354145
2023-12-13 00:00:00+00:00,-0.1318400064354145
2023-12-14 00:00:00+00:00,-0.13075048692546531
2023-12-15 00:00:00+00:00,-0.12352823277261116
2023-12-16 00:00:00+00:00,-0.128905013535888
2023-12-17 00:00:00+00:00,-0.13630024350766334
2023-12-18 00:00:00+00:00,-0.13630024350766334
2023-12-19 00:00:00+00:00,-0.13630024350766334
2023-12-20 00:00:00+00:00,-0.13630024350766334
2023-12-21 00:00:00+00:00,-0.14062187857825315
2023-12-22 00:00:00+00:00,-0.14685262336011073
2023-12-23 00:00:00+00:00,-0.13342469081776076
2023-12-24 00:00:00+00:00,-0.13342469081776076
2023-12-25 00:00:00+00:00,-0.13342469081776076
2023-12-26 00:00:00+00:00,-0.13342469081776076
2023-12-27 00:00:00+00:00,-0.13342469081776076
2023-12-28 00:00:00+00:00,-0.12392631746401106
2023-12-29 00:00:00+00:00,-0.1324323409090944
2023-12-30 00:00:00+00:00,-0.1285100838409401
2023-12-31 00:00:00+00:00,-0.1285100838409401
2024-01-01 00:00:00+00:00,-0.1285100838409401
2024-01-02 00:00:00+00:00,-0.12608645107395466
2024-01-03 00:00:00+00:00,-0.129802577824484
2024-01-04 00:00:00+00:00,-0.129802577824484
2024-01-05 00:00:00+00:00,-0.1295906645886108
2024-01-06 00:00:00+00:00,-0.1341483209138966
2024-01-07 00:00:00+00:00,-0.13410643402829414
2024-01-08 00:00:00+00:00,-0.13149423419464723
2024-01-09 00:00:00+00:00,-0.12510302554990882
2024-01-10 00:00:00+00:00,-0.1374142659718427
2024-01-11 00:00:00+00:00,-0.1373103143688701
2024-01-12 00:00:00+00:00,-0.14504833541278261
2024-01-13 00:00:00+00:00,-0.14089241574106115
2024-01-14 00:00:00+00:00,-0.1417157257701448
2024-01-15 00:00:00+00:00,-0.14758826231374367
2024-01-16 00:00:00+00:00,-0.1504393202637705
2024-01-17 00:00:00+00:00,-0.14260420777256066
2024-01-18 00:00:00+00:00,-0.14475709153823968
2024-01-19 00:00:00+00:00,-0.14053115414750683
2024-01-20 00:00:00+00:00,-0.13812716197640584
2024-01-21 00:00:00+00:00,-0.14342709731010062
2024-01-22 00:00:00+00:00,-0.14342709731010062
2024-01-23 00:00:00+00:00,-0.14342709731010062
2024-01-24 00:00:00+00:00,-0.1445789136810367
2024-01-25 00:00:00+00:00,-0.14475057652850687
2024-01-26 00:00:00+00:00,-0.14755958600521146
2024-01-27 00:00:00+00:00,-0.14561780615095044
2024-01-28 00:00:00+00:00,-0.14561780615095044
2024-01-29 00:00:00+00:00,-0.14561780615095044
2024-01-30 00:00:00+00:00,-0.14493415525928743
2024-01-31 00:00:00+00:00,-0.14028335573263273
2024-02-01 00:00:00+00:00,-0.14132632936420708
2024-02-02 00:00:00+00:00,-0.1420502688303379
2024-02-03 00:00:00+00:00,-0.14036314345072554
2024-02-04 00:00:00+00:00,-0.14036314345072554
2024-02-05 00:00:00+00:00,-0.14036314345072554
2024-02-06 00:00:00+00:00,-0.14036314345072554
2024-02-07 00:00:00+00:00,-0.14036314345072554
2024-02-08 00:00:00+00:00,-0.13748457795916535
2024-02-09 00:00:00+00:00,-0.13386665215623272
2024-02-10 00:00:00+00:00,-0.12679212804637874
2024-02-11 00:00:00+00:00,-0.12679212804637874
2024-02-12 00:00:00+00:00,-0.12679212804637874
2024-02-13 00:00:00+00:00,-0.11968417665515751
2024-02-14 00:00:00+00:00,-0.11968417665515751
2024-02-15 00:00:00+00:00,-0.11462252387841143
2024-02-16 00:00:00+00:00,-0.1363286931877521
2024-02-17 00:00:00+00:00,-0.13192235740750058
2024-02-18 00:00:00+00:00,-0.12952320329374212
2024-02-19 00:00:00+00:00,-0.12408679571990922
2024-02-20 00:00:00+00:00,-0.12635713860904085
2024-02-21 00:00:00+00:00,-0.1290224796851741
2024-02-22 00:00:00+00:00,-0.1351671802284523
2024-02-23 00:00:00+00:00,-0.143655542924513
2024-02-24 00:00:00+00:00,-0.143655542924513
2024-02-25 00:00:00+00:00,-0.14271078782044633
2024-02-26 00:00:00+00:00,-0.13079477632610015
2024-02-27 00:00:00+00:00,-0.13160486508115132
2024-02-28 00:00:00+00:00,-0.12073290862453256
2024-02-29 00:00:00+00:00,-0.11146337623166502
2024-03-01 00:00:00+00:00,-0.12342572094537885
2024-03-02 00:00:00+00:00,-0.11997625930638656
2024-03-03 00:00:00+00:00,-0.12138520571705491
2024-03-04 00:00:00+00:00,-0.12138520571705491
2024-03-05 00:00:00+00:00,-0.11732073964236889
2024-03-06 00:00:00+00:00,-0.12752068971374997
2024-03-07 00:00:00+00:00,-0.11980650626187972
2024-03-08 00:00:00+00:00,-0.1235417934668005
2024-03-09 00:00:00+00:00,-0.13587858110518936
2024-03-10 00:00:00+00:00,-0.13464660630286152
2024-03-11 00:00:00+00:00,-0.13464660630286152
2024-03-12 00:00:00+00:00,-0.13088473574441895
2024-03-13 00:00:00+00:00,-0.13669612986185609
2024-03-14 00:00:00+00:00,-0.13560060524678685
2024-03-15 00:00:00+00:00,-0.13560060524678685
2024-03-16 00:00:00+00:00,-0.13560060524678685
2024-03-17 00:00:00+00:00,-0.14303982920617464
2024-03-18 00:00:00+00:00,-0.14312574248186294
2024-03-19 00:00:00+00:00,-0.1431123381255779
2024-03-20 00:00:00+00:00,-0.1431123381255779
2024-03-21 00:00:00+00:00,-0.1460162298732809
2024-03-22 00:00:00+00:00,-0.14537429195052576
2024-03-23 00:00:00+00:00,-0.14636303246545446
2024-03-24 00:00:00+00:00,-0.14106062877639236
2024-03-25 00:00:00+00:00,-0.14129799713847102
2024-03-26 00:00:00+00:00,-0.1294503323819277
2024-03-27 00:00:00+00:00,-0.12961100501615996
2024-03-28 00:00:00+00:00,-0.1291147517164941
2024-03-29 00:00:00+00:00,-0.13292114296571678
2024-03-30 00:00:00+00:00,-0.13292114296571678
2024-03-31 00:00:00+00:00,-0.13292114296571678
2024-04-01 00:00:00+00:00,-0.13191679213147223
2024-04-02 00:00:00+00:00,-0.1375618643565787
2024-04-03 00:00:00+00:00,-0.1332858617237922
2024-04-04 00:00:00+00:00,-0.13356459403314735
2024-04-05 00:00:00+00:00,-0.13497796574898602
2024-04-06 00:00:00+00:00,-0.13642878380358014
2024-04-07 00:00:00+00:00,-0.13642878380358014
2024-04-08 00:00:00+00:00,-0.13641652981484886
2024-04-09 00:00:00+00:00,-0.12875731414618452
2024-04-10 00:00:00+00:00,-0.1303309754425106
2024-04-11 00:00:00+00:00,-0.12866321073960751
2024-04-12 00:00:00+00:00,-0.12276552532226637
2024-04-13 00:00:00+00:00,-0.12726549300408718
2024-04-14 00:00:00+00:00,-0.11508278316846532
2024-04-15 00:00:00+00:00,-0.11946403338416667
2024-04-16 00:00:00+00:00,-0.11949137041058977
2024-04-17 00:00:00+00:00,-0.12384916989652273
2024-04-18 00:00:00+00:00,-0.12372019554046843
2024-04-19 00:00:00+00:00,-0.12821094465922123
2024-04-20 00:00:00+00:00,-0.12823860574963142
2024-04-21 00:00:00+00:00,-0.12823860574963142
2024-04-22 00:00:00+00:00,-0.12823860574963142
2024-04-23 00:00:00+00:00,-0.12823860574963142
2024-04-24 00:00:00+00:00,-0.12823860574963142
2024-04-25 00:00:00+00:00,-0.12957527232818344
2024-04-26 00:00:00+00:00,-0.1382904877847686
2024-04-27 00:00:00+00:00,-0.12542935196237004
2024-04-28 00:00:00+00:00,-0.12542935196237004
2024-04-29 00:00:00+00:00,-0.12542935196237004
2024-04-30 00:00:00+00:00,-0.12542935196237004
2024-05-01 00:00:00+00:00,-0.117566900086163
2024-05-02 00:00:00+00:00,-0.12625697474440478
2024-05-03 00:00:00+00:00,-0.12450525454531702
2024-05-04 00:00:00+00:00,-0.12187410773080998
2024-05-05 00:00:00+00:00,-0.1292687882892104
2024-05-06 00:00:00+00:00,-0.1292687882892104
2024-05-07 00:00:00+00:00,-0.1295021936290769
2024-05-08 00:00:00+00:00,-0.13354407709118932
2024-05-09 00:00:00+00:00,-0.13354407709118932
2024-05-10 00:00:00+00:00,-0.12924866522497358
2024-05-11 00:00:00+00:00,-0.12237541592176582
2024-05-12 00:00:00+00:00,-0.12056006839468314
2024-05-13 00:00:00+00:00,-0.12056006839468314
2024-05-14 00:00:00+00:00,-0.12490092484286697
2024-05-15 00:00:00+00:00,-0.1290058343878514
2024-05-16 00:00:00+00:00,-0.13343953650984408
2024-05-17 00:00:00+00:00,-0.12827080696827176
2024-05-18 00:00:00+00:00,-0.12914896719742197
2024-05-19 00:00:00+00:00,-0.12914896719742197
2024-05-20 00:00:00+00:00,-0.12914896719742197
2024-05-21 00:00:00+00:00,-0.12914896719742197
2024-05-22 00:00:00+00:00,-0.1309714331141799
2024-05-23 00:00:00+00:00,-0.13781269646411154
2024-05-24 00:00:00+00:00,-0.13885334983913533
2024-05-25 00:00:00+00:00,-0.13459812474062982
2024-05-26 00:00:00+00:00,-0.13459812474062982
2024-05-27 00:00:00+00:00,-0.13602687686706072
2024-05-28 00:00:00+00:00,-0.12873609366681993
2024-05-29 00:00:00+00:00,-0.12873609366681993
2024-05-30 00:00:00+00:00,-0.12873609366681993
2024-05-31 00:00:00+00:00,-0.12873609366681993
2024-06-01 00:00:00+00:00,-0.1330372021501488
2024-06-02 00:00:00+00:00,-0.13746662803195375
2024-06-03 00:00:00+00:00,-0.13514782620323496
2024-06-04 00:00:00+00:00,-0.13514782620323496
2024-06-05 00:00:00+00:00,-0.13514782620323496
2024-06-06 00:00:00+00:00,-0.13514782620323496
2024-06-07 00:00:00+00:00,-0.13514782620323496
2024-06-08 00:00:00+00:00,-0.13514782620323496
2024-06-09 00:00:00+00:00,-0.13514782620323496
2024-06-10 00:00:00+00:00,-0.14208558121066628
2024-06-11 00:00:00+00:00,-0.14208558121066628
2024-06-12 00:00:00+00:00,-0.13784744848760333
2024-06-13 00:00:00+00:00,-0.13784744848760333
2024-06-14 00:00:00+00:00,-0.14482786081095023
2024-06-15 00:00:00+00:00,-0.1490340059003512
2024-06-16 00:00:00+00:00,-0.1490340059003512
2024-06-17 00:00:00+00:00,-0.15175952351150235
2024-06-18 00:00:00+00:00,-0.15324979877662848
2024-06-19 00:00:00+00:00,-0.15324979877662848
2024-06-20 00:00:00+00:00,-0.15324979877662848
2024-06-21 00:00:00+00:00,-0.15741062372689663
2024-06-22 00:00:00+00:00,-0.1532147697161772
2024-06-23 00:00:00+00:00,-0.14901443962254446
2024-06-24 00:00:00+00:00,-0.14790590907881207
2024-06-25 00:00:00+00:00,-0.1303065172781016
2024-06-26 00:00:00+00:00,-0.1303065172781016
2024-06-27 00:00:00+00:00,-0.12825370206661357
2024-06-28 00:00:00+00:00,-0.12598508385193374
2024-06-29 00:00:00+00:00,-0.12366433462981974
2024-06-30 00:00:00+00:00,-0.13653135826964602
2024-07-01 00:00:00+00:00,-0.13653135826964602
2024-07-02 00:00:00+00:00,-0.13226232989059927
2024-07-03 00:00:00+00:00,-0.12794051199573664
2024-07-04 00:00:00+00:00,-0.12067828243726464
2024-07-05 00:00:00+00:00,-0.10598670133222932
2024-07-06 00:00:00+00:00,-0.09404652648538048
2024-07-07 00:00:00+00:00,-0.09404652648538048
2024-07-08 00:00:00+00:00,-0.08628646931683104
2024-07-09 00:00:00+00:00,-0.09079096452423818
2024-07-10 00:00:00+00:00,-0.08630300229335197
2024-07-11 00:00:00+00:00,-0.08630300229335197
2024-07-12 00:00:00+00:00,-0.08630300229335197
2024-07-13 00:00:00+00:00,-0.09364292061939006
2024-07-14 00:00:00+00:00,-0.09364292061939006
2024-07-15 00:00:00+00:00,-0.09364292061939006
2024-07-16 00:00:00+00:00,-0.09364292061939006
2024-07-17 00:00:00+00:00,-0.09364292061939006
2024-07-18 00:00:00+00:00,-0.09364292061939006
2024-07-19 00:00:00+00:00,-0.09811094246600027
2024-07-20 00:00:00+00:00,-0.0945124935376569
2024-07-21 00:00:00+00:00,-0.09406838994762168
2024-07-22 00:00:00+00:00,-0.09406838994762168
2024-07-23 00:00:00+00:00,-0.09406838994762168
2024-07-24 00:00:00+00:00,-0.09853906228067599
2024-07-25 00:00:00+00:00,-0.09853906228067599
2024-07-26 00:00:00+00:00,-0.09066930911832427
2024-07-27 00:00:00+00:00,-0.09066930911832427
2024-07-28 00:00:00+00:00,-0.09066930911832427
2024-07-29 00:00:00+00:00,-0.09066930911832427
2024-07-30 00:00:00+00:00,-0.09066930911832427
2024-07-31 00:00:00+00:00,-0.09515478013265888
2024-08-01 00:00:00+00:00,-0.0862987548736478
2024-08-02 00:00:00+00:00,-0.08747042059755694
2024-08-03 00:00:00+00:00,-0.08413746685831047
2024-08-04 00:00:00+00:00,-0.08256655154844239
2024-08-05 00:00:00+00:00,-0.068116717036383
2024-08-06 00:00:00+00:00,-0.05997764049213672
2024-08-07 00:00:00+00:00,-0.05075334098616946
2024-08-08 00:00:00+00:00,-0.04608266516762827
2024-08-09 00:00:00+00:00,-0.055473832346967566
2024-08-10 00:00:00+00:00,-0.06055845746172128
2024-08-11 00:00:00+00:00,-0.06181964789517158
2024-08-12 00:00:00+00:00,-0.06181964789517158
2024-08-13 00:00:00+00:00,-0.06181964789517158
2024-08-14 00:00:00+00:00,-0.06647656519633005
2024-08-15 00:00:00+00:00,-0.0618303862866324
2024-08-16 00:00:00+00:00,-0.07016462490207442
2024-08-17 00:00:00+00:00,-0.08590536316132236
2024-08-18 00:00:00+00:00,-0.07633604491380452
2024-08-19 00:00:00+00:00,-0.0723166630158738
2024-08-20 00:00:00+00:00,-0.0723166630158738
2024-08-21 00:00:00+00:00,-0.06775452677516214
2024-08-22 00:00:00+00:00,-0.07500822225134307
2024-08-23 00:00:00+00:00,-0.07500822225134307
2024-08-24 00:00:00+00:00,-0.07275476844454198
2024-08-25 00:00:00+00:00,-0.0704237857677148
2024-08-26 00:00:00+00:00,-0.0704237857677148
2024-08-27 00:00:00+00:00,-0.07128238037160473
2024-08-28 00:00:00+00:00,-0.05750482193108564
2024-08-29 00:00:00+00:00,-0.05750482193108564
2024-08-30 00:00:00+00:00,-0.056693412628097795
2024-08-31 00:00:00+00:00,-0.06524928992685464
2024-09-01 00:00:00+00:00,-0.055986827065291234
2024-09-02 00:00:00+00:00,-0.058939519608705915
2024-09-03 00:00:00+00:00,-0.06526848567533317
2024-09-04 00:00:00+00:00,-0.057168652825567046
2024-09-05 00:00:00+00:00,-0.06644772050022352
2024-09-06 00:00:00+00:00,-0.06866352529430908
2024-09-07 00:00:00+00:00,-0.06760129278050586
2024-09-08 00:00:00+00:00,-0.06301840819900617
2024-09-09 00:00:00+00:00,-0.06301840819900617
2024-09-10 00:00:00+00:00,-0.05840255405044692
2024-09-11 00:00:00+00:00,-0.061257100188851665
2024-09-12 00:00:00+00:00,-0.06729241193506985
2024-09-13 00:00:00+00:00,-0.07050627322691816
2024-09-14 00:00:00+00:00,-0.07050627322691816
2024-09-15 00:00:00+00:00,-0.07050627322691816
2024-09-16 00:00:00+00:00,-0.06605258560681238
2024-09-17 00:00:00+00:00,-0.0669301573600084
2024-09-18 00:00:00+00:00,-0.0669301573600084
2024-09-19 00:00:00+00:00,-0.07153857939999797
2024-09-20 00:00:00+00:00,-0.06631937856252279
2024-09-21 00:00:00+00:00,-0.07436357603077337
2024-09-22 00:00:00+00:00,-0.07436357603077337
2024-09-23 00:00:00+00:00,-0.07436357603077337
2024-09-24 00:00:00+00:00,-0.07436357603077337
2024-09-25 00:00:00+00:00,-0.07436357603077337
2024-09-26 00:00:00+00:00,-0.07436357603077337
2024-09-27 00:00:00+00:00,-0.07436357603077337
2024-09-28 00:00:00+00:00,-0.07404301330135832
2024-09-29 00:00:00+00:00,-0.0789918258856025
2024-09-30 00:00:00+00:00,-0.0789918258856025
2024-10-01 00:00:00+00:00,-0.08044918424547387
2024-10-02 00:00:00+00:00,-0.07900914723195196
2024-10-03 00:00:00+00:00,-0.07599333129694297
2024-10-04 00:00:00+00:00,-0.07108572844184091
2024-10-05 00:00:00+00:00,-0.07349104329141187
2024-10-06 00:00:00+00:00,-0.066604616359899
2024-10-07 00:00:00+00:00,-0.066604616359899
2024-10-08 00:00:00+00:00,-0.066604616359899
2024-10-09 00:00:00+00:00,-0.07394427198381437
2024-10-10 00:00:00+00:00,-0.06825452210175476
2024-10-11 00:00:00+00:00,-0.06932662369669484
2024-10-12 00:00:00+00:00,-0.07219705012038424
2024-10-13 00:00:00+00:00,-0.07219705012038424
2024-10-14 00:00:00+00:00,-0.07219705012038424
2024-10-15 00:00:00+00:00,-0.07219705012038424
2024-10-16 00:00:00+00:00,-0.0767622561054011
2024-10-17 00:00:00+00:00,-0.08426660984019052
2024-10-18 00:00:00+00:00,-0.08426660984019052
2024-10-19 00:00:00+00:00,-0.08621550378952636
2024-10-20 00:00:00+00:00,-0.08629170628181748
2024-10-21 00:00:00+00:00,-0.08139588151173438
2024-10-22 00:00:00+00:00,-0.09242649085228682
2024-10-23 00:00:00+00:00,-0.10083911499498077
2024-10-24 00:00:00+00:00,-0.10100461964113017
2024-10-25 00:00:00+00:00,-0.09477805282060403
2024-10-26 00:00:00+00:00,-0.09012763051021777
2024-10-27 00:00:00+00:00,-0.09012763051021777
2024-10-28 00:00:00+00:00,-0.09012763051021777
2024-10-29 00:00:00+00:00,-0.08689333742446181
2024-10-30 00:00:00+00:00,-0.0790978777551995
2024-10-31 00:00:00+00:00,-0.0894755892805511
2024-11-01 00:00:00+00:00,-0.08493915428496435
2024-11-02 00:00:00+00:00,-0.08028877655350464
2024-11-03 00:00:00+00:00,-0.07996722917819055
2024-11-04 00:00:00+00:00,-0.08597076499747858
2024-11-05 00:00:00+00:00,-0.0763406098230831
2024-11-06 00:00:00+00:00,-0.0793674654582831
2024-11-07 00:00:00+00:00,-0.0793674654582831
2024-11-08 00:00:00+00:00,-0.0713937909003316
2024-11-09 00:00:00+00:00,-0.08447376375038329
2024-11-10 00:00:00+00:00,-0.06762170908632958
2024-11-11 00:00:00+00:00,-0.07689461941960829
2024-11-12 00:00:00+00:00,-0.08145169986418066
2024-11-13 00:00:00+00:00,-0.07227127451169224
2024-11-14 00:00:00+00:00,-0.07684898703354359
2024-11-15 00:00:00+00:00,-0.08259101042179406
2024-11-16 00:00:00+00:00,-0.08456450932455639
2024-11-17 00:00:00+00:00,-0.09240062687314321
2024-11-18 00:00:00+00:00,-0.09360497318781857
2024-11-19 00:00:00+00:00,-0.09631909722103182
2024-11-20 00:00:00+00:00,-0.1101649221143498
2024-11-21 00:00:00+00:00,-0.1101649221143498
2024-11-22 00:00:00+00:00,-0.1098885024469286
2024-11-23 00:00:00+00:00,-0.1098885024469286
2024-11-24 00:00:00+00:00,-0.10852184995632808
2024-11-25 00:00:00+00:00,-0.11005423466604547
2024-11-26 00:00:00+00:00,-0.12244256028013323
2024-11-27 00:00:00+00:00,-0.12330307411922525
2024-11-28 00:00:00+00:00,-0.11111145314810156
2024-11-29 00:00:00+00:00,-0.11111145314810156
2024-11-30 00:00:00+00:00,-0.11111145314810156
2024-12-01 00:00:00+00:00,-0.10999234844547456
2024-12-02 00:00:00+00:00,-0.11876013221054915
2024-12-03 00:00:00+00:00,-0.11876013221054915
2024-12-04 00:00:00+00:00,-0.11415472117513703
2024-12-05 00:00:00+00:00,-0.09810477156091735
2024-12-06 00:00:00+00:00,-0.09764656991468945
2024-12-07 00:00:00+00:00,-0.09727247530057292
2024-12-08 00:00:00+00:00,-0.09727247530057292
2024-12-09 00:00:00+00:00,-0.09727247530057292
2024-12-10 00:00:00+00:00,-0.09727247530057292
2024-12-11 00:00:00+00:00,-0.09727247530057292
2024-12-12 00:00:00+00:00,-0.09239603354664605
2024-12-13 00:00:00+00:00,-0.09487817251783925
2024-12-14 00:00:00+00:00,-0.09789626303045085
2024-12-15 00:00:00+00:00,-0.09232808264279124
2024-12-16 00:00:00+00:00,-0.09232808264279124
2024-12-17 00:00:00+00:00,-0.09681346367564492
2024-12-18 00:00:00+00:00,-0.09681346367564492
2024-12-19 00:00:00+00:00,-0.09681346367564492
2024-12-20 00:00:00+00:00,-0.09227152513500991
2024-12-21 00:00:00+00:00,-0.08202414804622549
2024-12-22 00:00:00+00:00,-0.0917954371590004
2024-12-23 00:00:00+00:00,-0.0962959571448927
2024-12-24 00:00:00+00:00,-0.0962959571448927
2024-12-25 00:00:00+00:00,-0.0962959571448927
2024-12-26 00:00:00+00:00,-0.0962959571448927
2024-12-27 00:00:00+00:00,-0.10403640507705769
2024-12-28 00:00:00+00:00,-0.09959869887044026
2024-12-29 00:00:00+00:00,-0.09959869887044026
2024-12-30 00:00:00+00:00,-0.09959869887044026
2024-12-31 00:00:00+00:00,-0.09959869887044026
2025-01-01 00:00:00+00:00,-0.10209579037283845
2025-01-02 00:00:00+00:00,-0.09826134342117254
2025-01-03 00:00:00+00:00,-0.09826134342117254
2025-01-04 00:00:00+00:00,-0.09417869097477227
2025-01-05 00:00:00+00:00,-0.08581365729789936
2025-01-06 00:00:00+00:00,-0.08581365729789936
2025-01-07 00:00:00+00:00,-0.0903284429961938
2025-01-08 00:00:00+00:00,-0.09810268676444311
2025-01-09 00:00:00+00:00,-0.10110860229560348
2025-01-10 00:00:00+00:00,-0.10436629630904637
2025-01-11 00:00:00+00:00,-0.10584310546319453
2025-01-12 00:00:00+00:00,-0.10140690954170262
2025-01-13 00:00:00+00:00,-0.10140690954170262
2025-01-14 00:00:00+00:00,-0.09367499764118326
2025-01-15 00:00:00+00:00,-0.09063344314729416
2025-01-16 00:00:00+00:00,-0.0922304424732725
2025-01-17 00:00:00+00:00,-0.08769630429453301
2025-01-18 00:00:00+00:00,-0.08769630429453301
2025-01-19 00:00:00+00:00,-0.08769630429453301
2025-01-20 00:00:00+00:00,-0.10115858061497163
2025-01-21 00:00:00+00:00,-0.10115858061497163
2025-01-22 00:00:00+00:00,-0.10115858061497163
2025-01-23 00:00:00+00:00,-0.10118909756599492
2025-01-24 00:00:00+00:00,-0.10415692740127802
2025-01-25 00:00:00+00:00,-0.09970743230202472
2025-01-26 00:00:00+00:00,-0.09970743230202472
2025-01-27 00:00:00+00:00,-0.09970743230202472
2025-01-28 00:00:00+00:00,-0.10414512514954333
2025-01-29 00:00:00+00:00,-0.10390917203186434
2025-01-30 00:00:00+00:00,-0.10520271460836594
2025-01-31 00:00:00+00:00,-0.10411586403150264
2025-02-01 00:00:00+00:00,-0.10411586403150264
2025-02-02 00:00:00+00:00,-0.09906073721545794
2025-02-03 00:00:00+00:00,-0.08789183344287166
2025-02-04 00:00:00+00:00,-0.08422175731204917
2025-02-05 00:00:00+00:00,-0.08497380936406373
2025-02-06 00:00:00+00:00,-0.08497380936406373
2025-02-07 00:00:00+00:00,-0.08638517898016718
2025-02-08 00:00:00+00:00,-0.09295882017605583
2025-02-09 00:00:00+00:00,-0.10252548919917404
2025-02-10 00:00:00+00:00,-0.10697581667129719
2025-02-11 00:00:00+00:00,-0.10697581667129719
2025-02-12 00:00:00+00:00,-0.11418637942384124
2025-02-13 00:00:00+00:00,-0.11418637942384124
2025-02-14 00:00:00+00:00,-0.12398167895586387
2025-02-15 00:00:00+00:00,-0.11688825614467935
2025-02-16 00:00:00+00:00,-0.11260103656200582
2025-02-17 00:00:00+00:00,-0.11260103656200582
2025-02-18 00:00:00+00:00,-0.11797749684131731
2025-02-19 00:00:00+00:00,-0.11824763785694947
2025-02-20 00:00:00+00:00,-0.11296641854714151
2025-02-21 00:00:00+00:00,-0.10666397996566024
2025-02-22 00:00:00+00:00,-0.09974719966470025
2025-02-23 00:00:00+00:00,-0.10227412721075091
2025-02-24 00:00:00+00:00,-0.10326344457100789
2025-02-25 00:00:00+00:00,-0.10767262252642751
2025-02-26 00:00:00+00:00,-0.10492684555070952
2025-02-27 00:00:00+00:00,-0.1044352193327358
2025-02-28 00:00:00+00:00,-0.11816539662362247
2025-03-01 00:00:00+00:00,-0.10279087943621756
2025-03-02 00:00:00+00:00,-0.11135167339335572
2025-03-03 00:00:00+00:00,-0.1099266372133757
2025-03-04 00:00:00+00:00,-0.10181452852510364
2025-03-05 00:00:00+00:00,-0.11917942864511133
2025-03-06 00:00:00+00:00,-0.1088819628556732
2025-03-07 00:00:00+00:00,-0.11669189108702993
2025-03-08 00:00:00+00:00,-0.11875520978809406
2025-03-09 00:00:00+00:00,-0.11671337496715883
2025-03-10 00:00:00+00:00,-0.10857259150280185
2025-03-11 00:00:00+00:00,-0.10035985584932916
2025-03-12 00:00:00+00:00,-0.10869911770884044
2025-03-13 00:00:00+00:00,-0.10596207646947853
2025-03-14 00:00:00+00:00,-0.10596207646947853
2025-03-15 00:00:00+00:00,-0.10596207646947853
2025-03-16 00:00:00+00:00,-0.10596207646947853
2025-03-17 00:00:00+00:00,-0.10596207646947853
2025-03-18 00:00:00+00:00,-0.10587243703180582
2025-03-19 00:00:00+00:00,-0.10142495102806215
2025-03-20 00:00:00+00:00,-0.10142495102806215
2025-03-21 00:00:00+00:00,-0.10210702438558139
2025-03-22 00:00:00+00:00,-0.09988322091677138
2025-03-23 00:00:00+00:00,-0.09988322091677138
2025-03-24 00:00:00+00:00,-0.09988322091677138
2025-03-25 00:00:00+00:00,-0.09963440439506943
2025-03-26 00:00:00+00:00,-0.10747783193267268
2025-03-27 00:00:00+00:00,-0.10757384589290964
2025-03-28 00:00:00+00:00,-0.10752634332891398
2025-03-29 00:00:00+00:00,-0.09959269468397058
2025-03-30 00:00:00+00:00,-0.0976219740112153
2025-03-31 00:00:00+00:00,-0.10273954995345747
2025-04-01 00:00:00+00:00,-0.10377765813637185
2025-04-02 00:00:00+00:00,-0.09791145203939788
2025-04-03 00:00:00+00:00,-0.09906313681142076
2025-04-04 00:00:00+00:00,-0.09906313681142076
2025-04-05 00:00:00+00:00,-0.10351265041031499
2025-04-06 00:00:00+00:00,-0.09905518558644089
2025-04-07 00:00:00+00:00,-0.09120151170065449
2025-04-08 00:00:00+00:00,-0.09222127647922218
2025-04-09 00:00:00+00:00,-0.09215429832677513
2025-04-10 00:00:00+00:00,-0.10112036130459723
2025-04-11 00:00:00+00:00,-0.09294805232016057
2025-04-12 00:00:00+00:00,-0.09294805232016057
2025-04-13 00:00:00+00:00,-0.09294805232016057
2025-04-14 00:00:00+00:00,-0.10739399025544516
2025-04-15 00:00:00+00:00,-0.10542468528270987
2025-04-16 00:00:00+00:00,-0.1009761554727352
2025-04-17 00:00:00+00:00,-0.09650459017494317
2025-04-18 00:00:00+00:00,-0.09217532949192775
2025-04-19 00:00:00+00:00,-0.08749895415308784
2025-04-20 00:00:00+00:00,-0.08295940604788998
2025-04-21 00:00:00+00:00,-0.08295940604788998
2025-04-22 00:00:00+00:00,-0.08295940604788998
2025-04-23 00:00:00+00:00,-0.08295940604788998
2025-04-24 00:00:00+00:00,-0.08295940604788998
2025-04-25 00:00:00+00:00,-0.08610470140961612
2025-04-26 00:00:00+00:00,-0.08462596819420765
2025-04-27 00:00:00+00:00,-0.08462596819420765
2025-04-28 00:00:00+00:00,-0.08462596819420765
2025-04-29 00:00:00+00:00,-0.08462596819420765
2025-04-30 00:00:00+00:00,-0.08462596819420765
2025-05-01 00:00:00+00:00,-0.09728152641025589
2025-05-02 00:00:00+00:00,-0.08830326769560226
2025-05-03 00:00:00+00:00,-0.08830326769560226
2025-05-04 00:00:00+00:00,-0.08830326769560226
2025-05-05 00:00:00+00:00,-0.08830326769560226
2025-05-06 00:00:00+00:00,-0.08830326769560226
2025-05-07 00:00:00+00:00,-0.09256900185253791
2025-05-08 00:00:00+00:00,-0.08833597597384424
2025-05-09 00:00:00+00:00,-0.08833597597384424
2025-05-10 00:00:00+00:00,-0.08027272473461822
2025-05-11 00:00:00+00:00,-0.08460274918429211
2025-05-12 00:00:00+00:00,-0.08460274918429211
2025-05-13 00:00:00+00:00,-0.0891281325824721
2025-05-14 00:00:00+00:00,-0.0764233212663199
2025-05-15 00:00:00+00:00,-0.07207059552630946
2025-05-16 00:00:00+00:00,-0.06732290307666289
2025-05-17 00:00:00+00:00,-0.07289045251881321
2025-05-18 00:00:00+00:00,-0.06736469123587141
2025-05-19 00:00:00+00:00,-0.07197767875620276
2025-05-20 00:00:00+00:00,-0.07197767875620276
2025-05-21 00:00:00+00:00,-0.07197767875620276
2025-05-22 00:00:00+00:00,-0.07463515023000067
2025-05-23 00:00:00+00:00,-0.06613597647312308
2025-05-24 00:00:00+00:00,-0.06062694910098909
2025-05-25 00:00:00+00:00,-0.06062694910098909
2025-05-26 00:00:00+00:00,-0.06062694910098909
2025-05-27 00:00:00+00:00,-0.05907350813384771
2025-05-28 00:00:00+00:00,-0.0673348235769885
2025-05-29 00:00:00+00:00,-0.06696201471891283
2025-05-30 00:00:00+00:00,-0.07157779182408142
2025-05-31 00:00:00+00:00,-0.07157779182408142
2025-06-01 00:00:00+00:00,-0.06697177568867174
2025-06-02 00:00:00+00:00,-0.06697177568867174
2025-06-03 00:00:00+00:00,-0.06748787613238127
2025-06-04 00:00:00+00:00,-0.06905598583541106
2025-06-05 00:00:00+00:00,-0.07367216178783176
2025-06-06 00:00:00+00:00,-0.07367216178783176
2025-06-07 00:00:00+00:00,-0.07410574545255755
2025-06-08 00:00:00+00:00,-0.07300407073145954
2025-06-09 00:00:00+00:00,-0.07300407073145954
2025-06-10 00:00:00+00:00,-0.06488766043040273
2025-06-11 00:00:00+00:00,-0.0629762544728073
2025-06-12 00:00:00+00:00,-0.061379095654672144
2025-06-13 00:00:00+00:00,-0.061379095654672144
2025-06-14 00:00:00+00:00,-0.061379095654672144
2025-06-15 00:00:00+00:00,-0.05673969086647235
2025-06-16 00:00:00+00:00,-0.05673969086647235
2025-06-17 00:00:00+00:00,-0.0584140956459569
2025-06-18 00:00:00+00:00,-0.06143864714929825
2025-06-19 00:00:00+00:00,-0.06143864714929825
2025-06-20 00:00:00+00:00,-0.06143864714929825
2025-06-21 00:00:00+00:00,-0.056803899068837205
2025-06-22 00:00:00+00:00,-0.06146649500506551
2025-06-23 00:00:00+00:00,-0.053117761708654565
2025-06-24 00:00:00+00:00,-0.05434960675211542
2025-06-25 00:00:00+00:00,-0.06886887950237297
2025-06-26 00:00:00+00:00,-0.06886887950237297
2025-06-27 00:00:00+00:00,-0.06425957325411014
2025-06-28 00:00:00+00:00,-0.06425957325411014
2025-06-29 00:00:00+00:00,-0.06469238545275735
2025-06-30 00:00:00+00:00,-0.06460271146749397
2025-07-01 00:00:00+00:00,-0.06855497702068358
2025-07-02 00:00:00+00:00,-0.06855497702068358
2025-07-03 00:00:00+00:00,-0.06855497702068358
2025-07-04 00:00:00+00:00,-0.07624768771219381
2025-07-05 00:00:00+00:00,-0.09142797869574393
2025-07-06 00:00:00+00:00,-0.09897376996805296
2025-07-07 00:00:00+00:00,-0.10168287780147989
2025-07-08 00:00:00+00:00,-0.11106098915928198
2025-07-09 00:00:00+00:00,-0.10593552236142156
2025-07-10 00:00:00+00:00,-0.09322417795489335
2025-07-11 00:00:00+00:00,-0.08520523473835206
2025-07-12 00:00:00+00:00,-0.08972034958297559
2025-07-13 00:00:00+00:00,-0.08972034958297559
2025-07-14 00:00:00+00:00,-0.09423076335206959
2025-07-15 00:00:00+00:00,-0.09872233170990785
2025-07-16 00:00:00+00:00,-0.09778687418325205
2025-07-17 00:00:00+00:00,-0.08763122216211228
2025-07-18 00:00:00+00:00,-0.0904843921529096
2025-07-19 00:00:00+00:00,-0.08874862211894408
2025-07-20 00:00:00+00:00,-0.08789674219079657
2025-07-21 00:00:00+00:00,-0.08036973495760724
2025-07-22 00:00:00+00:00,-0.08036973495760724
2025-07-23 00:00:00+00:00,-0.08036973495760724
2025-07-24 00:00:00+00:00,-0.07580895432859192
2025-07-25 00:00:00+00:00,-0.07741827687681546
2025-07-26 00:00:00+00:00,-0.08837699835224555
2025-07-27 00:00:00+00:00,-0.08837699835224555
2025-07-28 00:00:00+00:00,-0.08701667058436058
2025-07-29 00:00:00+00:00,-0.09292633550291773
2025-07-30 00:00:00+00:00,-0.09292633550291773
2025-07-31 00:00:00+00:00,-0.08842981771110758
2025-08-01 00:00:00+00:00,-0.08842981771110758
2025-08-02 00:00:00+00:00,-0.087259383829693
2025-08-03 00:00:00+00:00,-0.09058097647001162
2025-08-04 00:00:00+00:00,-0.09146479579445288
2025-08-05 00:00:00+00:00,-0.09344441396909853
2025-08-06 00:00:00+00:00,-0.10129372226659739
2025-08-07 00:00:00+00:00,-0.10129372226659739
2025-08-08 00:00:00+00:00,-0.0978724877971563
2025-08-09 00:00:00+00:00,-0.0899124913600724
2025-08-10 00:00:00+00:00,-0.07594241339810814
2025-08-11 00:00:00+00:00,-0.07470020811682632
2025-08-12 00:00:00+00:00,-0.07926607722802781
2025-08-13 00:00:00+00:00,-0.07116363382469593
2025-08-14 00:00:00+00:00,-0.06959838424542919
2025-08-15 00:00:00+00:00,-0.0757658338594146
2025-08-16 00:00:00+00:00,-0.07551050722227037
2025-08-17 00:00:00+00:00,-0.0711629603045496
2025-08-18 00:00:00+00:00,-0.07576172045095841
2025-08-19 00:00:00+00:00,-0.07576172045095841
2025-08-20 00:00:00+00:00,-0.07576172045095841
2025-08-21 00:00:00+00:00,-0.07215133211087887
2025-08-22 00:00:00+00:00,-0.07215133211087887
2025-08-23 00:00:00+00:00,-0.06854861053851513
2025-08-24 00:00:00+00:00,-0.06854861053851513
2025-08-25 00:00:00+00:00,-0.07314625055402557
2025-08-26 00:00:00+00:00,-0.07314625055402557
2025-08-27 00:00:00+00:00,-0.06824579710989565
2025-08-28 00:00:00+00:00,-0.07812880351000129
2025-08-29 00:00:00+00:00,-0.07812880351000129
2025-08-30 00:00:00+00:00,-0.07812880351000129
2025-08-31 00:00:00+00:00,-0.07355765676902781
2025-09-01 00:00:00+00:00,-0.07355765676902781
2025-09-02 00:00:00+00:00,-0.070650830421773
2025-09-03 00:00:00+00:00,-0.06435830762975125
2025-09-04 00:00:00+00:00,-0.07283306165210812
2025-09-05 00:00:00+00:00,-0.06781447726358159
2025-09-06 00:00:00+00:00,-0.07020346421203905
2025-09-07 00:00:00+00:00,-0.07126273220961155
2025-09-08 00:00:00+00:00,-0.07126273220961155
2025-09-09 00:00:00+00:00,-0.07126273220961155
2025-09-10 00:00:00+00:00,-0.07126273220961155
2025-09-11 00:00:00+00:00,-0.07586851373463621
2025-09-12 00:00:00+00:00,-0.07467808771173468
2025-09-13 00:00:00+00:00,-0.06320758249403258
2025-09-14 00:00:00+00:00,-0.06320758249403258
2025-09-15 00:00:00+00:00,-0.06320758249403258
2025-09-16 00:00:00+00:00,-0.06767483699697052
2025-09-17 00:00:00+00:00,-0.06679796563058893
2025-09-18 00:00:00+00:00,-0.0675985504846317
2025-09-19 00:00:00+00:00,-0.0632327369135669
2025-09-20 00:00:00+00:00,-0.0632327369135669
2025-09-21 00:00:00+00:00,-0.0632327369135669
2025-09-22 00:00:00+00:00,-0.0632327369135669
2025-09-23 00:00:00+00:00,-0.0632327369135669
2025-09-24 00:00:00+00:00,-0.0632327369135669
2025-09-25 00:00:00+00:00,-0.0632327369135669
2025-09-26 00:00:00+00:00,-0.060069872218279974
2025-09-27 00:00:00+00:00,-0.060069872218279974
2025-09-28 00:00:00+00:00,-0.060395272395123434
2025-09-29 00:00:00+00:00,-0.05534653577054627
2025-09-30 00:00:00+00:00,-0.05534653577054627
2025-10-01 00:00:00+00:00,-0.05534653577054627
2025-10-02 00:00:00+00:00,-0.05063793051279464
2025-10-03 00:00:00+00:00,-0.0505220710847728
2025-10-04 00:00:00+00:00,-0.050788073251341825
2025-10-05 00:00:00+00:00,-0.050788073251341825
2025-10-06 00:00:00+00:00,-0.05552713781813523
2025-10-07 00:00:00+00:00,-0.04759583674472867
2025-10-08 00:00:00+00:00,-0.04759583674472867
2025-10-09 00:00:00+00:00,-0.04863388565230464
2025-10-10 00:00:00+00:00,-0.054740915283360336
2025-10-11 00:00:00+00:00,-0.047692763659758275
2025-10-12 00:00:00+00:00,-0.049716182909009365
2025-10-13 00:00:00+00:00,-0.05241474989856931
2025-10-14 00:00:00+00:00,-0.05241474989856931
2025-10-15 00:00:00+00:00,-0.04450606795368828
2025-10-16 00:00:00+00:00,-0.04333197983907844
2025-10-17 00:00:00+00:00,-0.05525061362405781
2025-10-18 00:00:00+00:00,-0.06269042255414081
2025-10-19 00:00:00+00:00,-0.060691354971232236
2025-10-20 00:00:00+00:00,-0.06061301743147918
2025-10-21 00:00:00+00:00,-0.06561960728383176
2025-10-22 00:00:00+00:00,-0.060538364188878035
2025-10-23 00:00:00+00:00,-0.06421468729854107
2025-10-24 00:00:00+00:00,-0.06518939495496223
2025-10-25 00:00:00+00:00,-0.06518939495496223
2025-10-26 00:00:00+00:00,-0.06839002945271255
2025-10-27 00:00:00+00:00,-0.06839002945271255
2025-10-28 00:00:00+00:00,-0.06839002945271255
2025-10-29 00:00:00+00:00,-0.06809786581057942
2025-10-30 00:00:00+00:00,-0.06682544125940404
2025-10-31 00:00:00+00:00,-0.05845051745723506
2025-11-01 00:00:00+00:00,-0.060870196220148554
2025-11-02 00:00:00+00:00,-0.060870196220148554
2025-11-03 00:00:00+00:00,-0.060870196220148554
2025-11-04 00:00:00+00:00,-0.05068072814514801
2025-11-05 00:00:00+00:00,-0.045823117075232234
2025-11-06 00:00:00+00:00,-0.04446635477031269
2025-11-07 00:00:00+00:00,-0.04367601021887646
2025-11-08 00:00:00+00:00,-0.04894777434560038
2025-11-09 00:00:00+00:00,-0.0433506327346076
2025-11-10 00:00:00+00:00,-0.06064136932575093
2025-11-11 00:00:00+00:00,-0.05120518951759401
2025-11-12 00:00:00+00:00,-0.04315497583110417
2025-11-13 00:00:00+00:00,-0.05121855866889313
2025-11-14 00:00:00+00:00,-0.0379603285276503
2025-11-15 00:00:00+00:00,-0.04638049903474972
2025-11-16 00:00:00+00:00,-0.05216656609357928
2025-11-17 00:00:00+00:00,-0.04599501932022265
2025-11-18 00:00:00+00:00,-0.050264478472591745
2025-11-19 00:00:00+00:00,-0.04986221214911313
2025-11-20 00:00:00+00:00,-0.03864251195398882
2025-11-21 00:00:00+00:00,-0.02989463393327163
2025-11-22 00:00:00+00:00,-0.05266038963711839
2025-11-23 00:00:00+00:00,-0.05266038963711839
2025-11-24 00:00:00+00:00,-0.04939423497848805
2025-11-25 00:00:00+00:00,-0.04775740069483747
2025-11-26 00:00:00+00:00,-0.034314757683841735
2025-11-27 00:00:00+00:00,-0.03336689817767868
2025-11-28 00:00:00+00:00,-0.041902253106528065
2025-11-29 00:00:00+00:00,-0.041902253106528065
2025-11-30 00:00:00+00:00,-0.041902253106528065
2025-12-01 00:00:00+00:00,-0.04201093329978556
2025-12-02 00:00:00+00:00,-0.03260995784066001
2025-12-03 00:00:00+00:00,-0.03260995784066001
2025-12-04 00:00:00+00:00,-0.03260995784066001
2025-12-05 00:00:00+00:00,-0.04581581685903924
2025-12-06 00:00:00+00:00,-0.03955767814668343
2025-12-07 00:00:00+00:00,-0.05071213129359797
2025-12-08 00:00:00+00:00,-0.05541141762495849
2025-12-09 00:00:00+00:00,-0.05541141762495849
2025-12-10 00:00:00+00:00,-0.05541141762495849
2025-12-11 00:00:00+00:00,-0.0647150482194967
2025-12-12 00:00:00+00:00,-0.06974021641979056
2025-12-13 00:00:00+00:00,-0.06009216446557053
2025-12-14 00:00:00+00:00,-0.06009216446557053
2025-12-15 00:00:00+00:00,-0.06009216446557053
2025-12-16 00:00:00+00:00,-0.0585893693828049
2025-12-17 00:00:00+00:00,-0.047069372401581266
2025-12-18 00:00:00+00:00,-0.04335966471247377
2025-12-19 00:00:00+00:00,-0.05179291735815472
2025-12-20 00:00:00+00:00,-0.05179291735815472
2025-12-21 00:00:00+00:00,-0.0555300806845378
2025-12-22 00:00:00+00:00,-0.0555300806845378
2025-12-23 00:00:00+00:00,-0.050826543302405214
2025-12-24 00:00:00+00:00,-0.05551384933372194
2025-12-25 00:00:00+00:00,-0.05551384933372194
2025-12-26 00:00:00+00:00,-0.05551384933372194
2025-12-27 00:00:00+00:00,-0.05551384933372194
2025-12-28 00:00:00+00:00,-0.05551384933372194
2025-12-29 00:00:00+00:00,-0.05551384933372194
2025-12-30 00:00:00+00:00,-0.05551384933372194
2025-12-31 00:00:00+00:00,-0.05551384933372194
2026-01-01 00:00:00+00:00,-0.05551384933372194
2026-01-02 00:00:00+00:00,-0.05551384933372194
2026-01-03 00:00:00+00:00,-0.05551384933372194
2026-01-04 00:00:00+00:00,-0.059999681023251705
2026-01-05 00:00:00+00:00,-0.06369823534031849
2026-01-06 00:00:00+00:00,-0.07137490121767931
2026-01-07 00:00:00+00:00,-0.06406235774354274
2026-01-08 00:00:00+00:00,-0.06983979044293442
2026-01-09 00:00:00+00:00,-0.06672931121539327
2026-01-10 00:00:00+00:00,-0.062163340232340714
2026-01-11 00:00:00+00:00,-0.05595233924986509
2026-01-12 00:00:00+00:00,-0.05595233924986509
2026-01-13 00:00:00+00:00,-0.060585157131166856
2026-01-14 00:00:00+00:00,-0.06859936040725223
2026-01-15 00:00:00+00:00,-0.07772179727117501
2026-01-16 00:00:00+00:00,-0.07772179727117501
2026-01-17 00:00:00+00:00,-0.07772179727117501
2026-01-18 00:00:00+00:00,-0.07772179727117501
2026-01-19 00:00:00+00:00,-0.08225168327011667
2026-01-20 00:00:00+00:00,-0.068506231440707
2026-01-21 00:00:00+00:00,-0.068506231440707
2026-01-22 00:00:00+00:00,-0.0776512648372849
2026-01-23 00:00:00+00:00,-0.08092766624895198
2026-01-24 00:00:00+00:00,-0.08224235770998234
2026-01-25 00:00:00+00:00,-0.08224235770998234
2026-01-26 00:00:00+00:00,-0.0744558399604589
2026-01-27 00:00:00+00:00,-0.0744558399604589
2026-01-28 00:00:00+00:00,-0.06987107872917608
2026-01-29 00:00:00+00:00,-0.07011599454793849
2026-01-30 00:00:00+00:00,-0.057325429128755934
2026-01-31 00:00:00+00:00,-0.05392667448520383
2026-02-01 00:00:00+00:00,-0.04573761955636457
2026-02-02 00:00:00+00:00,-0.04268893671377649
2026-02-03 00:00:00+00:00,-0.06374252502564226
2026-02-04 00:00:00+00:00,-0.05415890897269793
2026-02-05 00:00:00+00:00,-0.03966721976982024
2026-02-06 00:00:00+00:00,-0.0424197849918545
2026-02-07 00:00:00+00:00,-0.04700236121181778
2026-02-08 00:00:00+00:00,-0.04002470095265953
2026-02-09 00:00:00+00:00,-0.03765219988824664
2026-02-10 00:00:00+00:00,-0.03285640271665058
2026-02-11 00:00:00+00:00,-0.03406567199846522
2026-02-12 00:00:00+00:00,-0.03247134850792943
2026-02-13 00:00:00+00:00,-0.037198898104077616
2026-02-14 00:00:00+00:00,-0.03435155026800196
2026-02-15 00:00:00+00:00,-0.032405676976025366
2026-02-16 00:00:00+00:00,-0.029833608363046937
2026-02-17 00:00:00+00:00,-0.030166522504039284
2026-02-18 00:00:00+00:00,-0.030166522504039284
2026-02-19 00:00:00+00:00,-0.02734830984366632
2026-02-20 00:00:00+00:00,-0.02534466062915608
2026-02-21 00:00:00+00:00,-0.02534466062915608
2026-02-22 00:00:00+00:00,-0.023246216392231234
2026-02-23 00:00:00+00:00,-0.020496840311714615
2026-02-24 00:00:00+00:00,-0.022150443266207853
2026-02-25 00:00:00+00:00,-0.02526522953913468
2026-02-26 00:00:00+00:00,-0.02910766720015001
2026-02-27 00:00:00+00:00,-0.04253435019081764
2026-02-28 00:00:00+00:00,-0.029235119270132115
2026-03-01 00:00:00+00:00,-0.04638290804496381
2026-03-02 00:00:00+00:00,-0.03795389968854157
2026-03-03 00:00:00+00:00,-0.03795389968854157
2026-03-04 00:00:00+00:00,-0.05332765863431155
2026-03-05 00:00:00+00:00,-0.04190103463225636
2026-03-06 00:00:00+00:00,-0.04320464262180668
2026-03-07 00:00:00+00:00,-0.0332500847035303
2026-03-08 00:00:00+00:00,-0.026175710407174924
2026-03-09 00:00:00+00:00,-0.023602766070427217
2026-03-10 00:00:00+00:00,-0.0325195195613458
2026-03-11 00:00:00+00:00,-0.04135156367075865
2026-03-12 00:00:00+00:00,-0.03657040726786409
2026-03-13 00:00:00+00:00,-0.03657040726786409
2026-03-14 00:00:00+00:00,-0.03657040726786409
2026-03-15 00:00:00+00:00,-0.03657040726786409
2026-03-16 00:00:00+00:00,-0.03657040726786409
2026-03-17 00:00:00+00:00,-0.03657040726786409
2026-03-18 00:00:00+00:00,-0.03657040726786409
2026-03-19 00:00:00+00:00,-0.03657040726786409
2026-03-20 00:00:00+00:00,-0.037175954808080336
2026-03-21 00:00:00+00:00,-0.04064256047490655
2026-03-22 00:00:00+00:00,-0.043012722271043025
2026-03-23 00:00:00+00:00,-0.05246597490061178
2026-03-24 00:00:00+00:00,-0.05246597490061178
2026-03-25 00:00:00+00:00,-0.05246597490061178
2026-03-26 00:00:00+00:00,-0.05246597490061178
2026-03-27 00:00:00+00:00,-0.04387953662114985
2026-03-28 00:00:00+00:00,-0.0417698186826444
2026-03-29 00:00:00+00:00,-0.050493329419155186
2026-03-30 00:00:00+00:00,-0.05725003044867527
2026-03-31 00:00:00+00:00,-0.051873002448081795
2026-04-01 00:00:00+00:00,-0.051873002448081795
2026-04-02 00:00:00+00:00,-0.051873002448081795
2026-04-03 00:00:00+00:00,-0.048122607943744566
2026-04-04 00:00:00+00:00,-0.047333586807514094
2026-04-05 00:00:00+00:00,-0.0426052410448553
2026-04-06 00:00:00+00:00,-0.0426052410448553
2026-04-07 00:00:00+00:00,-0.0508788752042445
2026-04-08 00:00:00+00:00,-0.04982615078459918
2026-04-09 00:00:00+00:00,-0.05824874602169561
2026-04-10 00:00:00+00:00,-0.04885505114963529
2026-04-11 00:00:00+00:00,-0.05708154401176224
2026-04-12 00:00:00+00:00,-0.059841872606642754
2026-04-13 00:00:00+00:00,-0.06225602046862311
2026-04-14 00:00:00+00:00,-0.04733664818901684
2026-04-15 00:00:00+00:00,-0.044704130394503605
2026-04-16 00:00:00+00:00,-0.04717328394545306
2026-04-17 00:00:00+00:00,-0.04941357236407984
2026-04-18 00:00:00+00:00,-0.04816903424834296
2026-04-19 00:00:00+00:00,-0.054099425756110264
2026-04-20 00:00:00+00:00,-0.054099425756110264
2026-04-21 00:00:00+00:00,-0.06408657046725763
2026-04-22 00:00:00+00:00,-0.06565910350198012
2026-04-23 00:00:00+00:00,-0.06784979990696349
2026-04-24 00:00:00+00:00,-0.07034641508893413
2026-04-25 00:00:00+00:00,-0.06571435078669674
2026-04-26 00:00:00+00:00,-0.06571435078669674
2026-04-27 00:00:00+00:00,-0.06595277943424405
2026-04-28 00:00:00+00:00,-0.07029879103182346
2026-04-29 00:00:00+00:00,-0.07029879103182346
2026-04-30 00:00:00+00:00,-0.07487520922323876
2026-05-01 00:00:00+00:00,-0.07026392120423763
2026-05-02 00:00:00+00:00,-0.07140818497880841
2026-05-03 00:00:00+00:00,-0.07054956784555733
2026-05-04 00:00:00+00:00,-0.07054956784555733
2026-05-05 00:00:00+00:00,-0.0824609368346142
2026-05-06 00:00:00+00:00,-0.07980629797995309
2026-05-07 00:00:00+00:00,-0.07977495110875066
2026-05-08 00:00:00+00:00,-0.07977495110875066
2026-05-09 00:00:00+00:00,-0.07977495110875066
2026-05-10 00:00:00+00:00,-0.08784256633055454
2026-05-11 00:00:00+00:00,-0.09593619305148149
2026-05-12 00:00:00+00:00,-0.10034372688464288
2026-05-13 00:00:00+00:00,-0.09587406467631565
2026-05-14 00:00:00+00:00,-0.1082846535955082
2026-05-15 00:00:00+00:00,-0.1082846535955082
2026-05-16 00:00:00+00:00,-0.1082846535955082
2026-05-17 00:00:00+00:00,-0.10316050021921341
2026-05-18 00:00:00+00:00,-0.1068215725324736
2026-05-19 00:00:00+00:00,-0.10911180631916884
2026-05-20 00:00:00+00:00,-0.10911180631916884
2026-05-21 00:00:00+00:00,-0.10911180631916884
2026-05-22 00:00:00+00:00,-0.10467967140792356
2026-05-23 00:00:00+00:00,-0.10049177374510188
2026-05-24 00:00:00+00:00,-0.10709047925784931
2026-05-25 00:00:00+00:00,-0.11148187951952448
2026-05-26 00:00:00+00:00,-0.11148187951952448
2026-05-27 00:00:00+00:00,-0.11088151771454957
2026-05-28 00:00:00+00:00,-0.1091140620888722
2026-05-29 00:00:00+00:00,-0.10764154713690732
2026-05-30 00:00:00+00:00,-0.1032050658894137
2026-05-31 00:00:00+00:00,-0.1032050658894137
2026-06-01 00:00:00+00:00,-0.1032050658894137
2026-06-02 00:00:00+00:00,-0.10756026938481522
2026-06-03 00:00:00+00:00,-0.10409646382010485
2026-06-04 00:00:00+00:00,-0.10394977830632068
2026-06-05 00:00:00+00:00,-0.0828814444785756
2026-06-06 00:00:00+00:00,-0.06862388486682469
2026-06-07 00:00:00+00:00,-0.08159111554641807
2026-06-08 00:00:00+00:00,-0.08303183779344914
2026-06-09 00:00:00+00:00,-0.08755855161543658
2026-06-10 00:00:00+00:00,-0.09423712105685111
2026-06-11 00:00:00+00:00,-0.09730090708023031
2026-06-12 00:00:00+00:00,-0.0988369412871235
2026-06-13 00:00:00+00:00,-0.0988369412871235
2026-06-14 00:00:00+00:00,-0.0988369412871235
2026-06-15 00:00:00+00:00,-0.0988369412871235
2026-06-16 00:00:00+00:00,-0.0988369412871235
2026-06-17 00:00:00+00:00,-0.09433370516055051
2026-06-18 00:00:00+00:00,-0.0947235278102192
2026-06-19 00:00:00+00:00,-0.0874664649444653
2026-06-20 00:00:00+00:00,-0.08724938014049133
2026-06-21 00:00:00+00:00,-0.08724938014049133
2026-06-22 00:00:00+00:00,-0.08271487251950893
2026-06-23 00:00:00+00:00,-0.09080264582056718
2026-06-24 00:00:00+00:00,-0.08805215893232254
2026-06-25 00:00:00+00:00,-0.08128765767201085
2026-06-26 00:00:00+00:00,-0.07966019376954492
2026-06-27 00:00:00+00:00,-0.08234275523795787
2026-06-28 00:00:00+00:00,-0.08234275523795787
2026-06-29 00:00:00+00:00,-0.08234275523795787
2026-06-30 00:00:00+00:00,-0.08166997952563493
2026-07-01 00:00:00+00:00,-0.07698790439922254
2026-07-02 00:00:00+00:00,-0.08229541053599654
2026-07-03 00:00:00+00:00,-0.08229541053599654
2026-07-04 00:00:00+00:00,-0.08229541053599654
2026-07-05 00:00:00+00:00,-0.08229541053599654
2026-07-06 00:00:00+00:00,-0.08229541053599654
2026-07-07 00:00:00+00:00,-0.08407120315501604
2026-07-08 00:00:00+00:00,-0.0867933850932765
2026-07-09 00:00:00+00:00,-0.08972415735224382
2026-07-10 00:00:00+00:00,-0.10473012184937525
2026-07-11 00:00:00+00:00,-0.1125779130578396
2026-07-12 00:00:00+00:00,-0.10817617493663301
2026-07-13 00:00:00+00:00,-0.10817617493663301
2026-07-14 00:00:00+00:00,-0.10373520443617923
2026-07-15 00:00:00+00:00,-0.09926861801377707
2026-07-16 00:00:00+00:00,-0.10745362663002311
2026-07-17 00:00:00+00:00,-0.11900608487320075
2026-07-18 00:00:00+00:00,-0.11624238804488041
2026-07-19 00:00:00+00:00,-0.11355592968739947
2026-07-20 00:00:00+00:00,-0.11355592968739947
2026-07-21 00:00:00+00:00,-0.12273968804934077
2026-07-22 00:00:00+00:00,-0.12051912302015311
2026-07-23 00:00:00+00:00,-0.12051912302015311
2026-07-24 00:00:00+00:00,-0.12051912302015311
2026-07-25 00:00:00+00:00,-0.118984984232682
2026-07-26 00:00:00+00:00,-0.11611055877316634
2026-07-27 00:00:00+00:00,-0.1087906223080668
2026-07-28 00:00:00+00:00,-0.11011850730269179
2026-07-29 00:00:00+00:00,-0.11309998835471768
2026-07-30 00:00:00+00:00,-0.11309998835471768
2026-07-31 00:00:00+00:00,-0.11309998835471768
2026-08-01 00:00:00+00:00,-0.11309998835471768
2026-08-02 00:00:00+00:00,-0.11309998835471768
2026-08-03 00:00:00+00:00,-0.11309998835471768
2026-08-04 00:00:00+00:00,-0.11375732608220168
2026-08-05 00:00:00+00:00,-0.12559420154154444
2026-08-06 00:00:00+00:00,-0.12550490241822743
2026-08-07 00:00:00+00:00,-0.12484306751502772
2026-08-08 00:00:00+00:00,-0.13668287781384203
2026-08-09 00:00:00+00:00,-0.1357251504686151
2026-08-10 00:00:00+00:00,-0.14418434786807077
2026-08-11 00:00:00+00:00,-0.14418434786807077
2026-08-12 00:00:00+00:00,-0.1399404049065821
2026-08-13 00:00:00+00:00,-0.15161774349861112
2026-08-14 00:00:00+00:00,-0.1488199415151089
2026-08-15 00:00:00+00:00,-0.1431399847298539
2026-08-16 00:00:00+00:00,-0.1431399847298539
2026-08-17 00:00:00+00:00,-0.1431399847298539
2026-08-18 00:00:00+00:00,-0.13689390605275498
2026-08-19 00:00:00+00:00,-0.14316633759655928
2026-08-20 00:00:00+00:00,-0.14089551054109173
2026-08-21 00:00:00+00:00,-0.14148084158957952
2026-08-22 00:00:00+00:00,-0.13162458017380008
2026-08-23 00:00:00+00:00,-0.13498333286161024
2026-08-24 00:00:00+00:00,-0.14347284942058858
2026-08-25 00:00:00+00:00,-0.14767185004742445
2026-08-26 00:00:00+00:00,-0.14767185004742445
2026-08-27 00:00:00+00:00,-0.14994953457544313
2026-08-28 00:00:00+00:00,-0.14344662635383654
2026-08-29 00:00:00+00:00,-0.14344662635383654
2026-08-30 00:00:00+00:00,-0.14344662635383654
2026-08-31 00:00:00+00:00,-0.1476678284316505
2026-09-01 00:00:00+00:00,-0.14837834442762898
