trade_id,entry_index,exit_index,side,quantity,entry_price,exit_price,entry_fee,exit_fee,funding_paid,gross_pnl,net_pnl,balance_after,reason_code,equity_before,entry_leverage,exit_epoch_upper_bound,signal_available_utc,entry_utc_simulated,exit_bar_open_utc,exit_utc_upper_bound,exit_reason,timestamp_precision,initial_stop,initial_target,target_r,realized_net_r
1,1973640.0,1973649.0,1.0,1.7510000000000001,28545.800000000003,28283.4,24.991847900000003,24.762116700000004,0.0,-459.46240000000256,-509.2163646000025,9490.783635399997,1.0,10000.0,4.998369580000001,1696255800.0,2023-10-02T14:00:00Z,2023-10-02T14:00:00Z,2023-10-02T14:09:00Z,2023-10-02T14:10:00Z,stop,within_minute_not_exact_tick,28289.12100841966,29059.157983160687,2.0,-1.1329894909181741
2,1999260.0,1999491.0,1.0,1.532,29725.800000000003,29390.0,22.769962800000002,22.51274,0.0,-514.4456000000044,-559.7283028000045,8931.055332599994,1.0,9490.783635399997,4.798331449696006,1697806320.0,2023-10-20T09:00:00Z,2023-10-20T09:00:00Z,2023-10-20T12:51:00Z,2023-10-20T12:52:00Z,stop,within_minute_not_exact_tick,29395.917451734684,30385.565096530645,2.0,-1.1075393406569354
3,2003280.0,2003515.0,1.0,1.453,30730.100000000002,30412.7,22.325417650000002,22.09482655,0.0,-461.1822000000021,-505.60244420000214,8425.452888399992,1.0,8931.055332599994,4.999502705689914,1698047760.0,2023-10-23T04:00:00Z,2023-10-23T04:00:00Z,2023-10-23T07:55:00Z,2023-10-23T07:56:00Z,stop,within_minute_not_exact_tick,30418.813538627965,31352.67292274408,2.0,-1.117849451165554
4,2004240.0,2004390.0,1.0,0.892,31346.600000000002,32267.300000000003,13.980583600000003,14.391215800000001,0.0,821.2644000000007,792.8926006000006,9218.345488999992,2.0,8425.452888399992,3.31865450680953,1698100260.0,2023-10-23T20:00:00Z,2023-10-23T20:00:00Z,2023-10-23T22:30:00Z,2023-10-23T22:31:00Z,target,within_minute_not_exact_tick,30883.011992167972,32273.77601566406,2.0,1.9174202847845707
5,2022000.0,2022287.0,1.0,1.305,35299.5,35036.8,23.03292375,22.861512,4.5903897,-342.82349999999616,-393.3083254499962,8825.037163549996,1.0,9218.345488999992,4.997192560744133,1699174080.0,2023-11-05T04:00:00Z,2023-11-05T04:00:00Z,2023-11-05T08:47:00Z,2023-11-05T08:48:00Z,stop,within_minute_not_exact_tick,35043.890300623076,35810.71939875384,2.0,-1.179085499238332
6,2028360.0,2028371.0,1.0,1.061,37187.1,38072.6,19.72775655,20.197514299999998,0.0,939.5155,899.59022915,9724.627392699995,2.0,8825.037163549996,4.470860843845836,1699539120.0,2023-11-09T14:00:00Z,2023-11-09T14:00:00Z,2023-11-09T14:11:00Z,2023-11-09T14:12:00Z,target,within_minute_not_exact_tick,36740.51687519536,38080.266249609274,2.0,1.8985718512559266
7,2028420.0,2028446.0,1.0,0.982,37930.0,37382.1,18.623630000000002,18.3546111,0.0,-538.0378000000014,-575.0160411000015,9149.611351599993,1.0,9724.627392699995,3.8301991938488538,1699543620.0,2023-11-09T15:00:00Z,2023-11-09T15:00:00Z,2023-11-09T15:26:00Z,2023-11-09T15:27:00Z,stop,within_minute_not_exact_tick,37389.66682531085,39010.66634937829,2.0,-1.0836944267522943
8,2063640.0,2063833.0,1.0,1.1260000000000001,40621.8,41388.0,22.870073400000006,23.301444000000004,0.0,862.7411999999968,816.5696825999967,9966.18103419999,2.0,9149.611351599993,4.999135486995459,1701666840.0,2023-12-04T02:00:00Z,2023-12-04T02:00:00Z,2023-12-04T05:13:00Z,2023-12-04T05:14:00Z,target,within_minute_not_exact_tick,40234.510867096746,41396.37826580652,2.0,1.8724901846939914
9,2063880.0,2064853.0,1.0,1.2,41525.5,42368.200000000004,24.9153,25.420920000000002,9.929004353636401,1011.2400000000052,950.9747756463688,10917.155809846357,2.0,9966.18103419999,4.999969379344114,1701728040.0,2023-12-04T06:00:00Z,2023-12-04T06:00:00Z,2023-12-04T22:13:00Z,2023-12-04T22:14:00Z,target,within_minute_not_exact_tick,41099.88917547308,42376.72164905385,2.0,1.8619803210742287
10,2065980.0,2066008.0,1.0,1.223,42721.3,43663.200000000004,26.124074950000004,26.700046800000003,0.0,1151.9437000000019,1099.1195782500017,12016.27538809636,2.0,10917.155809846357,4.785875626404137,1701797340.0,2023-12-05T17:00:00Z,2023-12-05T17:00:00Z,2023-12-05T17:28:00Z,2023-12-05T17:29:00Z,target,within_minute_not_exact_tick,42245.94620690538,43672.007586189255,2.0,1.890608138728165
11,2066040.0,2070360.0,1.0,1.117,43397.9,43751.3,24.23772715,24.43510105,55.335578757300226,394.74780000000163,290.7393930427014,12307.014781139062,4.0,12016.27538809636,4.034149745604289,1702058400.0,2023-12-05T18:00:00Z,2023-12-05T18:00:00Z,2023-12-08T18:00:00Z,2023-12-08T18:00:00Z,timeout,simulated_bar_open_or_final_close,42813.457920486035,44566.78415902794,2.0,0.4453579702578585
12,2070540.0,2071237.0,1.0,1.385,44402.0,43985.200000000004,30.748385,30.459751000000004,25.514972946129998,-577.267999999994,-663.991108946124,11643.023672192936,1.0,12307.014781139062,4.996887636329648,1702111080.0,2023-12-08T21:00:00Z,2023-12-08T21:00:00Z,2023-12-09T08:37:00Z,2023-12-09T08:38:00Z,stop,within_minute_not_exact_tick,43994.03147171728,45217.937056565446,2.0,-1.1751297708085953
13,2085240.0,2085966.0,1.0,1.122,43354.8,42784.5,24.322042800000002,24.0021045,4.831441565687617,-639.8766000000034,-693.032188865691,10949.991483327245,1.0,11643.023672192936,4.1779598641697175,1702994820.0,2023-12-19T02:00:00Z,2023-12-19T02:00:00Z,2023-12-19T14:06:00Z,2023-12-19T14:07:00Z,stop,within_minute_not_exact_tick,42793.15509727134,44478.089805457326,2.0,-1.0997620465373241
14,2105280.0,2105337.0,1.0,1.237,44239.200000000004,45056.0,27.361945200000005,27.867136000000002,36.026162237604005,1010.3815999999947,919.1263565623907,11869.117839889635,2.0,10949.991483327245,4.997619448683964,1704157080.0,2024-01-02T00:00:00Z,2024-01-02T00:00:00Z,2024-01-02T00:57:00Z,2024-01-02T00:58:00Z,target,within_minute_not_exact_tick,43826.28421286023,45065.03157427956,2.0,1.7994676048956042
15,2115060.0,2116136.0,1.0,0.889,46979.3,46235.8,20.88229885,20.551813100000004,8.3398287044803,-660.9715,-710.7454406544803,11158.372399235155,1.0,11869.117839889635,3.5187617364146377,1704805020.0,2024-01-08T19:00:00Z,2024-01-08T19:00:00Z,2024-01-09T12:56:00Z,2024-01-09T12:57:00Z,stop,within_minute_not_exact_tick,46245.07668134189,48447.746637316224,2.0,-1.0888903475741938
16,2140740.0,2143003.0,1.0,1.289,41589.5,42502.5,26.80443275,27.39286125,25.442908954639865,1176.857,1097.2167970453602,12255.589196280516,2.0,11158.372399235155,4.80436246272571,1706417040.0,2024-01-26T15:00:00Z,2024-01-26T15:00:00Z,2024-01-28T04:43:00Z,2024-01-28T04:44:00Z,target,within_minute_not_exact_tick,41128.74153493616,42511.016930127684,2.0,1.8474224092522424
17,2143020.0,2143092.0,1.0,1.434,42719.100000000006,42409.100000000006,30.629594700000002,30.407324700000004,0.0,-444.53999999999996,-505.57691939999995,11750.012276880516,1.0,12255.589196280516,4.998469548782831,1706422380.0,2024-01-28T05:00:00Z,2024-01-28T05:00:00Z,2024-01-28T06:12:00Z,2024-01-28T06:13:00Z,stop,within_minute_not_exact_tick,42417.60590490927,43322.08819018147,2.0,-1.169389735125321
18,2145720.0,2147008.0,1.0,0.522,43430.700000000004,42990.9,11.335412700000001,11.2206249,3.313044642996,-229.57560000000151,-255.44468224299752,11494.567594637518,1.0,11750.012276880516,1.9294299329888724,1706657340.0,2024-01-30T02:00:00Z,2024-01-30T02:00:00Z,2024-01-30T23:28:00Z,2024-01-30T23:29:00Z,stop,within_minute_not_exact_tick,42999.560207703464,44292.97958459308,2.0,-1.1350323898690895
19,2159220.0,2159775.0,1.0,1.282,44814.8,45496.200000000004,28.726286800000004,29.163064200000004,1.5077695232722108,873.5548000000019,814.1576794767296,12308.725274114247,2.0,11494.567594637518,4.998237047803604,1707423360.0,2024-02-08T11:00:00Z,2024-02-08T11:00:00Z,2024-02-08T20:15:00Z,2024-02-08T20:16:00Z,target,within_minute_not_exact_tick,44469.53609794322,45505.327804113556,2.0,1.8393709534775602
20,2160180.0,2160710.0,1.0,1.329,46282.100000000006,47199.9,30.754455450000002,31.36433355,6.138425609611212,1219.7561999999941,1151.4989853903828,13460.22425950463,2.0,12308.725274114247,4.997179604727693,1707479460.0,2024-02-09T03:00:00Z,2024-02-09T03:00:00Z,2024-02-09T11:50:00Z,2024-02-09T11:51:00Z,target,within_minute_not_exact_tick,45818.469690784856,47209.3606184303,2.0,1.8688169267033354
21,2160720.0,2160860.0,1.0,1.426,47165.4,46657.100000000006,33.628930200000006,33.2665123,0.0,-724.8357999999937,-791.7312424999938,12668.493017004635,1.0,13460.22425950463,4.996786019557393,1707488460.0,2024-02-09T12:00:00Z,2024-02-09T12:00:00Z,2024-02-09T14:20:00Z,2024-02-09T14:21:00Z,stop,within_minute_not_exact_tick,46666.440645741146,48163.31870851771,2.0,-1.112738433022658
22,2163120.0,2163342.0,1.0,1.305,48527.4,48052.0,31.6641285,31.353930000000002,0.0,-620.3970000000019,-683.4150585000018,11985.077958504633,1.0,12668.493017004635,4.998878470785427,1707637380.0,2024-02-11T04:00:00Z,2024-02-11T04:00:00Z,2024-02-11T07:42:00Z,2024-02-11T07:43:00Z,stop,within_minute_not_exact_tick,48061.68078074057,49458.83843851887,2.0,-1.1244751737597418
23,2165280.0,2166576.0,1.0,1.1440000000000001,49935.5,49367.100000000006,28.563106000000005,28.237981200000007,17.145252558928213,-650.2495999999934,-724.1959397589216,11260.88201874571,1.0,11985.077958504633,4.766444757204366,1707831420.0,2024-02-12T16:00:00Z,2024-02-12T16:00:00Z,2024-02-13T13:36:00Z,2024-02-13T13:37:00Z,stop,within_minute_not_exact_tick,49377.04542496755,51052.4091500649,2.0,-1.1335539848400267
24,2168700.0,2169102.0,1.0,0.936,52365.700000000004,51707.700000000004,24.507147600000003,24.199203600000004,0.0,-615.888,-664.5943512000001,10596.28766754571,1.0,11260.88201874571,4.352615995657102,1707982980.0,2024-02-15T01:00:00Z,2024-02-15T01:00:00Z,2024-02-15T07:42:00Z,2024-02-15T07:43:00Z,stop,within_minute_not_exact_tick,51718.04671937964,53661.00656124073,2.0,-1.0963222471750396
25,2169540.0,2169571.0,1.0,0.779,52655.0,52013.8,20.5091225,20.259375100000003,0.0,-499.4947999999977,-540.2632975999978,10056.024369945713,1.0,10596.28766754571,3.871001457013158,1708011120.0,2024-02-15T15:00:00Z,2024-02-15T15:00:00Z,2024-02-15T15:31:00Z,2024-02-15T15:32:00Z,stop,within_minute_not_exact_tick,52024.23402759834,53916.53194480333,2.0,-1.0995114358489213
26,2185680.0,2186029.0,1.0,0.921,54542.200000000004,55666.4,25.116683100000003,25.634377200000003,16.197196333032004,1035.3881999999974,968.4399433669653,11024.46431331268,2.0,10056.024369945713,4.995350483649553,1708998600.0,2024-02-26T20:00:00Z,2024-02-26T20:00:00Z,2024-02-27T01:49:00Z,2024-02-27T01:50:00Z,target,within_minute_not_exact_tick,53974.490570090566,55677.61885981888,2.0,1.8521960570141236
27,2186040.0,2186047.0,1.0,0.907,55868.5,57158.200000000004,25.33636475,25.9212437,0.0,1169.757900000004,1118.5002915500038,12142.964604862684,2.0,11024.46431331268,4.596389272067373,1708999680.0,2024-02-27T02:00:00Z,2024-02-27T02:00:00Z,2024-02-27T02:07:00Z,2024-02-27T02:08:00Z,target,within_minute_not_exact_tick,55217.92716026558,57169.645679468835,2.0,1.8955397069810414
28,2186100.0,2186158.0,1.0,0.8250000000000001,56440.100000000006,55625.600000000006,23.281541250000007,22.945560000000004,0.0,-671.9625000000001,-718.1896012500001,11424.775003612684,1.0,12142.964604862684,3.834572858867899,1709006340.0,2024-02-27T03:00:00Z,2024-02-27T03:00:00Z,2024-02-27T03:58:00Z,2024-02-27T03:59:00Z,stop,within_minute_not_exact_tick,55636.80731990085,58046.68536019832,2.0,-1.0837056922920583
29,2187840.0,2188146.0,1.0,0.8170000000000001,58311.600000000006,59812.100000000006,23.820288600000005,24.433242850000003,11.279977753806001,1225.9085,1166.3749907961942,12591.149994408877,2.0,11424.775003612684,4.169935704198582,1709125620.0,2024-02-28T08:00:00Z,2024-02-28T08:00:00Z,2024-02-28T13:06:00Z,2024-02-28T13:07:00Z,target,within_minute_not_exact_tick,57555.344130593636,59824.11173881275,2.0,1.8877626282790059
30,2188200.0,2188377.0,1.0,0.714,60554.100000000006,62485.3,21.617813700000003,22.307252100000003,23.317676083277792,1378.876799999998,1311.6340581167203,13902.784052525598,2.0,12591.149994408877,3.4338108448552247,1709139480.0,2024-02-28T14:00:00Z,2024-02-28T14:00:00Z,2024-02-28T16:57:00Z,2024-02-28T16:58:00Z,target,within_minute_not_exact_tick,59582.23032327731,62497.83935344539,2.0,1.8901942661224849
31,2195940.0,2196302.0,1.0,0.666,68011.1,66841.1,22.647696300000003,22.258086300000002,22.26965301504,-779.22,-846.3954356150401,13056.388616910557,1.0,13902.784052525598,3.258008786504282,1709614980.0,2024-03-04T23:00:00Z,2024-03-04T23:00:00Z,2024-03-05T05:02:00Z,2024-03-05T05:03:00Z,stop,within_minute_not_exact_tick,66854.50389444361,70324.29221111278,2.0,-1.098796728896677
32,2205240.0,2206980.0,1.0,0.725,71909.0,70915.8,26.0670125,25.7069775,81.65305842615,-720.0699999999979,-853.4970484261479,12202.89156848441,1.0,13056.388616910557,3.9929896795869206,1710255660.0,2024-03-11T10:00:00Z,2024-03-11T10:00:00Z,2024-03-12T15:00:00Z,2024-03-12T15:01:00Z,stop,within_minute_not_exact_tick,70930.07072260903,73866.85855478192,2.0,-1.2025764632472353
33,2225640.0,2225700.0,1.0,0.755,68060.3,69793.8,25.692763250000002,26.347159500000004,0.0,1308.7925,1256.7525772499998,13459.644145734412,2.0,12202.89156848441,4.210930352991905,1711378860.0,2024-03-25T14:00:00Z,2024-03-25T14:00:00Z,2024-03-25T15:00:00Z,2024-03-25T15:01:00Z,target,within_minute_not_exact_tick,67186.53469867674,69807.83060264651,2.0,1.9050572819487286
34,2225760.0,2228490.0,1.0,0.728,69858.5,71864.2,25.428494,26.158568799999998,78.6214910995102,1460.149599999998,1329.9410461004877,14789.585191834898,2.0,13459.644145734412,3.778479389896607,1711546260.0,2024-03-25T16:00:00Z,2024-03-25T16:00:00Z,2024-03-27T13:30:00Z,2024-03-27T13:31:00Z,target,within_minute_not_exact_tick,68848.43205163661,71878.63589672677,2.0,1.808632873909042
35,2245500.0,2245847.0,1.0,1.0010000000000001,72071.7,71272.1,36.07188585000001,35.671686050000005,0.0,-800.3995999999913,-872.1431718999913,13917.442019934906,1.0,14789.585191834898,4.878011841726939,1712587680.0,2024-04-08T09:00:00Z,2024-04-08T09:00:00Z,2024-04-08T14:47:00Z,2024-04-08T14:48:00Z,stop,within_minute_not_exact_tick,71286.40716812787,73642.28566374423,2.0,-1.1094866330600548
36,2281800.0,2283042.0,1.0,0.794,61666.4,63581.600000000006,24.481560800000004,25.241895200000002,9.035504687095747,1520.6688000000036,1461.909839312908,15379.351859247812,2.0,13917.442019934906,3.5181121307972236,1714819380.0,2024-05-03T14:00:00Z,2024-05-03T14:00:00Z,2024-05-04T10:42:00Z,2024-05-04T10:43:00Z,target,within_minute_not_exact_tick,60702.39396030898,63594.41207938205,2.0,1.909942671899729
37,2283060.0,2283212.0,1.0,0.968,64406.5,63531.100000000006,31.172746,30.7490524,0.0,-847.3871999999943,-909.3089983999943,14470.042860847818,1.0,15379.351859247812,4.053843918169465,1714829580.0,2024-05-04T11:00:00Z,2024-05-04T11:00:00Z,2024-05-04T13:32:00Z,2024-05-04T13:33:00Z,stop,within_minute_not_exact_tick,63543.88002591282,66131.73994817436,2.0,-1.0889717699778791
38,2295900.0,2297169.0,1.0,1.1520000000000001,62762.0,62137.4,36.150912000000005,35.791142400000005,13.789998532224,-719.5391999999985,-805.2712529322224,13664.771607915596,1.0,14470.042860847818,4.996655828548372,1715667000.0,2024-05-13T09:00:00Z,2024-05-13T09:00:00Z,2024-05-14T06:09:00Z,2024-05-14T06:10:00Z,stop,within_minute_not_exact_tick,62149.83651335488,63986.32697329025,2.0,-1.1418848070600907
39,2302080.0,2302204.0,1.0,0.966,67183.40000000001,66415.90000000001,32.4495822,32.07887970000001,0.0,-741.405,-805.9334619,12858.838146015596,1.0,13664.771607915596,4.749377908548859,1715969100.0,2024-05-17T16:00:00Z,2024-05-17T16:00:00Z,2024-05-17T18:04:00Z,2024-05-17T18:05:00Z,stop,within_minute_not_exact_tick,66429.26171886986,68691.67656226031,2.0,-1.106295318611491
40,2306640.0,2306686.0,1.0,0.897,70010.5,69234.7,31.39970925,31.05176295,0.0,-695.8926000000026,-758.3440722000026,12100.494073815595,1.0,12858.838146015596,4.883755265203245,1716238020.0,2024-05-20T20:00:00Z,2024-05-20T20:00:00Z,2024-05-20T20:46:00Z,2024-05-20T20:47:00Z,stop,within_minute_not_exact_tick,69248.60770133081,71534.28459733837,2.0,-1.1096353139108024
41,2306880.0,2307748.0,1.0,0.666,71480.8,70477.1,23.8031064,23.468874300000003,9.727186571655967,-668.4641999999981,-725.4633672716541,11375.030706543941,1.0,12100.494073815595,3.9342371071455386,1716301740.0,2024-05-21T00:00:00Z,2024-05-21T00:00:00Z,2024-05-21T14:28:00Z,2024-05-21T14:29:00Z,stop,within_minute_not_exact_tick,70491.26307764446,73459.87384471108,2.0,-1.1008021132245762
42,2329440.0,2329632.0,1.0,0.793,71639.6,70922.6,28.405101400000003,28.120810900000006,7.512207118936001,-568.581,-632.6191194189361,10742.411587125005,1.0,11375.030706543941,4.994290060889037,1717614780.0,2024-06-05T16:00:00Z,2024-06-05T16:00:00Z,2024-06-05T19:12:00Z,2024-06-05T19:13:00Z,stop,within_minute_not_exact_tick,70936.84818088573,73045.10363822855,2.0,-1.1351863164971452
43,2365860.0,2367019.0,1.0,0.853,62907.5,63794.700000000004,26.83004875,27.208439550000005,16.134482912808313,756.7816000000037,686.6086287871955,11429.0202159122,2.0,10742.411587125005,4.995163056711837,1719858000.0,2024-06-30T23:00:00Z,2024-06-30T23:00:00Z,2024-07-01T18:19:00Z,2024-07-01T18:20:00Z,target,within_minute_not_exact_tick,62457.51245049992,63807.47509900017,2.0,1.7887915233753955
44,2379180.0,2379443.0,1.0,0.737,59335.8,58477.700000000004,21.865242300000002,21.549032450000002,4.007978471765533,-632.4196999999989,-679.8419532217645,10749.178262690435,1.0,11429.0202159122,3.8262671492273395,1720603440.0,2024-07-10T05:00:00Z,2024-07-10T05:00:00Z,2024-07-10T09:23:00Z,2024-07-10T09:24:00Z,stop,within_minute_not_exact_tick,58489.42349437136,61028.55301125729,2.0,-1.089875460724815
45,2384940.0,2385957.0,1.0,0.896,59938.100000000006,61175.700000000004,26.8522688,27.406713600000003,6.484485373275742,1108.8895999999986,1048.1461322267228,11797.32439491716,2.0,10749.178262690435,4.996152848855832,1720994280.0,2024-07-14T05:00:00Z,2024-07-14T05:00:00Z,2024-07-14T21:57:00Z,2024-07-14T21:58:00Z,target,within_minute_not_exact_tick,59313.174156634544,61187.95168673092,2.0,1.8719116252994972
46,2386260.0,2387411.0,1.0,0.811,62464.100000000006,64019.700000000004,25.329192550000005,25.959988350000003,1.3687639925067896,1261.5915999999988,1208.933655107492,13006.258050024651,2.0,11797.32439491716,4.2940571441627915,1721081520.0,2024-07-15T03:00:00Z,2024-07-15T03:00:00Z,2024-07-15T22:11:00Z,2024-07-15T22:12:00Z,target,within_minute_not_exact_tick,61679.89486770381,64032.51026459239,2.0,1.9008678854036385
47,2387460.0,2387872.0,1.0,0.854,64321.9,63486.600000000006,27.4654513,27.1087782,-2.7967303712972797,-713.3461999999962,-765.123699128699,12241.134350895953,1.0,13006.258050024651,4.223420940037084,1721109180.0,2024-07-15T23:00:00Z,2024-07-15T23:00:00Z,2024-07-16T05:52:00Z,2024-07-16T05:53:00Z,stop,within_minute_not_exact_tick,63499.32516728112,65967.04966543776,2.0,-1.0891767586896621
48,2389020.0,2389772.0,1.0,0.6920000000000001,65483.8,64502.600000000006,22.657394800000002,22.317899600000004,0.8012994900996269,-678.9903999999981,-724.7669938900978,11516.367357005855,1.0,12241.134350895953,3.7018456215770006,1721223180.0,2024-07-17T01:00:00Z,2024-07-17T01:00:00Z,2024-07-17T13:32:00Z,2024-07-17T13:33:00Z,stop,within_minute_not_exact_tick,64515.523633282086,67420.35273343584,2.0,-1.0816655071218404
49,2404140.0,2404541.0,1.0,0.343,68384.7,67856.40000000001,11.72797605,11.637372600000003,2.150262496753,-181.206899999996,-206.72251114674899,11309.644845859106,1.0,11516.367357005855,2.0367492085714716,1722109320.0,2024-07-27T13:00:00Z,2024-07-27T13:00:00Z,2024-07-27T19:41:00Z,2024-07-27T19:42:00Z,stop,within_minute_not_exact_tick,67870.01895323023,69414.06209353953,2.0,-1.1709961745309583
50,2421600.0,2422012.0,1.0,0.508,59403.8,61891.4,15.088565200000001,15.7204156,0.34604544964,1263.7007999999994,1232.5457737503593,12542.190619609466,2.0,11309.644845859106,2.6682650791681586,1723157580.0,2024-08-08T16:00:00Z,2024-08-08T16:00:00Z,2024-08-08T22:52:00Z,2024-08-08T22:53:00Z,target,within_minute_not_exact_tick,58153.7598359858,61903.8803280284,2.0,1.9409546013134666
51,2422020.0,2422140.0,1.0,0.536,62314.4,60985.8,16.7002592,16.344194400000003,1.6505594313907885,-712.1295999999993,-746.8246130313901,11795.366006578075,1.0,12542.190619609466,2.6630530034983644,1723165260.0,2024-08-08T23:00:00Z,2024-08-08T23:00:00Z,2024-08-09T01:00:00Z,2024-08-09T01:01:00Z,stop,within_minute_not_exact_tick,60998.07950371152,64947.04099257697,2.0,-1.0585032337131328
52,2435220.0,2435226.0,1.0,0.981,60116.0,59607.0,29.486898,29.2372335,0.0,-499.329,-558.0531315000001,11237.312875078076,1.0,11795.366006578075,4.99974277755445,1723950420.0,2024-08-18T03:00:00Z,2024-08-18T03:00:00Z,2024-08-18T03:06:00Z,2024-08-18T03:07:00Z,stop,within_minute_not_exact_tick,59618.99272259946,61110.01455480108,2.0,-1.1445737836582122
53,2443320.0,2443520.0,1.0,0.762,62978.600000000006,64557.0,23.994846600000002,24.596217,0.0,1202.7407999999955,1154.1497363999954,12391.462611478071,2.0,11237.312875078076,4.27056661441106,1724448060.0,2024-08-23T18:00:00Z,2024-08-23T18:00:00Z,2024-08-23T21:20:00Z,2024-08-23T21:21:00Z,target,within_minute_not_exact_tick,62182.90738984554,64569.98522030895,2.0,1.9035393576244934
54,2467740.0,2467995.0,1.0,0.9390000000000001,56402.5,57815.200000000004,26.48097375,27.144236400000004,0.0,1326.525300000004,1272.9000898500042,13664.362701328075,2.0,12391.462611478071,4.274067489897597,1725916560.0,2024-09-09T17:00:00Z,2024-09-09T17:00:00Z,2024-09-09T21:15:00Z,2024-09-09T21:16:00Z,target,within_minute_not_exact_tick,55690.31811832864,57826.863763342706,2.0,1.9034339189010132
55,2468040.0,2468183.0,1.0,0.587,57436.4,56648.700000000004,16.8575834,16.62639345,-2.0173927534609954,-462.37989999999826,-493.8464840965373,13170.516217231538,1.0,13664.362701328075,2.4673793821883208,1725927840.0,2024-09-09T22:00:00Z,2024-09-09T22:00:00Z,2024-09-10T00:23:00Z,2024-09-10T00:24:00Z,stop,within_minute_not_exact_tick,56660.07413125255,58989.051737494905,2.0,-1.0837018305575088
56,2473440.0,2476749.0,1.0,1.038,59635.600000000006,58946.5,30.950876400000006,30.593233500000004,-3.531397341007951,-715.285800000006,-773.298512558998,12397.217704672541,1.0,13170.516217231538,4.700024796219555,1726441800.0,2024-09-13T16:00:00Z,2024-09-13T16:00:00Z,2024-09-15T23:09:00Z,2024-09-15T23:10:00Z,stop,within_minute_not_exact_tick,58958.34821693889,60990.10356612224,2.0,-1.1000176769323098
57,2479200.0,2479373.0,1.0,0.907,61123.3,60377.0,27.719416550000002,27.3809695,2.9526323537900003,-676.8941000000027,-734.9471184037927,11662.270586268747,1.0,12397.217704672541,4.4718770308522515,1726599240.0,2024-09-17T16:00:00Z,2024-09-17T16:00:00Z,2024-09-17T18:53:00Z,2024-09-17T18:54:00Z,stop,within_minute_not_exact_tick,60389.15710676233,62591.58578647535,2.0,-1.1037436178077564
58,2481120.0,2482133.0,1.0,0.713,61747.700000000004,63522.5,22.01305505,22.64577125,4.68346820987965,1265.4323999999967,1216.090105490117,12878.360691758862,2.0,11662.270586268747,3.77508905957273,1726764840.0,2024-09-19T00:00:00Z,2024-09-19T00:00:00Z,2024-09-19T16:53:00Z,2024-09-19T16:54:00Z,target,within_minute_not_exact_tick,60853.90834868772,63535.283302624564,2.0,1.9082704771067922
59,2507100.0,2507600.0,1.0,1.0110000000000001,63665.9,63204.200000000004,32.18311245,31.949723100000007,-0.6112659672000001,-466.7786999999971,-530.3002695827971,12348.060422176064,1.0,12878.360691758862,4.9980138342599245,1728292860.0,2024-10-07T01:00:00Z,2024-10-07T01:00:00Z,2024-10-07T09:20:00Z,2024-10-07T09:21:00Z,stop,within_minute_not_exact_tick,63216.89400538148,64563.911989237036,2.0,-1.1682036344428903
60,2507940.0,2508136.0,1.0,0.965,63968.100000000006,63361.9,30.864608250000003,30.572116750000003,1.336809285602215,-584.9830000000042,-647.7565342856064,11700.303887890459,1.0,12348.060422176064,4.99910223869164,1728325020.0,2024-10-07T15:00:00Z,2024-10-07T15:00:00Z,2024-10-07T18:16:00Z,2024-10-07T18:17:00Z,stop,within_minute_not_exact_tick,63374.595201621894,65155.10959675622,2.0,-1.130993879798162
61,2517360.0,2517972.0,1.0,0.909,64293.700000000004,65435.700000000004,29.221486650000003,29.740525650000002,5.87210364,1038.078,973.24388406,12673.54777195046,2.0,11700.303887890459,4.994996186422741,1728915180.0,2024-10-14T04:00:00Z,2024-10-14T04:00:00Z,2024-10-14T14:12:00Z,2024-10-14T14:13:00Z,target,within_minute_not_exact_tick,63716.12378917974,65448.852421640535,2.0,1.8537386407924332
62,2518020.0,2519395.0,1.0,0.9450000000000001,65908.90000000001,67318.6,31.141955250000006,31.808038500000006,18.669137865223547,1332.1664999999973,1250.5473683847738,13924.095140335234,2.0,12673.54777195046,4.9144810609266765,1729000560.0,2024-10-14T15:00:00Z,2024-10-14T15:00:00Z,2024-10-15T13:55:00Z,2024-10-15T13:56:00Z,target,within_minute_not_exact_tick,65197.30625944766,67332.08748110471,2.0,1.8596714292738594
63,2519400.0,2519420.0,1.0,1.006,67660.40000000001,66911.7,34.03318120000001,33.656585099999994,0.0,-753.1922000000117,-820.8819663000118,13103.213174035222,1.0,13924.095140335234,4.888386765099428,1729002060.0,2024-10-15T14:00:00Z,2024-10-15T14:00:00Z,2024-10-15T14:20:00Z,2024-10-15T14:21:00Z,stop,within_minute_not_exact_tick,66925.11671838457,69130.96656323089,2.0,-1.1097573824978972
64,2523780.0,2527997.0,1.0,0.9570000000000001,68413.1,67770.0,32.735668350000005,32.427945,58.99953527870949,-615.4467000000056,-739.6098486287151,12363.603325406506,1.0,13103.213174035222,4.996586396818703,1729516680.0,2024-10-18T15:00:00Z,2024-10-18T15:00:00Z,2024-10-21T13:17:00Z,2024-10-21T13:18:00Z,stop,within_minute_not_exact_tick,67783.65115295032,69671.9976940994,2.0,-1.2278075664221266
65,2538480.0,2538851.0,1.0,0.887,69619.8,70787.2,30.876381300000002,31.3941232,6.203678,1035.4837999999947,967.0096174999948,13330.6129429065,2.0,12363.603325406506,4.994722086651031,1730167920.0,2024-10-28T20:00:00Z,2024-10-28T20:00:00Z,2024-10-29T02:11:00Z,2024-10-29T02:12:00Z,target,within_minute_not_exact_tick,69028.97186116359,70801.45627767284,2.0,1.8452108630896475
66,2539560.0,2539840.0,1.0,0.928,71795.90000000001,73090.0,33.313297600000006,33.91376,6.717125721668482,1200.924799999992,1126.9806166783237,14457.593559584824,2.0,13330.6129429065,4.998014381285703,1730227260.0,2024-10-29T14:00:00Z,2024-10-29T14:00:00Z,2024-10-29T18:40:00Z,2024-10-29T18:41:00Z,target,within_minute_not_exact_tick,71141.5209160355,73104.65816792902,2.0,1.8558337173842208
67,2539860.0,2539923.0,1.0,0.987,73183.0,72430.1,36.1158105,35.744254350000006,0.0,-743.1122999999942,-814.9723648499942,13642.621194734831,1.0,14457.593559584824,4.996102615715963,1730232240.0,2024-10-29T19:00:00Z,2024-10-29T19:00:00Z,2024-10-29T20:03:00Z,2024-10-29T20:04:00Z,stop,within_minute_not_exact_tick,72444.66417980538,74659.67164038925,2.0,-1.1183346756525254
68,2550300.0,2550417.0,1.0,0.6950000000000001,71072.90000000001,73211.1,24.697832750000007,25.440857250000004,0.0,1486.0489999999982,1435.9103099999982,15078.531504734829,2.0,13642.621194734831,3.6206873147708256,1730861880.0,2024-11-06T01:00:00Z,2024-11-06T01:00:00Z,2024-11-06T02:57:00Z,2024-11-06T02:58:00Z,target,within_minute_not_exact_tick,69996.46936795635,73225.76126408731,2.0,1.9193600948325764
69,2550480.0,2550723.0,1.0,0.6,74382.0,72964.40000000001,22.3146,21.889320000000005,4.4055838068084,-850.5599999999947,-899.1695038068032,14179.362000928026,1.0,15078.531504734829,2.959784245964929,1730880240.0,2024-11-06T04:00:00Z,2024-11-06T04:00:00Z,2024-11-06T08:03:00Z,2024-11-06T08:04:00Z,stop,within_minute_not_exact_tick,72979.0524342372,77187.89513152561,2.0,-1.0681909119413027
70,2552820.0,2553013.0,1.0,0.783,76622.2,75628.1,29.9975913,29.608401150000006,0.0,-778.3802999999932,-837.9862924499931,13341.375708478034,1.0,14179.362000928026,4.231162346801878,1731017640.0,2024-11-07T19:00:00Z,2024-11-07T19:00:00Z,2024-11-07T22:13:00Z,2024-11-07T22:14:00Z,stop,within_minute_not_exact_tick,75643.31946616544,78579.96106766912,2.0,-1.0933153873308803
71,2556300.0,2557088.0,1.0,0.841,79289.6,80866.8,33.3412768,34.0044894,26.443629951169,1326.4251999999974,1232.6358038488283,14574.011512326862,2.0,13341.375708478034,4.998176729077893,1731262140.0,2024-11-10T05:00:00Z,2024-11-10T05:00:00Z,2024-11-10T18:08:00Z,2024-11-10T18:09:00Z,target,within_minute_not_exact_tick,78492.87096786278,80883.05806427445,2.0,1.839620073162539
72,2558100.0,2558377.0,1.0,0.685,82026.5,84270.3,28.094076250000004,28.862577750000003,0.0,1537.0030000000022,1480.0463460000024,16054.057858326865,2.0,14574.011512326862,3.855366276640816,1731339480.0,2024-11-11T11:00:00Z,2024-11-11T11:00:00Z,2024-11-11T15:37:00Z,2024-11-11T15:38:00Z,target,within_minute_not_exact_tick,80896.13030960385,84287.23938079232,2.0,1.9114557107796861
73,2558400.0,2558587.0,1.0,0.6970000000000001,84131.0,86641.20000000001,29.319653500000005,30.19445820000001,5.8623188439995335,1749.6094000000082,1684.2329694560087,17738.290827782872,2.0,16054.057858326865,3.6526159004457037,1731352080.0,2024-11-11T16:00:00Z,2024-11-11T16:00:00Z,2024-11-11T19:07:00Z,2024-11-11T19:08:00Z,target,within_minute_not_exact_tick,82867.1972021809,86658.6055956382,2.0,1.9120096242327687
74,2558760.0,2559521.0,1.0,0.65,88006.8,86476.8,28.602210000000003,28.104960000000002,53.6658685342,-994.5,-1104.8730385341998,16633.41778924867,1.0,17738.290827782872,3.2249116081918503,1731408120.0,2024-11-11T22:00:00Z,2024-11-11T22:00:00Z,2024-11-12T10:41:00Z,2024-11-12T10:42:00Z,stop,within_minute_not_exact_tick,86494.12496881327,91032.15006237348,2.0,-1.1237077624891163
75,2561280.0,2561478.0,1.0,0.47500000000000003,92626.6,90637.8,21.998817500000005,21.526477500000002,9.6136419032,-944.6800000000014,-997.8189369032015,15635.598852345467,1.0,16633.41778924867,2.6451349660945045,1731525540.0,2024-11-13T16:00:00Z,2024-11-13T16:00:00Z,2024-11-13T19:18:00Z,2024-11-13T19:19:00Z,stop,within_minute_not_exact_tick,90655.95623533508,96567.88752932986,2.0,-1.065982337233428
76,2570040.0,2570312.0,1.0,0.658,92922.70000000001,91611.0,30.571568300000006,30.140019000000002,0.0,-863.0986000000077,-923.8101873000077,14711.78866504546,1.0,15635.598852345467,3.910508140903605,1732055580.0,2024-11-19T18:00:00Z,2024-11-19T18:00:00Z,2024-11-19T22:32:00Z,2024-11-19T22:33:00Z,stop,within_minute_not_exact_tick,91629.39330732204,95509.31338535596,2.0,-1.0855637397908313
77,2572140.0,2572769.0,1.0,0.603,97610.8,96264.70000000001,29.4296562,29.023807050000002,5.846085,-811.6982999999947,-875.9978482499946,13835.790816795467,1.0,14711.78866504546,4.000826394403493,1732203000.0,2024-11-21T05:00:00Z,2024-11-21T05:00:00Z,2024-11-21T15:29:00Z,2024-11-21T15:30:00Z,stop,within_minute_not_exact_tick,96284.01334316985,100264.37331366031,2.0,-1.0949256555464142
78,2584080.0,2584924.0,1.0,0.6950000000000001,97321.70000000001,96403.90000000001,33.81929075000001,33.500355250000005,21.719232741440003,-637.871000000002,-726.9098787414421,13108.880938054026,1.0,13835.790816795467,4.888667543158615,1732932300.0,2024-11-29T12:00:00Z,2024-11-29T12:00:00Z,2024-11-30T02:04:00Z,2024-11-30T02:05:00Z,stop,within_minute_not_exact_tick,96423.28159435601,99118.53681128802,2.0,-1.1641719359503462
79,2587560.0,2587683.0,1.0,0.669,97867.8,97190.8,32.73677910000001,32.5103226,16.739998729794003,-452.913,-534.9001004297941,12573.980837624233,1.0,13108.880938054026,4.994595534843523,1733097840.0,2024-12-01T22:00:00Z,2024-12-01T22:00:00Z,2024-12-02T00:03:00Z,2024-12-02T00:04:00Z,stop,within_minute_not_exact_tick,97210.33779216543,99182.72441566914,2.0,-1.2161181435194803
80,2587800.0,2587892.0,1.0,0.64,98099.1,97365.3,31.391712000000005,31.156896,0.0,-469.6320000000019,-532.1806080000018,12041.80022962423,1.0,12573.980837624233,4.993122290447398,1733110380.0,2024-12-02T02:00:00Z,2024-12-02T02:00:00Z,2024-12-02T03:32:00Z,2024-12-02T03:33:00Z,stop,within_minute_not_exact_tick,97384.83617002885,99527.6276599423,2.0,-1.1641807482167885
81,2591760.0,2592151.0,1.0,0.588,97302.90000000001,99464.70000000001,28.607052600000003,29.242621800000002,16.03057115517618,1271.1384000000016,1197.2581544448253,13239.058384069056,2.0,12041.80022962423,4.751291676409533,1733365920.0,2024-12-04T20:00:00Z,2024-12-04T20:00:00Z,2024-12-05T02:31:00Z,2024-12-05T02:32:00Z,target,within_minute_not_exact_tick,96212.02200567177,99484.65598865648,2.0,1.8665270859548495
82,2592180.0,2593184.0,1.0,0.465,101561.1,99977.70000000001,23.61295575,23.244815250000002,56.635680547109715,-736.2809999999973,-839.774451547107,12399.283932521948,1.0,13239.058384069056,3.567165438051721,1733427900.0,2024-12-05T03:00:00Z,2024-12-05T03:00:00Z,2024-12-05T19:44:00Z,2024-12-05T19:45:00Z,stop,within_minute_not_exact_tick,99997.72526910603,104687.84946178798,2.0,-1.1551719026660956
83,2607180.0,2607800.0,1.0,0.602,102947.0,104467.70000000001,30.987047,31.444777700000003,6.1810259016880496,915.461400000007,846.8485493983189,13246.132481920267,2.0,12399.283932521948,4.99819943936027,1734304860.0,2024-12-15T13:00:00Z,2024-12-15T13:00:00Z,2024-12-15T23:20:00Z,2024-12-15T23:21:00Z,target,within_minute_not_exact_tick,102176.16427135808,104488.67145728385,2.0,1.8249350838886056
84,2608860.0,2609247.0,1.0,0.5750000000000001,106790.40000000001,105537.3,30.702240000000007,30.341973750000005,0.0,-720.5325000000034,-781.5767137500034,12464.555768170263,1.0,13246.132481920267,4.635653469706074,1734391680.0,2024-12-16T17:00:00Z,2024-12-16T17:00:00Z,2024-12-16T23:27:00Z,2024-12-16T23:28:00Z,stop,within_minute_not_exact_tick,105558.4150558388,109254.36988832243,2.0,-1.103312062734222
85,2610180.0,2610191.0,1.0,0.5750000000000001,108241.90000000001,107152.70000000001,31.119546250000006,30.806401250000008,0.0,-626.2899999999984,-688.2159474999984,11776.339820670264,1.0,12464.555768170263,4.993286055082283,1734448320.0,2024-12-17T15:00:00Z,2024-12-17T15:00:00Z,2024-12-17T15:11:00Z,2024-12-17T15:12:00Z,stop,within_minute_not_exact_tick,107174.2347070419,110377.23058591622,2.0,-1.121041685904992
86,2620320.0,2622726.0,1.0,0.489,98263.20000000001,96938.90000000001,24.025352400000003,23.701561050000002,27.574044375718803,-647.5827000000014,-722.8836578257202,11053.456162844544,1.0,11776.339820670264,4.080274986261831,1735200420.0,2024-12-24T16:00:00Z,2024-12-24T16:00:00Z,2024-12-26T08:06:00Z,2024-12-26T08:07:00Z,stop,within_minute_not_exact_tick,96958.3454717916,100872.90905641684,2.0,-1.1329153226259396
87,2633220.0,2633242.0,1.0,0.5680000000000001,97236.20000000001,96314.5,27.61508080000001,27.353318000000005,0.0,-523.5256000000066,-578.4939988000067,10474.962164044537,1.0,11053.456162844544,4.996641845439485,1735831380.0,2025-01-02T15:00:00Z,2025-01-02T15:00:00Z,2025-01-02T15:22:00Z,2025-01-02T15:23:00Z,stop,within_minute_not_exact_tick,96333.83271523686,99040.93456952632,2.0,-1.1286705172022435
88,2639040.0,2640214.0,1.0,0.512,102125.0,101055.90000000001,26.144000000000002,25.8703104,15.09276949002496,-547.3791999999955,-614.4862798900205,9860.475884154517,1.0,10474.962164044537,4.991712540927292,1736249700.0,2025-01-06T16:00:00Z,2025-01-06T16:00:00Z,2025-01-07T11:34:00Z,2025-01-07T11:35:00Z,stop,within_minute_not_exact_tick,101076.21502383074,104222.56995233853,2.0,-1.1443418266667658
89,2651880.0,2653365.0,1.0,0.47700000000000004,98935.90000000001,97816.20000000001,23.596212150000003,23.329163700000006,6.708353973608138,-534.0968999999986,-587.7306298236068,9272.74525433091,1.0,9860.475884154517,4.7860189360471725,1737038760.0,2025-01-15T14:00:00Z,2025-01-15T14:00:00Z,2025-01-16T14:45:00Z,2025-01-16T14:46:00Z,stop,within_minute_not_exact_tick,97835.82496172683,101136.05007654637,2.0,-1.1200505804576033
90,2654040.0,2654830.0,1.0,0.4,101656.70000000001,104130.5,20.331340000000004,20.826100000000004,3.8072206536,989.5199999999954,944.5553393463955,10217.300593677304,2.0,9272.74525433091,4.385182476678972,1737126660.0,2025-01-17T02:00:00Z,2025-01-17T02:00:00Z,2025-01-17T15:10:00Z,2025-01-17T15:11:00Z,target,within_minute_not_exact_tick,100409.34766893998,104151.40466212007,2.0,1.8931205639061357
91,2654880.0,2655624.0,1.0,0.47700000000000004,103967.1,102808.1,24.796153350000004,24.519731850000003,5.0302356932070005,-552.8430000000001,-607.1891208932071,9610.111472784098,1.0,10217.300593677304,4.853758215813759,1737174300.0,2025-01-17T16:00:00Z,2025-01-17T16:00:00Z,2025-01-18T04:24:00Z,2025-01-18T04:25:00Z,stop,within_minute_not_exact_tick,102828.73724539089,106243.82550921824,2.0,-1.1182139984262656
92,2658660.0,2659196.0,1.0,0.218,107572.90000000001,105058.5,11.725446100000001,11.4513765,2.3354099212507964,-548.1392000000019,-573.6514325212527,9036.460040262846,1.0,9610.111472784098,2.4402310281637307,1737388620.0,2025-01-20T07:00:00Z,2025-01-20T07:00:00Z,2025-01-20T15:56:00Z,2025-01-20T15:57:00Z,stop,within_minute_not_exact_tick,105079.5286686109,112559.64266277822,2.0,-1.055369714257927
93,2673540.0,2673747.0,1.0,0.426,105901.0,104781.1,22.556913,22.3183743,4.269993443688,-477.0773999999975,-526.2226807436855,8510.23735951916,1.0,9036.460040262846,4.992422452928565,1738261680.0,2025-01-30T15:00:00Z,2025-01-30T15:00:00Z,2025-01-30T18:27:00Z,2025-01-30T18:28:00Z,stop,within_minute_not_exact_tick,104802.08235674705,108098.83528650591,2.0,-1.1240737796614422
94,2704020.0,2705256.0,1.0,0.397,98257.70000000001,97499.8,19.50415345,19.353710300000003,0.9385343175269999,-300.8863000000035,-340.68269806753045,8169.55466145163,1.0,8510.23735951916,4.583691999655815,1740152220.0,2025-02-20T19:00:00Z,2025-02-20T19:00:00Z,2025-02-21T15:36:00Z,2025-02-21T15:37:00Z,stop,within_minute_not_exact_tick,97519.35530918033,99734.38938163935,2.0,-1.1622523016158506
95,2718300.0,2718343.0,1.0,0.303,91183.8,94139.40000000001,13.8143457,14.262119100000001,0.0,895.5468000000018,867.4703352000018,9037.024996651631,2.0,8169.55466145163,3.3819091180535317,1740937440.0,2025-03-02T17:00:00Z,2025-03-02T17:00:00Z,2025-03-02T17:43:00Z,2025-03-02T17:44:00Z,target,within_minute_not_exact_tick,89696.53586551906,94158.32826896186,2.0,1.924969703514832
96,2718360.0,2719120.0,1.0,0.281,94058.70000000001,92245.70000000001,13.215247350000004,12.960520850000004,-1.461064010446828,-509.45300000000003,-534.1677041895531,8502.85729246208,1.0,9037.024996651631,2.924689785608975,1740984060.0,2025-03-02T18:00:00Z,2025-03-02T18:00:00Z,2025-03-03T06:40:00Z,2025-03-03T06:41:00Z,stop,within_minute_not_exact_tick,92264.2508919607,97647.59821607861,2.0,-1.0593516837184977
97,2723160.0,2723913.0,1.0,0.274,91021.90000000001,89269.8,12.470000300000002,12.2299626,1.6045484075889254,-480.07540000000165,-506.3799113075906,7996.477381154489,1.0,8502.85729246208,2.9331317393871488,1741271640.0,2025-03-06T02:00:00Z,2025-03-06T02:00:00Z,2025-03-06T14:33:00Z,2025-03-06T14:34:00Z,stop,within_minute_not_exact_tick,89287.75665968716,94490.1866806257,2.0,-1.065714594130779
98,2743200.0,2743262.0,1.0,0.41200000000000003,86827.20000000001,85768.20000000001,17.886403200000004,17.6682492,0.6952839949440001,-436.30800000000005,-472.5579363949441,7523.9194447595455,1.0,7996.477381154489,4.47357063552843,1742432580.0,2025-03-20T00:00:00Z,2025-03-20T00:00:00Z,2025-03-20T01:02:00Z,2025-03-20T01:03:00Z,stop,within_minute_not_exact_tick,85785.3739689686,88910.85206206283,2.0,-1.100937439023753
99,2749260.0,2749804.0,1.0,0.433,86812.40000000001,87977.8,18.794884600000003,19.0471937,2.072381250899034,504.6181999999975,464.7037404490985,7988.623185208645,2.0,7523.9194447595455,4.996035573743615,1742825100.0,2025-03-24T05:00:00Z,2025-03-24T05:00:00Z,2025-03-24T14:04:00Z,2025-03-24T14:05:00Z,target,within_minute_not_exact_tick,86220.89632697827,87995.40734604347,2.0,1.8143907621583886
100,2749860.0,2750355.0,1.0,0.454,87938.6,87199.20000000001,19.962062200000002,19.794218400000002,-1.3716933206122945,-335.68759999999736,-374.07218727938505,7614.55099792926,1.0,7988.623185208645,4.997622678451227,1742858160.0,2025-03-24T15:00:00Z,2025-03-24T15:00:00Z,2025-03-24T23:15:00Z,2025-03-24T23:16:00Z,stop,within_minute_not_exact_tick,87216.6997435535,89382.40051289301,2.0,-1.141359269117519
101,2773080.0,2774363.0,1.0,0.232,82178.40000000001,80315.90000000001,9.532694400000002,9.316644400000001,1.49788143832,-432.1,-452.4472202383201,7162.103777690941,1.0,7614.55099792926,2.5038099823856643,1744298640.0,2025-04-09T18:00:00Z,2025-04-09T18:00:00Z,2025-04-10T15:23:00Z,2025-04-10T15:24:00Z,stop,within_minute_not_exact_tick,80331.9723923198,85871.25521536042,2.0,-1.056203626612893
102,2775960.0,2780280.0,1.0,0.28300000000000003,83905.0,84806.8,11.872557500000001,12.000162200000002,13.218599095915671,255.20940000000084,218.11808120408517,7380.221858895025,4.0,7162.103777690941,3.3153827055624454,1744653600.0,2025-04-11T18:00:00Z,2025-04-11T18:00:00Z,2025-04-14T18:00:00Z,2025-04-14T18:00:00Z,timeout,simulated_bar_open_or_final_close,82506.50019250065,86701.9996149987,2.0,0.5511157492760301
103,2789400.0,2789964.0,1.0,0.422,87266.40000000001,86607.6,18.4132104,18.2742036,1.9927913643960002,-278.01360000000125,-316.6938053643973,7063.528053530628,1.0,7380.221858895025,4.9898799120266135,1745234700.0,2025-04-21T02:00:00Z,2025-04-21T02:00:00Z,2025-04-21T11:24:00Z,2025-04-21T11:25:00Z,stop,within_minute_not_exact_tick,86624.93359668354,88549.33280663296,2.0,-1.1699120180542908
104,2790180.0,2790287.0,1.0,0.4,88171.40000000001,87369.70000000001,17.634280000000004,17.473940000000002,0.5466443613348305,-320.67999999999887,-356.3348643613337,6707.193189169294,1.0,7063.528053530628,4.993051593016807,1745254080.0,2025-04-21T15:00:00Z,2025-04-21T15:00:00Z,2025-04-21T16:47:00Z,2025-04-21T16:48:00Z,stop,within_minute_not_exact_tick,87387.23347749362,89739.73304501278,2.0,-1.1360305946956313
105,2791500.0,2791598.0,1.0,0.376,88965.3,90534.70000000001,16.7254764,17.0205236,0.0,590.0944000000032,556.3484000000032,7263.541589169297,2.0,6707.193189169294,4.987325078695549,1745332740.0,2025-04-22T13:00:00Z,2025-04-22T13:00:00Z,2025-04-22T14:38:00Z,2025-04-22T14:39:00Z,target,within_minute_not_exact_tick,88171.53145469831,90552.83709060337,2.0,1.8640824315325346
106,2791620.0,2792029.0,1.0,0.4,90762.3,92584.8,18.15246,18.516960000000005,-2.5610293980000005,729.0,694.8916093979999,7958.433198567297,2.0,7263.541589169297,4.998239433795554,1745358600.0,2025-04-22T15:00:00Z,2025-04-22T15:00:00Z,2025-04-22T21:49:00Z,2025-04-22T21:50:00Z,target,within_minute_not_exact_tick,89841.77025308649,92603.35949382703,2.0,1.8872057413895016
107,2792040.0,2794108.0,1.0,0.362,92992.8,91787.40000000001,16.831696800000003,16.6135194,2.378068838508291,-436.35479999999785,-472.1780850385061,7486.25511352879,1.0,7958.433198567297,4.229902137780109,1745483340.0,2025-04-22T22:00:00Z,2025-04-22T22:00:00Z,2025-04-24T08:28:00Z,2025-04-24T08:29:00Z,stop,within_minute_not_exact_tick,91805.77154142209,95366.85691715585,2.0,-1.0988442117872599
108,2804580.0,2807200.0,1.0,0.386,96787.70000000001,95941.20000000001,18.680026100000003,18.516651600000003,-15.339235848935003,-326.749,-348.60644185106503,7137.648671677725,1.0,7486.25511352879,4.9904861153455435,1746268860.0,2025-05-01T15:00:00Z,2025-05-01T15:00:00Z,2025-05-03T10:40:00Z,2025-05-03T10:41:00Z,stop,within_minute_not_exact_tick,95960.47164666036,98442.1567066793,2.0,-1.0917487213505535
109,2812380.0,2812492.0,1.0,0.366,97399.0,96525.40000000001,17.824017,17.6641482,0.0,-319.7375999999968,-355.22576519999683,6782.422906477728,1.0,7137.648671677725,4.994366582016263,1746586380.0,2025-05-07T01:00:00Z,2025-05-07T01:00:00Z,2025-05-07T02:52:00Z,2025-05-07T02:53:00Z,stop,within_minute_not_exact_tick,96544.79469241903,99107.41061516195,2.0,-1.1362165411363803
110,2813820.0,2814247.0,1.0,0.34600000000000003,97744.6,99399.90000000001,16.909815800000004,17.1961827,1.5818535999176464,572.7338000000011,537.0459479000834,7319.468854377812,2.0,6782.422906477728,4.986364322357383,1746691680.0,2025-05-08T01:00:00Z,2025-05-08T01:00:00Z,2025-05-08T08:07:00Z,2025-05-08T08:08:00Z,target,within_minute_not_exact_tick,96906.9729512331,99419.85409753381,2.0,1.8530393939299639
111,2814300.0,2814701.0,1.0,0.367,99635.0,101309.20000000001,18.283022499999998,18.590238200000005,0.0,614.4314000000043,577.5581393000042,7897.026993677817,2.0,7319.468854377812,4.995723832902118,1746718920.0,2025-05-08T09:00:00Z,2025-05-08T09:00:00Z,2025-05-08T15:41:00Z,2025-05-08T15:42:00Z,target,within_minute_not_exact_tick,98787.7329234759,101329.53415304823,2.0,1.8574165615595302
112,2814720.0,2815015.0,1.0,0.391,100751.1,102590.8,19.696840050000002,20.056501400000002,2.2560175872320003,719.3226999999989,677.3133409627669,8574.340334640583,2.0,7897.026993677817,4.988419076133044,1746737760.0,2025-05-08T16:00:00Z,2025-05-08T16:00:00Z,2025-05-08T20:55:00Z,2025-05-08T20:56:00Z,target,within_minute_not_exact_tick,99820.98142975787,102611.33714048429,2.0,1.8624068365789435
113,2815020.0,2818036.0,1.0,0.417,102597.40000000001,104634.5,21.3915579,21.816293249999998,20.80508274288337,849.4706999999963,785.457766107113,9359.798100747694,2.0,8574.340334640583,4.989668491132195,1746919020.0,2025-05-08T21:00:00Z,2025-05-08T21:00:00Z,2025-05-10T23:16:00Z,2025-05-10T23:17:00Z,target,within_minute_not_exact_tick,101568.35750275302,104655.484994494,2.0,1.8304314644769826
114,2818080.0,2818109.0,1.0,0.446,104809.8,104032.5,23.372585400000002,23.199247500000002,4.6735894,-346.6758000000013,-397.9212223000013,8961.876878447692,1.0,9359.798100747694,4.994249907619891,1746923400.0,2025-05-11T00:00:00Z,2025-05-11T00:00:00Z,2025-05-11T00:29:00Z,2025-05-11T00:30:00Z,stop,within_minute_not_exact_tick,104053.35625821055,106322.6874835789,2.0,-1.1794664965955102
115,2829600.0,2829643.0,1.0,0.421,106428.8,105376.6,22.4032624,22.1817743,2.6835794470048113,-442.97619999999876,-490.2448161470036,8471.63206230069,1.0,8961.876878447692,4.999680915920041,1747615440.0,2025-05-19T00:00:00Z,2025-05-19T00:00:00Z,2025-05-19T00:43:00Z,2025-05-19T00:44:00Z,stop,within_minute_not_exact_tick,105397.69675876068,108491.00648247865,2.0,-1.1293505358146783
116,2834160.0,2836064.0,1.0,0.275,111778.3,110066.8,15.369516250000002,15.134185000000002,11.184048634833584,-470.6625,-512.3502498848336,7959.2818124158575,1.0,8471.63206230069,3.6284664246445124,1748000700.0,2025-05-22T04:00:00Z,2025-05-22T04:00:00Z,2025-05-23T11:44:00Z,2025-05-23T11:45:00Z,stop,within_minute_not_exact_tick,110088.8739342067,115157.15213158661,2.0,-1.1027957100260442
117,2860560.0,2860673.0,1.0,0.369,107729.40000000001,107061.0,19.8760743,19.752754499999998,0.0,-246.6396000000032,-286.26842880000316,7673.013383615854,1.0,7959.2818124158575,4.994439138715977,1749477240.0,2025-06-09T12:00:00Z,2025-06-09T12:00:00Z,2025-06-09T13:53:00Z,2025-06-09T13:54:00Z,stop,within_minute_not_exact_tick,107082.4288702579,109023.34225948423,2.0,-1.1991187308609146
118,2860920.0,2861126.0,1.0,0.354,108304.40000000001,109840.6,19.169878800000003,19.4417862,0.0,543.814799999999,505.20313499999895,8178.216518615853,2.0,7673.013383615854,4.996701515191762,1749504420.0,2025-06-09T18:00:00Z,2025-06-09T18:00:00Z,2025-06-09T21:26:00Z,2025-06-09T21:27:00Z,target,within_minute_not_exact_tick,107525.27269247231,109862.65461505539,2.0,1.8317000138636124
119,2861160.0,2861745.0,1.0,0.371,109957.90000000001,109058.5,20.397190450000004,20.230351749999997,2.6066186743659996,-333.6774000000032,-376.91156087436923,7801.304957741483,1.0,8178.216518615853,4.9881756990831505,1749541560.0,2025-06-09T22:00:00Z,2025-06-09T22:00:00Z,2025-06-10T07:45:00Z,2025-06-10T07:46:00Z,stop,within_minute_not_exact_tick,109080.40660791093,111712.88678417816,2.0,-1.1577684065829201
120,2871060.0,2871284.0,1.0,0.36,108228.8,107473.6,19.481184000000002,19.345248,0.0,-271.87199999999893,-310.69843199999895,7490.606525741484,1.0,7801.304957741483,4.994339820203594,1750113900.0,2025-06-16T19:00:00Z,2025-06-16T19:00:00Z,2025-06-16T22:44:00Z,2025-06-16T22:45:00Z,stop,within_minute_not_exact_tick,107495.14080157918,109696.11839684164,2.0,-1.1763652685847747
121,2882460.0,2886780.0,1.0,0.352,106181.3,107397.20000000001,18.687908800000002,18.9019072,4.347703617532064,427.996800000003,386.05928038247094,7876.665806123956,4.0,7490.606525741484,4.989691752137552,1751043600.0,2025-06-24T17:00:00Z,2025-06-24T17:00:00Z,2025-06-27T17:00:00Z,2025-06-27T17:00:00Z,timeout,simulated_bar_open_or_final_close,105103.94628469746,108336.00743060508,2.0,1.0180122866707637
122,2893980.0,2894542.0,1.0,0.36,109388.90000000001,108616.0,19.690002,19.550880000000003,1.90787328,-278.24400000000315,-319.39275528000314,7557.273050843953,1.0,7876.665806123956,4.999577863184547,1751509380.0,2025-07-02T17:00:00Z,2025-07-02T17:00:00Z,2025-07-03T02:22:00Z,2025-07-03T02:23:00Z,stop,within_minute_not_exact_tick,108637.73637182036,110891.2272563593,2.0,-1.181103643356684
123,2895000.0,2895156.0,1.0,0.343,109916.6,109180.1,18.850696900000003,18.724387150000002,0.0,-252.61950000000002,-290.19458405,7267.078466793952,1.0,7557.273050843953,4.988756333978131,1751546220.0,2025-07-03T10:00:00Z,2025-07-03T10:00:00Z,2025-07-03T12:36:00Z,2025-07-03T12:37:00Z,stop,within_minute_not_exact_tick,109201.97530363193,111345.84939273616,2.0,-1.1839058379872087
124,2904240.0,2904265.0,1.0,0.325,111741.20000000001,110921.3,18.157945000000005,18.02471125,0.0,-266.4675000000029,-302.65015625000285,6964.42831054395,1.0,7267.078466793952,4.997316344655026,1752092760.0,2025-07-09T20:00:00Z,2025-07-09T20:00:00Z,2025-07-09T20:25:00Z,2025-07-09T20:26:00Z,stop,within_minute_not_exact_tick,110943.54424422773,113336.51151154458,2.0,-1.1674600769330632
125,2905500.0,2905757.0,1.0,0.309,112619.0,114089.6,17.399635500000002,17.6268432,0.0,454.4154000000018,419.3889213000018,7383.817231843952,2.0,6964.42831054395,4.996716090438446,1752182280.0,2025-07-10T17:00:00Z,2025-07-10T17:00:00Z,2025-07-10T21:17:00Z,2025-07-10T21:18:00Z,target,within_minute_not_exact_tick,111872.24421986258,114112.51156027484,2.0,1.8175228583436571
126,2905800.0,2905943.0,1.0,0.316,116482.8,115311.20000000001,18.4042824,18.2191696,3.66494272,-370.22559999999726,-410.51399471999724,6973.303237123955,1.0,7383.817231843952,4.985031948144231,1752193440.0,2025-07-10T22:00:00Z,2025-07-10T22:00:00Z,2025-07-11T00:23:00Z,2025-07-11T00:24:00Z,stop,within_minute_not_exact_tick,115334.32245489002,118779.75509021996,2.0,-1.1311452501020267
127,2906280.0,2906887.0,1.0,0.295,117843.3,116643.8,17.38188675,17.204960500000002,6.915396528478325,-353.85249999999996,-395.3547437784783,6577.948493345477,1.0,6973.303237123955,4.985266281685155,1752250080.0,2025-07-11T06:00:00Z,2025-07-11T06:00:00Z,2025-07-11T16:07:00Z,2025-07-11T16:08:00Z,stop,within_minute_not_exact_tick,116667.22117758922,120195.45764482157,2.0,-1.1395372032830746
128,2909580.0,2909658.0,1.0,0.277,118405.8,119482.20000000001,16.3992033,16.548284700000004,0.0,298.16280000000245,265.2153120000024,6843.163805345479,2.0,6577.948493345477,4.986114840087334,1752416340.0,2025-07-13T13:00:00Z,2025-07-13T13:00:00Z,2025-07-13T14:18:00Z,2025-07-13T14:19:00Z,target,within_minute_not_exact_tick,117855.64240900926,119506.1151819815,2.0,1.7403304356407794
129,2910600.0,2910924.0,1.0,0.279,122471.90000000001,121371.5,17.084830050000004,16.931324250000003,3.423974490000001,-307.0116000000025,-344.45172879000245,6498.712076555476,1.0,6843.163805345479,4.993254738883888,1752492300.0,2025-07-14T06:00:00Z,2025-07-14T06:00:00Z,2025-07-14T11:24:00Z,2025-07-14T11:25:00Z,stop,within_minute_not_exact_tick,121395.87630818252,124623.94738363501,2.0,-1.1473669393976564
130,2946000.0,2946547.0,1.0,0.276,117431.0,116571.6,16.205478000000003,16.086880800000003,0.778761654372,-237.1943999999984,-270.2655204543704,6228.446556101107,1.0,6498.712076555476,4.987289114857791,1754629680.0,2025-08-07T20:00:00Z,2025-08-07T20:00:00Z,2025-08-08T05:07:00Z,2025-08-08T05:08:00Z,stop,within_minute_not_exact_tick,116594.96768541755,119103.0646291649,2.0,-1.1712739844105866
131,2950020.0,2950338.0,1.0,0.262,118773.1,118048.6,15.559276100000002,15.464366600000002,3.11185781511,-189.81900000000002,-223.95450051511003,6004.492055585997,1.0,6228.446556101107,4.99619799571334,1754857140.0,2025-08-10T15:00:00Z,2025-08-10T15:00:00Z,2025-08-10T20:18:00Z,2025-08-10T20:19:00Z,stop,within_minute_not_exact_tick,118072.22800012973,120174.84399974055,2.0,-1.2196066757741992
132,2950560.0,2950681.0,1.0,0.251,119279.20000000001,120628.40000000001,14.969539600000003,15.138864200000002,2.99330803,338.64919999999927,305.54748816999927,6310.039543755997,2.0,6004.492055585997,4.986113550129121,1754877720.0,2025-08-11T00:00:00Z,2025-08-11T00:00:00Z,2025-08-11T02:01:00Z,2025-08-11T02:02:00Z,target,within_minute_not_exact_tick,118592.51655768654,120652.56688462694,2.0,1.7727537828767088
133,2950740.0,2951217.0,1.0,0.258,121861.90000000001,120954.8,15.720185100000002,15.6031692,3.135563840086878,-234.0318000000015,-268.4907181400884,6041.54882561591,1.0,6310.039543755997,4.982594797066104,1754909880.0,2025-08-11T03:00:00Z,2025-08-11T03:00:00Z,2025-08-11T10:57:00Z,2025-08-11T10:58:00Z,stop,within_minute_not_exact_tick,120978.99794583357,123627.70410833288,2.0,-1.1786830637741594
134,2954640.0,2955255.0,1.0,0.246,122744.6,121619.0,15.097585800000001,14.959137,3.0337704,-276.89760000000143,-309.9880932000014,5731.560732415908,1.0,6041.54882561591,4.997918989245566,1755152160.0,2025-08-13T20:00:00Z,2025-08-13T20:00:00Z,2025-08-14T06:15:00Z,2025-08-14T06:16:00Z,stop,within_minute_not_exact_tick,121643.38770279041,124947.02459441918,2.0,-1.14429724694599
135,2983080.0,2985964.0,1.0,0.257,111135.70000000001,109976.6,14.280937450000001,14.131993100000003,5.9310314116186404,-297.8887000000015,-332.2326619616201,5399.328070454288,1.0,5731.560732415908,4.983263064537204,1756994700.0,2025-09-02T14:00:00Z,2025-09-02T14:00:00Z,2025-09-04T14:04:00Z,2025-09-04T14:05:00Z,stop,within_minute_not_exact_tick,109998.63469184157,113409.83061631692,2.0,-1.1369039965958867
136,2987340.0,2987411.0,1.0,0.23800000000000002,113181.70000000001,112291.1,13.468622300000003,13.362640900000002,0.0,-211.9628000000014,-238.7940632000014,5160.534007254287,1.0,5399.328070454288,4.988999417798587,1757081520.0,2025-09-05T13:00:00Z,2025-09-05T13:00:00Z,2025-09-05T14:11:00Z,2025-09-05T14:12:00Z,stop,within_minute_not_exact_tick,112313.64267297937,114917.81465404129,2.0,-1.1558411740428205
137,3021120.0,3021278.0,1.0,0.23,112142.20000000001,111608.90000000001,12.896353000000003,12.835023500000002,0.59620718496,-122.65900000000067,-148.9865836849607,5011.547423569326,1.0,5160.534007254287,4.998069185038327,1759113540.0,2025-09-29T00:00:00Z,2025-09-29T00:00:00Z,2025-09-29T02:38:00Z,2025-09-29T02:39:00Z,stop,within_minute_not_exact_tick,111631.259747711,113164.08050457806,2.0,-1.2677955049538403
138,3021960.0,3022609.0,1.0,0.221,113190.8,114426.40000000001,12.5075834,12.6441172,0.6022196953663222,273.0676000000013,247.31367970463495,5258.861103273962,2.0,5011.547423569326,4.991505554223347,1759193400.0,2025-09-29T14:00:00Z,2025-09-29T14:00:00Z,2025-09-30T00:49:00Z,2025-09-30T00:50:00Z,target,within_minute_not_exact_tick,112561.52303039153,114449.35393921695,2.0,1.778336850145873
139,3022620.0,3022915.0,1.0,0.229,114488.70000000001,113800.8,13.108956150000003,13.0301916,0.0,-157.52910000000202,-183.66824775000202,5075.192855523959,1.0,5258.861103273962,4.985473429537387,1759211760.0,2025-09-30T01:00:00Z,2025-09-30T01:00:00Z,2025-09-30T05:55:00Z,2025-09-30T05:56:00Z,stop,within_minute_not_exact_tick,113823.56635629834,115818.96728740337,2.0,-1.2058399956080699
140,3024540.0,3024987.0,1.0,0.218,116083.70000000001,117786.70000000001,12.6531233,12.838750300000001,2.558601359998576,371.254,343.2035250400014,5418.396380563961,2.0,5075.192855523959,4.986263048596486,1759336080.0,2025-10-01T09:00:00Z,2025-10-01T09:00:00Z,2025-10-01T16:27:00Z,2025-10-01T16:28:00Z,target,within_minute_not_exact_tick,115220.40657411543,117810.28685176917,2.0,1.8236303547668373
141,3025440.0,3026573.0,1.0,0.228,118575.8,120320.6,13.5176412,13.716548400000002,7.412830198209001,397.81440000000066,363.1673802017916,5781.563760765753,2.0,5418.396380563961,4.989535741050029,1759431240.0,2025-10-02T00:00:00Z,2025-10-02T00:00:00Z,2025-10-02T18:53:00Z,2025-10-02T18:54:00Z,target,within_minute_not_exact_tick,117691.34378389812,120344.71243220376,2.0,1.800925085777779
142,3026580.0,3027370.0,1.0,0.23900000000000002,120485.70000000001,119512.40000000001,14.398041150000003,14.281731800000001,5.717112747282,-232.6187000000007,-267.0155856972827,5514.54817506847,1.0,5781.563760765753,4.980673653625164,1759479060.0,2025-10-02T19:00:00Z,2025-10-02T19:00:00Z,2025-10-03T08:10:00Z,2025-10-03T08:11:00Z,stop,within_minute_not_exact_tick,119536.4001990399,122384.29960192024,2.0,-1.1768885053047091
143,3027840.0,3029914.0,1.0,0.225,122263.0,124077.3,13.7545875,13.958696250000001,12.908047964912178,408.21750000000065,367.5961682850885,5882.144343353559,2.0,5514.54817506847,4.988473058295195,1759631700.0,2025-10-03T16:00:00Z,2025-10-03T16:00:00Z,2025-10-05T02:34:00Z,2025-10-05T02:35:00Z,target,within_minute_not_exact_tick,121343.42579582155,124102.14840835692,2.0,1.7766491714426815
144,3029940.0,3030048.0,1.0,0.23700000000000002,124037.1,125506.20000000001,14.698396350000001,14.872484700000003,0.0,348.1767000000014,318.6058189500014,6200.7501623035605,2.0,5882.144343353559,4.997631983175739,1759639740.0,2025-10-05T03:00:00Z,2025-10-05T03:00:00Z,2025-10-05T04:48:00Z,2025-10-05T04:49:00Z,target,within_minute_not_exact_tick,123289.98787617958,125531.32424764085,2.0,1.7993662626242402
145,3030060.0,3030321.0,1.0,0.247,125192.5,124235.70000000001,15.46127375,15.343108950000001,3.0799047500000003,-236.32959999999713,-270.2138874499972,5930.536274853563,1.0,6200.7501623035605,4.986904276193635,1759656120.0,2025-10-05T05:00:00Z,2025-10-05T05:00:00Z,2025-10-05T09:21:00Z,2025-10-05T09:22:00Z,stop,within_minute_not_exact_tick,124260.64870037476,127056.20259925048,2.0,-1.173989187373511
146,3051720.0,3052417.0,1.0,0.267,110995.90000000001,109904.8,14.817952650000004,14.6722908,-0.20268110810749906,-291.32370000000157,-320.611262341894,5609.925012511669,1.0,5930.536274853563,4.997171238233726,1760981880.0,2025-10-20T06:00:00Z,2025-10-20T06:00:00Z,2025-10-20T17:37:00Z,2025-10-20T17:38:00Z,stop,within_minute_not_exact_tick,109926.82064856053,113134.05870287896,2.0,-1.1232012320782097
147,3053760.0,3053838.0,1.0,0.20400000000000001,113377.90000000001,111872.40000000001,11.564545800000001,11.410984800000001,0.0,-307.122,-330.0975306,5279.827481911669,1.0,5609.925012511669,4.122887836899031,1761067140.0,2025-10-21T16:00:00Z,2025-10-21T16:00:00Z,2025-10-21T17:18:00Z,2025-10-21T17:19:00Z,stop,within_minute_not_exact_tick,111894.79958671624,116344.10082656756,2.0,-1.0910422082731825
148,3061380.0,3061865.0,1.0,0.23,114654.70000000001,116202.0,13.185290500000002,13.363230000000001,2.6335940676666505,355.87899999999735,326.6968854323307,5606.524367344,2.0,5279.827481911669,4.994591412379255,1761548760.0,2025-10-26T23:00:00Z,2025-10-26T23:00:00Z,2025-10-27T07:05:00Z,2025-10-27T07:06:00Z,target,within_minute_not_exact_tick,113869.40276325546,116225.29447348909,2.0,1.8087689279265826
149,3105780.0,3108347.0,1.0,0.263,90121.6,92401.1,11.8509904,12.15074465,2.926953196479208,599.5085,572.5798117535209,6179.104179097521,2.0,5606.524367344,4.227571173694627,1764337680.0,2025-11-26T19:00:00Z,2025-11-26T19:00:00Z,2025-11-28T13:47:00Z,2025-11-28T13:48:00Z,target,within_minute_not_exact_tick,88972.5594822155,92419.68103556901,2.0,1.8947195653216482
150,3108360.0,3108502.0,1.0,0.334,92347.70000000001,91483.1,15.422065900000003,15.277677700000002,-0.525065044154249,-288.77640000000196,-318.95107855584774,5860.153100541673,1.0,6179.104179097521,4.991683406850229,1764346980.0,2025-11-28T14:00:00Z,2025-11-28T14:00:00Z,2025-11-28T16:22:00Z,2025-11-28T16:23:00Z,stop,within_minute_not_exact_tick,91501.41677260985,94040.26645478031,2.0,-1.1283968747845166
151,3114900.0,3117312.0,1.0,0.252,92802.70000000001,91521.40000000001,11.693140200000002,11.531696400000001,3.3557834351328713,-322.88760000000076,-349.46822003513364,5510.68488050654,1.0,5860.153100541673,3.9907285695041543,1764875580.0,2025-12-03T03:00:00Z,2025-12-03T03:00:00Z,2025-12-04T19:12:00Z,2025-12-04T19:13:00Z,stop,within_minute_not_exact_tick,91539.80633452929,95328.48733094145,2.0,-1.098096133387583
152,3124380.0,3124583.0,1.0,0.257,94165.8,92993.90000000001,12.1003053,11.949716150000002,0.0,-301.1782999999985,-325.22832144999853,5185.456559056542,1.0,5510.68488050654,4.391579472382294,1765311840.0,2025-12-09T17:00:00Z,2025-12-09T17:00:00Z,2025-12-09T20:23:00Z,2025-12-09T20:24:00Z,stop,within_minute_not_exact_tick,93012.5196511886,96472.3606976228,2.0,-1.097287273908925
153,3152400.0,3152588.0,1.0,0.28700000000000003,90109.6,89540.8,12.930727600000003,12.849104800000003,0.0,-163.24560000000085,-189.02543240000085,4996.431126656541,1.0,5185.456559056542,4.987305342445163,1766992140.0,2025-12-29T04:00:00Z,2025-12-29T04:00:00Z,2025-12-29T07:08:00Z,2025-12-29T07:09:00Z,stop,within_minute_not_exact_tick,89558.74139983873,91211.31720032255,2.0,-1.1956338701205396
154,3162300.0,3163126.0,1.0,0.27,92386.5,93424.0,12.472177500000003,12.612240000000002,1.3060834733891282,280.125,253.73449902661088,5250.165625683152,2.0,4996.431126656541,4.992434473262119,1767624420.0,2026-01-05T01:00:00Z,2026-01-05T01:00:00Z,2026-01-05T14:46:00Z,2026-01-05T14:47:00Z,target,within_minute_not_exact_tick,91858.39676008244,93442.70647983512,2.0,1.7794956227667915
155,3163140.0,3164674.0,1.0,0.281,93408.6,92699.8,13.123908300000004,13.0243219,3.120732659892471,-199.17280000000085,-228.44176285989332,5021.723862823259,1.0,5250.165625683152,4.999426393635846,1767717300.0,2026-01-05T15:00:00Z,2026-01-05T15:00:00Z,2026-01-06T16:34:00Z,2026-01-06T16:35:00Z,stop,within_minute_not_exact_tick,92718.37101361304,94789.05797277394,2.0,-1.1778120394987048
156,3175140.0,3175570.0,1.0,0.25,95749.6,94664.3,11.9687,11.833037500000001,0.030758501999999997,-271.3250000000007,-295.15749600200076,4726.566366821258,1.0,5021.723862823259,4.7667694707813295,1768371060.0,2026-01-13T23:00:00Z,2026-01-13T23:00:00Z,2026-01-14T06:10:00Z,2026-01-14T06:11:00Z,stop,within_minute_not_exact_tick,94683.26614044202,97882.26771911597,2.0,-1.1071860594367657
157,3176220.0,3176325.0,1.0,0.243,97251.6,96221.8,11.8160694,11.690948700000002,0.0,-250.2414000000007,-273.74841810000066,4452.817948721257,1.0,4726.566366821258,4.99985337472226,1768416360.0,2026-01-14T17:00:00Z,2026-01-14T17:00:00Z,2026-01-14T18:45:00Z,2026-01-14T18:46:00Z,stop,within_minute_not_exact_tick,96241.09887474787,99272.60225050426,2.0,-1.1148297333354473
158,3220380.0,3222089.0,1.0,0.319,69721.3,69016.7,11.12054735,11.00816365,0.12688513184600003,-224.76740000000186,-247.02299613184786,4205.79495258941,1.0,4452.817948721257,4.99483584465588,1771162200.0,2026-02-14T09:00:00Z,2026-02-14T09:00:00Z,2026-02-15T13:29:00Z,2026-02-15T13:30:00Z,stop,within_minute_not_exact_tick,69030.54944392419,71102.80111215163,2.0,-1.1210512278603395
159,3236760.0,3237102.0,1.0,0.23600000000000002,68639.40000000001,67657.2,8.099449200000002,7.983549600000001,0.0,-231.79920000000277,-247.88219880000278,3957.9127537894074,1.0,4205.79495258941,3.851566370354484,1772062980.0,2026-02-25T18:00:00Z,2026-02-25T18:00:00Z,2026-02-25T23:42:00Z,2026-02-25T23:43:00Z,stop,within_minute_not_exact_tick,67670.81951904016,70576.56096191972,2.0,-1.084420263104131
160,3243840.0,3244693.0,1.0,0.167,69103.0,67772.6,5.770100500000001,5.659012100000001,-0.021371215116,-222.17679999999905,-233.58454138488307,3724.328212404524,1.0,3957.9127537894074,2.9157290010880397,1772518440.0,2026-03-02T16:00:00Z,2026-03-02T16:00:00Z,2026-03-03T06:13:00Z,2026-03-03T06:14:00Z,stop,within_minute_not_exact_tick,67786.17478971559,71736.65042056883,2.0,-1.062183361715787
161,3246300.0,3246793.0,1.0,0.16,71007.90000000001,73582.8,5.680632000000001,5.886624000000001,0.549559416,411.98399999999907,399.86718458399906,4124.195396988523,2.0,3724.328212404524,3.0505539125577954,1772644440.0,2026-03-04T09:00:00Z,2026-03-04T09:00:00Z,2026-03-04T17:13:00Z,2026-03-04T17:14:00Z,target,within_minute_not_exact_tick,69713.07071283692,73597.55857432616,2.0,1.930115366115621
162,3254940.0,3255241.0,1.0,0.219,70665.1,69620.8,7.737828450000001,7.6234776,0.0,-228.70170000000064,-244.06300605000064,3880.132390938522,1.0,4124.195396988523,3.7524063266498695,1773151320.0,2026-03-10T09:00:00Z,2026-03-10T09:00:00Z,2026-03-10T14:01:00Z,2026-03-10T14:02:00Z,stop,within_minute_not_exact_tick,69634.76114492082,72725.77771015836,2.0,-1.0816276067880197
163,3255300.0,3255495.0,1.0,0.16,71450.0,70286.7,5.716,5.622936,0.19828093777399108,-186.12800000000047,-197.6652169377745,3682.4671740007475,1.0,3880.132390938522,2.946291221067032,1773166560.0,2026-03-10T15:00:00Z,2026-03-10T15:00:00Z,2026-03-10T18:15:00Z,2026-03-10T18:16:00Z,stop,within_minute_not_exact_tick,70300.80774992262,73748.38450015477,2.0,-1.0750225697901286
164,3259500.0,3259663.0,1.0,0.225,72749.90000000001,71859.90000000001,8.184363750000001,8.08423875,0.0,-200.25,-216.5186025,3465.948571500747,1.0,3682.4671740007475,4.445043696673745,1773416640.0,2026-03-13T13:00:00Z,2026-03-13T13:00:00Z,2026-03-13T15:43:00Z,2026-03-13T15:44:00Z,stop,within_minute_not_exact_tick,71874.2938030394,74501.11239392124,2.0,-1.0990156343574664
165,3263280.0,3264490.0,1.0,0.222,73554.3,75204.3,8.164527300000001,8.3476773,1.531404799880359,366.3,348.2563906001197,3814.204962100867,2.0,3465.948571500747,4.71128011946512,1773706260.0,2026-03-16T04:00:00Z,2026-03-16T04:00:00Z,2026-03-17T00:10:00Z,2026-03-17T00:11:00Z,target,within_minute_not_exact_tick,72721.75107182223,75219.39785635556,2.0,1.8842405858526923
166,3293280.0,3293841.0,1.0,0.276,69011.7,70017.3,9.5236146,9.662387400000002,2.4040716669551423,277.5456000000016,255.95552633304652,4070.160488433913,2.0,3814.204962100867,4.993761318350542,1775467320.0,2026-04-06T00:00:00Z,2026-04-06T00:00:00Z,2026-04-06T09:21:00Z,2026-04-06T09:22:00Z,target,within_minute_not_exact_tick,68501.88201954192,70031.33596091613,2.0,1.8190317543848742
167,3293880.0,3294124.0,1.0,0.291,69713.40000000001,69103.7,10.143299700000002,10.054588349999998,0.0,-177.42270000000337,-197.62058805000336,3872.5399003839098,1.0,4070.160488433913,4.984225918768558,1775484300.0,2026-04-06T10:00:00Z,2026-04-06T10:00:00Z,2026-04-06T14:04:00Z,2026-04-06T14:05:00Z,stop,within_minute_not_exact_tick,69117.6230753678,70904.95384926442,2.0,-1.1398705151584188
168,3296100.0,3297650.0,1.0,0.23900000000000002,71494.2,70611.40000000001,8.5435569,8.438062300000002,1.9667158998157996,-210.98919999999723,-229.93753509981303,3642.6023652840963,1.0,3872.5399003839098,4.412379017271338,1775695860.0,2026-04-07T23:00:00Z,2026-04-07T23:00:00Z,2026-04-09T00:50:00Z,2026-04-09T00:51:00Z,stop,within_minute_not_exact_tick,70625.58116914019,73231.43766171961,2.0,-1.1075994471211046
169,3304740.0,3306151.0,1.0,0.234,74615.0,73772.1,8.729955,8.631335700000001,-1.4645516857920002,-197.23859999999866,-213.13533901420664,3429.4670262698896,1.0,3642.6023652840963,4.793251705539442,1776205920.0,2026-04-13T23:00:00Z,2026-04-13T23:00:00Z,2026-04-14T22:31:00Z,2026-04-14T22:32:00Z,stop,within_minute_not_exact_tick,73786.88690796425,76271.22618407151,2.0,-1.0998917791202738
170,3309960.0,3311109.0,1.0,0.211,77309.7,76430.3,8.15617335,8.06339665,-4.235956771932107,-185.55339999999876,-197.53701322806663,3231.930013041823,1.0,3429.4670262698896,4.756525307007358,1776503400.0,2026-04-17T14:00:00Z,2026-04-17T14:00:00Z,2026-04-18T09:09:00Z,2026-04-18T09:10:00Z,stop,within_minute_not_exact_tick,76445.60223271139,79037.89553457723,2.0,-1.0834357070798597
171,3333720.0,3334204.0,1.0,0.202,79772.0,79177.0,8.056972,7.9968770000000005,-0.025425338828,-120.19000000000001,-136.218423661172,3095.711589380651,1.0,3231.930013041823,4.985857965666127,1777889100.0,2026-05-04T02:00:00Z,2026-05-04T02:00:00Z,2026-05-04T10:04:00Z,2026-05-04T10:05:00Z,stop,within_minute_not_exact_tick,79192.92707957588,80930.14584084824,2.0,-1.1645314574407906
172,3343620.0,3343700.0,1.0,0.188,82029.70000000001,81436.1,7.710791800000001,7.6549934,0.8957566526479999,-111.5968000000011,-127.85834185264909,2967.8532475280017,1.0,3095.711589380651,4.981595718703676,1778458860.0,2026-05-10T23:00:00Z,2026-05-10T23:00:00Z,2026-05-11T00:20:00Z,2026-05-11T00:21:00Z,stop,within_minute_not_exact_tick,81452.39413789792,83184.31172420419,2.0,-1.1780541437248384
173,3394800.0,3395698.0,1.0,0.224,66205.3,65652.0,7.414993600000001,7.3530240000000004,-0.979177740334599,-123.93920000000065,-137.72803985966607,2830.125207668336,1.0,2967.8532475280017,4.9968734850189325,1781578740.0,2026-06-15T12:00:00Z,2026-06-15T12:00:00Z,2026-06-16T02:58:00Z,2026-06-16T02:59:00Z,stop,within_minute_not_exact_tick,65665.18130948555,67285.53738102893,2.0,-1.1383744565781075
174,3488580.0,3488594.0,1.0,0.214,65908.7,66665.1,7.0522309,7.133165700000001,0.0,161.86960000000187,147.68420340000185,2977.809411068338,2.0,2830.125207668336,4.983688269968906,1787152500.0,2026-08-19T15:00:00Z,2026-08-19T15:00:00Z,2026-08-19T15:14:00Z,2026-08-19T15:15:00Z,target,within_minute_not_exact_tick,65523.784635678676,66678.53072864264,2.0,1.7928956959585383
175,3488640.0,3489607.0,1.0,0.20400000000000001,68537.5,70080.7,6.990825000000001,7.148231400000001,4.187931824076204,314.8127999999994,296.4858117759232,3274.295222844261,2.0,2977.809411068338,4.695280345354223,1787213280.0,2026-08-19T16:00:00Z,2026-08-19T16:00:00Z,2026-08-20T08:07:00Z,2026-08-20T08:08:00Z,target,within_minute_not_exact_tick,67758.84610871677,70094.80778256648,2.0,1.8665055664665362
176,3489660.0,3490578.0,1.0,0.183,71574.90000000001,73497.1,6.54910335,6.724984650000001,1.912028599875352,351.76259999999945,336.5764834001241,3610.8717062443848,2.0,3274.295222844261,4.0003132914270525,1787271540.0,2026-08-20T09:00:00Z,2026-08-20T09:00:00Z,2026-08-21T00:18:00Z,2026-08-21T00:19:00Z,target,within_minute_not_exact_tick,70606.44099404717,73511.81801190568,2.0,1.899115755008428
177,3490620.0,3490668.0,1.0,0.203,73696.90000000001,75608.1,7.480235350000002,7.674222150000001,0.0,387.9735999999994,372.81914249999943,3983.6908487443843,2.0,3610.8717062443848,4.143174257376253,1787276940.0,2026-08-21T01:00:00Z,2026-08-21T01:00:00Z,2026-08-21T01:48:00Z,2026-08-21T01:49:00Z,target,within_minute_not_exact_tick,72733.69698534226,75623.3060293155,2.0,1.9067086294913338
178,3490680.0,3491066.0,1.0,0.198,75118.40000000001,77300.3,7.436721600000001,7.652729700000001,0.8785632865137554,432.0161999999989,416.0481854134851,4399.739034157869,2.0,3983.6908487443843,3.7335836953030497,1787300820.0,2026-08-21T02:00:00Z,2026-08-21T02:00:00Z,2026-08-21T08:26:00Z,2026-08-21T08:27:00Z,target,within_minute_not_exact_tick,74019.67922940782,77315.84154118437,2.0,1.9124544815437852
179,3491100.0,3491103.0,1.0,0.18,79284.8,77918.3,7.135632,7.012647,0.0,-245.97,-260.118279,4139.620755157869,1.0,4399.739034157869,3.2436614738291145,1787303040.0,2026-08-21T09:00:00Z,2026-08-21T09:00:00Z,2026-08-21T09:03:00Z,2026-08-21T09:04:00Z,stop,within_minute_not_exact_tick,77933.98395447878,81986.43209104244,2.0,-1.0697989225042124
