date,equity
2021-09-01,100000.0
2021-09-02,100000.0
2021-09-03,100000.0
2021-09-04,100000.0
2021-09-05,100000.0
2021-09-06,100000.0
2021-09-07,100000.0
2021-09-08,100000.0
2021-09-09,100000.0
2021-09-10,99830.5369783053
2021-09-11,99830.5369783053
2021-09-12,99830.5369783053
2021-09-13,99830.5369783053
2021-09-14,99830.5369783053
2021-09-15,99830.5369783053
2021-09-16,99830.5369783053
2021-09-17,99830.5369783053
2021-09-18,99830.5369783053
2021-09-19,99830.5369783053
2021-09-20,99830.5369783053
2021-09-21,99830.5369783053
2021-09-22,99830.5369783053
2021-09-23,99830.5369783053
2021-09-24,99830.5369783053
2021-09-25,99830.5369783053
2021-09-26,99830.5369783053
2021-09-27,99830.5369783053
2021-09-28,99467.65712659113
2021-09-29,99467.65712659113
2021-09-30,99467.65712659113
2021-10-01,99467.65712659113
2021-10-02,99467.65712659113
2021-10-03,99467.65712659113
2021-10-04,99467.65712659113
2021-10-05,99467.65712659113
2021-10-06,99465.90746455418
2021-10-07,99465.90746455418
2021-10-08,99465.90746455418
2021-10-09,99465.90746455418
2021-10-10,99465.90746455418
2021-10-11,99465.90746455418
2021-10-12,99465.90746455418
2021-10-13,99465.90746455418
2021-10-14,99465.90746455418
2021-10-15,99465.90746455418
2021-10-16,99465.90746455418
2021-10-17,99465.90746455418
2021-10-18,99465.90746455418
2021-10-19,99465.90746455418
2021-10-20,99465.90746455418
2021-10-21,99465.90746455418
2021-10-22,99465.90746455418
2021-10-23,99465.90746455418
2021-10-24,99465.90746455418
2021-10-25,99465.90746455418
2021-10-26,99465.90746455418
2021-10-27,99465.90746455418
2021-10-28,99465.90746455418
2021-10-29,99465.90746455418
2021-10-30,99465.90746455418
2021-10-31,99465.90746455418
2021-11-01,99465.90746455418
2021-11-02,99465.90746455418
2021-11-03,99465.90746455418
2021-11-04,99465.90746455418
2021-11-05,99465.90746455418
2021-11-06,99465.90746455418
2021-11-07,99465.90746455418
2021-11-08,99465.90746455418
2021-11-09,99465.90746455418
2021-11-10,99465.90746455418
2021-11-11,99465.90746455418
2021-11-12,99465.90746455418
2021-11-13,99465.90746455418
2021-11-14,99465.90746455418
2021-11-15,99465.90746455418
2021-11-16,99465.90746455418
2021-11-17,99465.90746455418
2021-11-18,99465.90746455418
2021-11-19,99465.90746455418
2021-11-20,99465.90746455418
2021-11-21,99465.90746455418
2021-11-22,99465.90746455418
2021-11-23,99465.90746455418
2021-11-24,99465.90746455418
2021-11-25,99465.90746455418
2021-11-26,99465.90746455418
2021-11-27,99465.90746455418
2021-11-28,99465.90746455418
2021-11-29,99465.90746455418
2021-11-30,99469.35024548305
2021-12-01,99469.35024548305
2021-12-02,99469.35024548305
2021-12-03,99973.40341439618
2021-12-04,99973.40341439618
2021-12-05,99973.40341439618
2021-12-06,99973.40341439618
2021-12-07,99973.40341439618
2021-12-08,99973.40341439618
2021-12-09,99973.40341439618
2021-12-10,99973.40341439618
2021-12-11,99973.40341439618
2021-12-12,99973.40341439618
2021-12-13,99973.40341439618
2021-12-14,99973.40341439618
2021-12-15,99973.40341439618
2021-12-16,99771.55899836814
2021-12-17,99771.55899836814
2021-12-18,99771.55899836814
2021-12-19,99771.55899836814
2021-12-20,99771.55899836814
2021-12-21,99771.55899836814
2021-12-22,99771.55899836814
2021-12-23,99771.55899836814
2021-12-24,99771.55899836814
2021-12-25,99771.55899836814
2021-12-26,99771.55899836814
2021-12-27,99771.55899836814
2021-12-28,99771.55899836814
2021-12-29,99771.55899836814
2021-12-30,99771.55899836814
2021-12-31,99771.55899836814
2022-01-01,99771.55899836814
2022-01-02,99771.55899836814
2022-01-03,99771.55899836814
2022-01-04,99771.55899836814
2022-01-05,98296.65172135278
2022-01-06,98296.65172135278
2022-01-07,98296.65172135278
2022-01-08,98296.65172135278
2022-01-09,98296.65172135278
2022-01-10,100119.05034313373
2022-01-11,100119.05034313373
2022-01-12,100119.05034313373
2022-01-13,99149.67019537058
2022-01-14,99149.67019537058
2022-01-15,99149.67019537058
2022-01-16,99149.67019537058
2022-01-17,99149.67019537058
2022-01-18,99149.67019537058
2022-01-19,99149.67019537058
2022-01-20,99149.67019537058
2022-01-21,99149.67019537058
2022-01-22,99149.67019537058
2022-01-23,99149.67019537058
2022-01-24,99134.65772871689
2022-01-25,99134.65772871689
2022-01-26,99134.65772871689
2022-01-27,99134.65772871689
2022-01-28,98894.97696936135
2022-01-29,98894.97696936135
2022-01-30,98894.97696936135
2022-01-31,98626.90136922883
2022-02-01,98626.90136922883
2022-02-02,98626.90136922883
2022-02-03,98626.90136922883
2022-02-04,98626.90136922883
2022-02-05,98626.90136922883
2022-02-06,98626.90136922883
2022-02-07,98626.90136922883
2022-02-08,98626.90136922883
2022-02-09,98626.90136922883
2022-02-10,98626.90136922883
2022-02-11,98626.90136922883
2022-02-12,98626.90136922883
2022-02-13,98626.90136922883
2022-02-14,98626.90136922883
2022-02-15,98626.90136922883
2022-02-16,98626.90136922883
2022-02-17,98626.90136922883
2022-02-18,98626.90136922883
2022-02-19,98626.90136922883
2022-02-20,98626.90136922883
2022-02-21,98626.90136922883
2022-02-22,98626.90136922883
2022-02-23,98626.90136922883
2022-02-24,96670.79649060055
2022-02-25,96670.79649060055
2022-02-26,96670.79649060055
2022-02-27,96670.79649060055
2022-02-28,96670.79649060055
2022-03-01,96670.79649060055
2022-03-02,96670.79649060055
2022-03-03,96670.79649060055
2022-03-04,96670.79649060055
2022-03-05,96670.79649060055
2022-03-06,96670.79649060055
2022-03-07,96670.79649060055
2022-03-08,96670.79649060055
2022-03-09,96670.79649060055
2022-03-10,96670.79649060055
2022-03-11,96670.79649060055
2022-03-12,96670.79649060055
2022-03-13,96670.79649060055
2022-03-14,96670.79649060055
2022-03-15,96670.79649060055
2022-03-16,96670.79649060055
2022-03-17,96592.59124005683
2022-03-18,96592.59124005683
2022-03-19,96592.59124005683
2022-03-20,96592.59124005683
2022-03-21,96592.59124005683
2022-03-22,96592.59124005683
2022-03-23,96592.59124005683
2022-03-24,96592.59124005683
2022-03-25,96592.59124005683
2022-03-26,96592.59124005683
2022-03-27,96592.59124005683
2022-03-28,96592.59124005683
2022-03-29,96592.59124005683
2022-03-30,96592.59124005683
2022-03-31,96294.77891784268
2022-04-01,96294.77891784268
2022-04-02,96294.77891784268
2022-04-03,96294.77891784268
2022-04-04,96294.77891784268
2022-04-05,96617.23550830784
2022-04-06,96617.23550830784
2022-04-07,96617.23550830784
2022-04-08,96617.23550830784
2022-04-09,96617.23550830784
2022-04-10,96617.23550830784
2022-04-11,96617.23550830784
2022-04-12,96617.23550830784
2022-04-13,96617.23550830784
2022-04-14,96617.23550830784
2022-04-15,96617.23550830784
2022-04-16,96617.23550830784
2022-04-17,96617.23550830784
2022-04-18,96617.23550830784
2022-04-19,96258.47285564049
2022-04-20,96258.47285564049
2022-04-21,94359.02155977664
2022-04-22,94359.02155977664
2022-04-23,94359.02155977664
2022-04-24,94359.02155977664
2022-04-25,94359.02155977664
2022-04-26,94359.02155977664
2022-04-27,94359.02155977664
2022-04-28,94359.02155977664
2022-04-29,94359.02155977664
2022-04-30,94359.02155977664
2022-05-01,94359.02155977664
2022-05-02,94359.02155977664
2022-05-03,94359.02155977664
2022-05-04,93330.70080818774
2022-05-05,93330.70080818774
2022-05-06,93330.70080818774
2022-05-07,93330.70080818774
2022-05-08,93330.70080818774
2022-05-09,93330.70080818774
2022-05-10,93330.70080818774
2022-05-11,93330.70080818774
2022-05-12,93330.70080818774
2022-05-13,93330.70080818774
2022-05-14,93330.70080818774
2022-05-15,93330.70080818774
2022-05-16,93330.70080818774
2022-05-17,93330.70080818774
2022-05-18,93330.70080818774
2022-05-19,93330.70080818774
2022-05-20,93330.70080818774
2022-05-21,93330.70080818774
2022-05-22,93330.70080818774
2022-05-23,93330.70080818774
2022-05-24,93330.70080818774
2022-05-25,93330.70080818774
2022-05-26,93426.97106178924
2022-05-27,93329.5510881591
2022-05-28,93329.5510881591
2022-05-29,93329.5510881591
2022-05-30,93329.5510881591
2022-05-31,93329.5510881591
2022-06-01,93329.5510881591
2022-06-02,92939.0539443473
2022-06-03,92939.0539443473
2022-06-04,92939.0539443473
2022-06-05,92939.0539443473
2022-06-06,92939.0539443473
2022-06-07,92580.13464348903
2022-06-08,92580.13464348903
2022-06-09,92580.13464348903
2022-06-10,92580.13464348903
2022-06-11,92580.13464348903
2022-06-12,92580.13464348903
2022-06-13,92580.13464348903
2022-06-14,92580.13464348903
2022-06-15,92580.13464348903
2022-06-16,92580.13464348903
2022-06-17,92580.13464348903
2022-06-18,92580.13464348903
2022-06-19,92580.13464348903
2022-06-20,92580.13464348903
2022-06-21,92580.13464348903
2022-06-22,93378.99062819815
2022-06-23,93378.99062819815
2022-06-24,92922.05404347095
2022-06-25,92922.05404347095
2022-06-26,92922.05404347095
2022-06-27,92922.05404347095
2022-06-28,92922.05404347095
2022-06-29,92922.05404347095
2022-06-30,92922.05404347095
2022-07-01,92922.05404347095
2022-07-02,92922.05404347095
2022-07-03,92922.05404347095
2022-07-04,92922.05404347095
2022-07-05,92922.05404347095
2022-07-06,92922.05404347095
2022-07-07,92922.05404347095
2022-07-08,92922.05404347095
2022-07-09,92922.05404347095
2022-07-10,92922.05404347095
2022-07-11,92922.05404347095
2022-07-12,92922.05404347095
2022-07-13,93640.49704916133
2022-07-14,93640.49704916133
2022-07-15,93640.49704916133
2022-07-16,93640.49704916133
2022-07-17,93640.49704916133
2022-07-18,93640.49704916133
2022-07-19,93598.74581582363
2022-07-20,93598.74581582363
2022-07-21,93598.74581582363
2022-07-22,94158.72649333603
2022-07-23,94158.72649333603
2022-07-24,94158.72649333603
2022-07-25,94158.72649333603
2022-07-26,94158.72649333603
2022-07-27,93967.01044396682
2022-07-28,93967.01044396682
2022-07-29,93967.01044396682
2022-07-30,93967.01044396682
2022-07-31,93967.01044396682
2022-08-01,93967.01044396682
2022-08-02,93967.01044396682
2022-08-03,93967.01044396682
2022-08-04,93967.01044396682
2022-08-05,93967.01044396682
2022-08-06,93967.01044396682
2022-08-07,93967.01044396682
2022-08-08,93967.01044396682
2022-08-09,93967.01044396682
2022-08-10,93967.01044396682
2022-08-11,93967.01044396682
2022-08-12,93967.01044396682
2022-08-13,93967.01044396682
2022-08-14,93967.01044396682
2022-08-15,93967.01044396682
2022-08-16,93967.01044396682
2022-08-17,93967.01044396682
2022-08-18,93967.01044396682
2022-08-19,93967.01044396682
2022-08-20,93967.01044396682
2022-08-21,93967.01044396682
2022-08-22,93967.01044396682
2022-08-23,93967.01044396682
2022-08-24,93967.01044396682
2022-08-25,93967.01044396682
2022-08-26,92109.88890540227
2022-08-27,92109.88890540227
2022-08-28,92109.88890540227
2022-08-29,92109.88890540227
2022-08-30,92109.88890540227
2022-08-31,92109.88890540227
2022-09-01,92109.88890540227
2022-09-02,92109.88890540227
2022-09-03,92109.88890540227
2022-09-04,92109.88890540227
2022-09-05,92109.88890540227
2022-09-06,92109.88890540227
2022-09-07,91888.84895668688
2022-09-08,91888.84895668688
2022-09-09,91888.84895668688
2022-09-10,91888.84895668688
2022-09-11,91888.84895668688
2022-09-12,91888.84895668688
2022-09-13,91030.28850049703
2022-09-14,91030.28850049703
2022-09-15,91030.28850049703
2022-09-16,91030.28850049703
2022-09-17,91030.28850049703
2022-09-18,91030.28850049703
2022-09-19,91030.28850049703
2022-09-20,91030.28850049703
2022-09-21,91030.28850049703
2022-09-22,91030.28850049703
2022-09-23,91030.28850049703
2022-09-24,91030.28850049703
2022-09-25,91030.28850049703
2022-09-26,91030.28850049703
2022-09-27,91030.28850049703
2022-09-28,91323.02817186582
2022-09-29,91323.02817186582
2022-09-30,91323.02817186582
2022-10-01,91323.02817186582
2022-10-02,91323.02817186582
2022-10-03,91707.17233091375
2022-10-04,91707.17233091375
2022-10-05,91707.17233091375
2022-10-06,91707.17233091375
2022-10-07,91707.17233091375
2022-10-08,91707.17233091375
2022-10-09,91707.17233091375
2022-10-10,91707.17233091375
2022-10-11,91707.17233091375
2022-10-12,91707.17233091375
2022-10-13,89893.08974251116
2022-10-14,89893.08974251116
2022-10-15,89893.08974251116
2022-10-16,89893.08974251116
2022-10-17,89893.08974251116
2022-10-18,89893.08974251116
2022-10-19,89893.08974251116
2022-10-20,89893.08974251116
2022-10-21,89308.2453609447
2022-10-22,89308.2453609447
2022-10-23,89308.2453609447
2022-10-24,89308.2453609447
2022-10-25,89308.2453609447
2022-10-26,89308.2453609447
2022-10-27,89308.2453609447
2022-10-28,88610.520940296
2022-10-29,88610.520940296
2022-10-30,88610.520940296
2022-10-31,88610.520940296
2022-11-01,88756.61398546703
2022-11-02,87922.61607454001
2022-11-03,87922.61607454001
2022-11-04,87922.61607454001
2022-11-05,87922.61607454001
2022-11-06,87922.61607454001
2022-11-07,87922.61607454001
2022-11-08,87922.61607454001
2022-11-09,87954.78633741273
2022-11-10,87858.5040287216
2022-11-11,87858.5040287216
2022-11-12,87858.5040287216
2022-11-13,87858.5040287216
2022-11-14,87858.5040287216
2022-11-15,88754.61350700617
2022-11-16,88754.61350700617
2022-11-17,88754.61350700617
2022-11-18,88754.61350700617
2022-11-19,88754.61350700617
2022-11-20,88754.61350700617
2022-11-21,88754.61350700617
2022-11-22,88754.61350700617
2022-11-23,88754.61350700617
2022-11-24,88754.61350700617
2022-11-25,88754.61350700617
2022-11-26,88754.61350700617
2022-11-27,88754.61350700617
2022-11-28,88754.61350700617
2022-11-29,88754.61350700617
2022-11-30,88754.61350700617
2022-12-01,88754.61350700617
2022-12-02,88754.61350700617
2022-12-03,88754.61350700617
2022-12-04,88754.61350700617
2022-12-05,88861.28604588349
2022-12-06,88676.25967306679
2022-12-07,88676.25967306679
2022-12-08,88676.25967306679
2022-12-09,88676.25967306679
2022-12-10,88676.25967306679
2022-12-11,88676.25967306679
2022-12-12,88676.25967306679
2022-12-13,88137.88231102975
2022-12-14,88137.88231102975
2022-12-15,88265.13273806029
2022-12-16,88265.13273806029
2022-12-17,88265.13273806029
2022-12-18,88265.13273806029
2022-12-19,88265.13273806029
2022-12-20,88265.13273806029
2022-12-21,88265.13273806029
2022-12-22,88265.13273806029
2022-12-23,88265.13273806029
2022-12-24,88265.13273806029
2022-12-25,88265.13273806029
2022-12-26,88265.13273806029
2022-12-27,88265.13273806029
2022-12-28,88265.13273806029
2022-12-29,88265.13273806029
2022-12-30,88265.13273806029
2022-12-31,88265.13273806029
2023-01-01,88265.13273806029
2023-01-02,88265.13273806029
2023-01-03,88265.13273806029
2023-01-04,88265.13273806029
2023-01-05,88265.13273806029
2023-01-06,88211.54994080815
2023-01-07,88211.54994080815
2023-01-08,88211.54994080815
2023-01-09,88211.54994080815
2023-01-10,88211.54994080815
2023-01-11,88211.54994080815
2023-01-12,88211.54994080815
2023-01-13,88211.54994080815
2023-01-14,88211.54994080815
2023-01-15,88211.54994080815
2023-01-16,88211.54994080815
2023-01-17,88211.54994080815
2023-01-18,87214.52838458767
2023-01-19,87214.52838458767
2023-01-20,86932.36174386136
2023-01-21,86932.36174386136
2023-01-22,86932.36174386136
2023-01-23,86932.36174386136
2023-01-24,86932.36174386136
2023-01-25,86932.36174386136
2023-01-26,86932.36174386136
2023-01-27,86932.36174386136
2023-01-28,86932.36174386136
2023-01-29,86932.36174386136
2023-01-30,86932.36174386136
2023-01-31,86932.36174386136
2023-02-01,86932.36174386136
2023-02-02,86932.36174386136
2023-02-03,86932.36174386136
2023-02-04,86932.36174386136
2023-02-05,86932.36174386136
2023-02-06,86932.36174386136
2023-02-07,86932.36174386136
2023-02-08,86932.36174386136
2023-02-09,86148.32458557018
2023-02-10,86148.32458557018
2023-02-11,86148.32458557018
2023-02-12,86148.32458557018
2023-02-13,86148.32458557018
2023-02-14,86148.32458557018
2023-02-15,86148.32458557018
2023-02-16,86148.32458557018
2023-02-17,86148.32458557018
2023-02-18,86148.32458557018
2023-02-19,86148.32458557018
2023-02-20,86148.32458557018
2023-02-21,86148.32458557018
2023-02-22,86148.32458557018
2023-02-23,86148.32458557018
2023-02-24,86148.32458557018
2023-02-25,86148.32458557018
2023-02-26,86148.32458557018
2023-02-27,86148.32458557018
2023-02-28,86148.32458557018
2023-03-01,86148.32458557018
2023-03-02,86095.45704320693
2023-03-03,86095.45704320693
2023-03-04,86095.45704320693
2023-03-05,86095.45704320693
2023-03-06,86095.45704320693
2023-03-07,85535.18875540824
2023-03-08,85535.18875540824
2023-03-09,85535.18875540824
2023-03-10,85535.18875540824
2023-03-11,85535.18875540824
2023-03-12,85535.18875540824
2023-03-13,86162.70667034808
2023-03-14,86162.70667034808
2023-03-15,86162.70667034808
2023-03-16,85385.15684274155
2023-03-17,85385.15684274155
2023-03-18,85385.15684274155
2023-03-19,85385.15684274155
2023-03-20,85385.15684274155
2023-03-21,85385.15684274155
2023-03-22,84939.27641870601
2023-03-23,84939.27641870601
2023-03-24,84939.27641870601
2023-03-25,84939.27641870601
2023-03-26,84939.27641870601
2023-03-27,84939.27641870601
2023-03-28,84939.27641870601
2023-03-29,84939.27641870601
2023-03-30,84939.27641870601
2023-03-31,84939.27641870601
2023-04-01,84939.27641870601
2023-04-02,84939.27641870601
2023-04-03,84939.27641870601
2023-04-04,84939.27641870601
2023-04-05,84939.27641870601
2023-04-06,84939.27641870601
2023-04-07,84939.27641870601
2023-04-08,84939.27641870601
2023-04-09,84939.27641870601
2023-04-10,84939.27641870601
2023-04-11,84939.27641870601
2023-04-12,84939.27641870601
2023-04-13,84939.27641870601
2023-04-14,84939.27641870601
2023-04-15,84939.27641870601
2023-04-16,84939.27641870601
2023-04-17,84939.27641870601
2023-04-18,84939.27641870601
2023-04-19,84939.27641870601
2023-04-20,84939.27641870601
2023-04-21,84939.27641870601
2023-04-22,84939.27641870601
2023-04-23,84939.27641870601
2023-04-24,84939.27641870601
2023-04-25,84820.97112274855
2023-04-26,84820.97112274855
2023-04-27,84820.97112274855
2023-04-28,84820.97112274855
2023-04-29,84820.97112274855
2023-04-30,84820.97112274855
2023-05-01,84820.97112274855
2023-05-02,84854.1305035585
2023-05-03,84854.1305035585
2023-05-04,84854.1305035585
2023-05-05,84854.1305035585
2023-05-06,84854.1305035585
2023-05-07,84854.1305035585
2023-05-08,84854.1305035585
2023-05-09,84854.1305035585
2023-05-10,86056.76136447983
2023-05-11,86056.76136447983
2023-05-12,86056.76136447983
2023-05-13,86056.76136447983
2023-05-14,86056.76136447983
2023-05-15,86056.76136447983
2023-05-16,86056.76136447983
2023-05-17,86056.76136447983
2023-05-18,86056.76136447983
2023-05-19,86056.76136447983
2023-05-20,86056.76136447983
2023-05-21,86056.76136447983
2023-05-22,86056.76136447983
2023-05-23,86056.76136447983
2023-05-24,86056.76136447983
2023-05-25,86056.76136447983
2023-05-26,86056.76136447983
2023-05-27,86056.76136447983
2023-05-28,86056.76136447983
2023-05-29,86056.76136447983
2023-05-30,86056.76136447983
2023-05-31,86056.76136447983
2023-06-01,86056.76136447983
2023-06-02,86056.76136447983
2023-06-03,86056.76136447983
2023-06-04,86056.76136447983
2023-06-05,86056.76136447983
2023-06-06,86056.76136447983
2023-06-07,86056.76136447983
2023-06-08,86056.76136447983
2023-06-09,86056.76136447983
2023-06-10,86056.76136447983
2023-06-11,86056.76136447983
2023-06-12,86056.76136447983
2023-06-13,86056.76136447983
2023-06-14,86056.76136447983
2023-06-15,86056.76136447983
2023-06-16,86175.22156529386
2023-06-17,86175.22156529386
2023-06-18,86175.22156529386
2023-06-19,86175.22156529386
2023-06-20,86175.22156529386
2023-06-21,86175.22156529386
2023-06-22,86175.22156529386
2023-06-23,86175.22156529386
2023-06-24,86175.22156529386
2023-06-25,86175.22156529386
2023-06-26,86175.22156529386
2023-06-27,86175.22156529386
2023-06-28,86175.22156529386
2023-06-29,86175.22156529386
2023-06-30,86175.22156529386
2023-07-01,86175.22156529386
2023-07-02,86175.22156529386
2023-07-03,86175.22156529386
2023-07-04,86175.22156529386
2023-07-05,86175.22156529386
2023-07-06,86175.22156529386
2023-07-07,86175.22156529386
2023-07-08,86175.22156529386
2023-07-09,86175.22156529386
2023-07-10,86175.22156529386
2023-07-11,86175.22156529386
2023-07-12,86175.22156529386
2023-07-13,86175.22156529386
2023-07-14,86175.22156529386
2023-07-15,86175.22156529386
2023-07-16,86175.22156529386
2023-07-17,86175.22156529386
2023-07-18,86175.22156529386
2023-07-19,86175.22156529386
2023-07-20,86175.22156529386
2023-07-21,86175.22156529386
2023-07-22,86175.22156529386
2023-07-23,86175.22156529386
2023-07-24,86175.22156529386
2023-07-25,86175.22156529386
2023-07-26,86175.22156529386
2023-07-27,84931.20727554789
2023-07-28,84931.20727554789
2023-07-29,84931.20727554789
2023-07-30,84931.20727554789
2023-07-31,84931.20727554789
2023-08-01,84931.20727554789
2023-08-02,84931.20727554789
2023-08-03,84931.20727554789
2023-08-04,84931.20727554789
2023-08-05,84931.20727554789
2023-08-06,84931.20727554789
2023-08-07,84931.20727554789
2023-08-08,84931.20727554789
2023-08-09,84931.20727554789
2023-08-10,84931.20727554789
2023-08-11,84931.20727554789
2023-08-12,84931.20727554789
2023-08-13,84931.20727554789
2023-08-14,84931.20727554789
2023-08-15,84931.20727554789
2023-08-16,84931.20727554789
2023-08-17,84931.20727554789
2023-08-18,84931.20727554789
2023-08-19,84931.20727554789
2023-08-20,84931.20727554789
2023-08-21,84931.20727554789
2023-08-22,84931.20727554789
2023-08-23,84931.20727554789
2023-08-24,83652.93281392385
2023-08-25,83652.93281392385
2023-08-26,83652.93281392385
2023-08-27,83652.93281392385
2023-08-28,83652.93281392385
2023-08-29,83652.93281392385
2023-08-30,83652.93281392385
2023-08-31,83652.93281392385
2023-09-01,83652.93281392385
2023-09-02,83652.93281392385
2023-09-03,83652.93281392385
2023-09-04,83652.93281392385
2023-09-05,83652.93281392385
2023-09-06,84287.23492820027
2023-09-07,84287.23492820027
2023-09-08,84287.23492820027
2023-09-09,84287.23492820027
2023-09-10,84287.23492820027
2023-09-11,84287.23492820027
2023-09-12,84287.23492820027
2023-09-13,84287.23492820027
2023-09-14,84287.23492820027
2023-09-15,84132.83342739659
2023-09-16,84132.83342739659
2023-09-17,84132.83342739659
2023-09-18,84132.83342739659
2023-09-19,84132.83342739659
2023-09-20,84132.83342739659
2023-09-21,84132.83342739659
2023-09-22,84132.83342739659
2023-09-23,84132.83342739659
2023-09-24,84132.83342739659
2023-09-25,84132.83342739659
2023-09-26,84132.83342739659
2023-09-27,84132.83342739659
2023-09-28,84132.83342739659
2023-09-29,84132.83342739659
2023-09-30,84132.83342739659
2023-10-01,84132.83342739659
2023-10-02,84132.83342739659
2023-10-03,84132.83342739659
2023-10-04,84132.83342739659
2023-10-05,84132.83342739659
2023-10-06,83229.2011919029
2023-10-07,83229.2011919029
2023-10-08,83229.2011919029
2023-10-09,83176.96870547217
2023-10-10,83176.96870547217
2023-10-11,83176.96870547217
2023-10-12,83176.96870547217
2023-10-13,83176.96870547217
2023-10-14,83176.96870547217
2023-10-15,83176.96870547217
2023-10-16,83176.96870547217
2023-10-17,83620.87128448294
2023-10-18,83620.87128448294
2023-10-19,83620.87128448294
2023-10-20,83620.87128448294
2023-10-21,83620.87128448294
2023-10-22,83620.87128448294
2023-10-23,83620.87128448294
2023-10-24,83620.87128448294
2023-10-25,83620.87128448294
2023-10-26,83620.87128448294
2023-10-27,83620.87128448294
2023-10-28,83620.87128448294
2023-10-29,83620.87128448294
2023-10-30,83620.87128448294
2023-10-31,83620.87128448294
2023-11-01,83620.87128448294
2023-11-02,83620.87128448294
2023-11-03,83620.87128448294
2023-11-04,83620.87128448294
2023-11-05,83620.87128448294
2023-11-06,83620.87128448294
2023-11-07,83620.87128448294
2023-11-08,83620.87128448294
2023-11-09,83306.09617557976
2023-11-10,83306.09617557976
2023-11-11,83306.09617557976
2023-11-12,83306.09617557976
2023-11-13,83306.09617557976
2023-11-14,83306.09617557976
2023-11-15,83306.09617557976
2023-11-16,83306.09617557976
2023-11-17,83306.09617557976
2023-11-18,83306.09617557976
2023-11-19,83306.09617557976
2023-11-20,83306.09617557976
2023-11-21,83306.09617557976
2023-11-22,83306.09617557976
2023-11-23,83306.09617557976
2023-11-24,83306.09617557976
2023-11-25,83306.09617557976
2023-11-26,83306.09617557976
2023-11-27,83306.09617557976
2023-11-28,83306.09617557976
2023-11-29,83306.09617557976
2023-11-30,83306.09617557976
2023-12-01,83306.09617557976
2023-12-02,83306.09617557976
2023-12-03,83306.09617557976
2023-12-04,83306.09617557976
2023-12-05,83306.09617557976
2023-12-06,83080.63463510913
2023-12-07,83080.63463510913
2023-12-08,83080.63463510913
2023-12-09,83080.63463510913
2023-12-10,83080.63463510913
2023-12-11,83080.63463510913
2023-12-12,83080.63463510913
2023-12-13,83080.63463510913
2023-12-14,83080.63463510913
2023-12-15,83080.63463510913
2023-12-16,83080.63463510913
2023-12-17,83080.63463510913
2023-12-18,83080.63463510913
2023-12-19,83080.63463510913
2023-12-20,82177.18412510016
2023-12-21,82177.18412510016
2023-12-22,82177.18412510016
2023-12-23,82177.18412510016
2023-12-24,82177.18412510016
2023-12-25,82177.18412510016
2023-12-26,82177.18412510016
2023-12-27,82177.18412510016
2023-12-28,82177.18412510016
2023-12-29,82177.18412510016
2023-12-30,82177.18412510016
2023-12-31,82177.18412510016
2024-01-01,82177.18412510016
2024-01-02,82177.18412510016
2024-01-03,82177.18412510016
2024-01-04,82177.18412510016
2024-01-05,82177.18412510016
2024-01-06,82177.18412510016
2024-01-07,82177.18412510016
2024-01-08,82177.18412510016
2024-01-09,82177.18412510016
2024-01-10,82177.18412510016
2024-01-11,83140.45688729984
2024-01-12,83140.45688729984
2024-01-13,83140.45688729984
2024-01-14,83140.45688729984
2024-01-15,83140.45688729984
2024-01-16,83140.45688729984
2024-01-17,83140.45688729984
2024-01-18,83140.45688729984
2024-01-19,83140.45688729984
2024-01-20,83140.45688729984
2024-01-21,83140.45688729984
2024-01-22,83140.45688729984
2024-01-23,83140.45688729984
2024-01-24,83140.45688729984
2024-01-25,83140.45688729984
2024-01-26,83140.45688729984
2024-01-27,83140.45688729984
2024-01-28,83140.45688729984
2024-01-29,83140.45688729984
2024-01-30,83140.45688729984
2024-01-31,82428.6125673686
2024-02-01,82428.6125673686
2024-02-02,82428.6125673686
2024-02-03,82428.6125673686
2024-02-04,82428.6125673686
2024-02-05,82428.6125673686
2024-02-06,82428.6125673686
2024-02-07,82428.6125673686
2024-02-08,82428.6125673686
2024-02-09,82428.6125673686
2024-02-10,82428.6125673686
2024-02-11,82428.6125673686
2024-02-12,82428.6125673686
2024-02-13,82428.6125673686
2024-02-14,82428.6125673686
2024-02-15,82428.6125673686
2024-02-16,82428.6125673686
2024-02-17,82428.6125673686
2024-02-18,82428.6125673686
2024-02-19,82428.6125673686
2024-02-20,82428.6125673686
2024-02-21,82428.6125673686
2024-02-22,82428.6125673686
2024-02-23,82428.6125673686
2024-02-24,82428.6125673686
2024-02-25,82428.6125673686
2024-02-26,82428.6125673686
2024-02-27,82428.6125673686
2024-02-28,82428.6125673686
2024-02-29,82428.6125673686
2024-03-01,82428.6125673686
2024-03-02,82428.6125673686
2024-03-03,82428.6125673686
2024-03-04,82428.6125673686
2024-03-05,82808.40528727561
2024-03-06,82808.40528727561
2024-03-07,82808.40528727561
2024-03-08,82808.40528727561
2024-03-09,82808.40528727561
2024-03-10,82808.40528727561
2024-03-11,82808.40528727561
2024-03-12,82808.40528727561
2024-03-13,82808.40528727561
2024-03-14,83592.2036579477
2024-03-15,83592.2036579477
2024-03-16,83592.2036579477
2024-03-17,83592.2036579477
2024-03-18,83592.2036579477
2024-03-19,83592.2036579477
2024-03-20,83592.2036579477
2024-03-21,83592.2036579477
2024-03-22,83592.2036579477
2024-03-23,83592.2036579477
2024-03-24,83592.2036579477
2024-03-25,83592.2036579477
2024-03-26,83592.2036579477
2024-03-27,83592.2036579477
2024-03-28,83592.2036579477
2024-03-29,83592.2036579477
2024-03-30,83592.2036579477
2024-03-31,83592.2036579477
2024-04-01,83592.2036579477
2024-04-02,83592.2036579477
2024-04-03,83592.2036579477
2024-04-04,81949.17599732014
2024-04-05,81949.17599732014
2024-04-06,81949.17599732014
2024-04-07,81949.17599732014
2024-04-08,81949.17599732014
2024-04-09,83070.10646343729
2024-04-10,83070.10646343729
2024-04-11,83070.10646343729
2024-04-12,83425.81883090227
2024-04-13,83425.81883090227
2024-04-14,83425.81883090227
2024-04-15,81778.77126988524
2024-04-16,81778.77126988524
2024-04-17,81778.77126988524
2024-04-18,81778.77126988524
2024-04-19,81778.77126988524
2024-04-20,81778.77126988524
2024-04-21,81778.77126988524
2024-04-22,81778.77126988524
2024-04-23,81778.77126988524
2024-04-24,81778.77126988524
2024-04-25,81942.67463567488
2024-04-26,81942.67463567488
2024-04-27,81942.67463567488
2024-04-28,81942.67463567488
2024-04-29,81942.67463567488
2024-04-30,81244.44967126987
2024-05-01,82712.31339890802
2024-05-02,82712.31339890802
2024-05-03,82712.31339890802
2024-05-04,82712.31339890802
2024-05-05,82712.31339890802
2024-05-06,82712.31339890802
2024-05-07,82712.31339890802
2024-05-08,82712.31339890802
2024-05-09,82712.31339890802
2024-05-10,82712.31339890802
2024-05-11,82712.31339890802
2024-05-12,82712.31339890802
2024-05-13,82712.31339890802
2024-05-14,82712.31339890802
2024-05-15,82712.31339890802
2024-05-16,82712.31339890802
2024-05-17,82712.31339890802
2024-05-18,82712.31339890802
2024-05-19,82712.31339890802
2024-05-20,82712.31339890802
2024-05-21,82712.31339890802
2024-05-22,82712.31339890802
2024-05-23,81089.30520602025
2024-05-24,81089.30520602025
2024-05-25,81089.30520602025
2024-05-26,81089.30520602025
2024-05-27,81089.30520602025
2024-05-28,81089.30520602025
2024-05-29,81089.30520602025
2024-05-30,81089.30520602025
2024-05-31,82556.52581699194
2024-06-01,82556.52581699194
2024-06-02,82556.52581699194
2024-06-03,83590.97509378124
2024-06-04,83590.97509378124
2024-06-05,83590.97509378124
2024-06-06,83590.97509378124
2024-06-07,83590.97509378124
2024-06-08,83590.97509378124
2024-06-09,83590.97509378124
2024-06-10,83590.97509378124
2024-06-11,83590.97509378124
2024-06-12,83590.97509378124
2024-06-13,83590.97509378124
2024-06-14,83590.97509378124
2024-06-15,83590.97509378124
2024-06-16,83590.97509378124
2024-06-17,83590.97509378124
2024-06-18,83590.97509378124
2024-06-19,83590.97509378124
2024-06-20,83590.97509378124
2024-06-21,83590.97509378124
2024-06-22,83590.97509378124
2024-06-23,83590.97509378124
2024-06-24,83590.97509378124
2024-06-25,83590.97509378124
2024-06-26,83590.97509378124
2024-06-27,83590.97509378124
2024-06-28,83590.97509378124
2024-06-29,83590.97509378124
2024-06-30,83590.97509378124
2024-07-01,83590.97509378124
2024-07-02,83590.97509378124
2024-07-03,83590.97509378124
2024-07-04,83590.97509378124
2024-07-05,83590.97509378124
2024-07-06,83590.97509378124
2024-07-07,83590.97509378124
2024-07-08,83590.97509378124
2024-07-09,83590.97509378124
2024-07-10,83590.97509378124
2024-07-11,83363.22687163518
2024-07-12,83363.22687163518
2024-07-13,83363.22687163518
2024-07-14,83363.22687163518
2024-07-15,83363.22687163518
2024-07-16,83363.22687163518
2024-07-17,83363.22687163518
2024-07-18,83052.24312153603
2024-07-19,83052.24312153603
2024-07-20,83052.24312153603
2024-07-21,83052.24312153603
2024-07-22,83052.24312153603
2024-07-23,83052.24312153603
2024-07-24,82187.31983116754
2024-07-25,82187.31983116754
2024-07-26,82187.31983116754
2024-07-27,82187.31983116754
2024-07-28,82187.31983116754
2024-07-29,82187.31983116754
2024-07-30,82520.16542159193
2024-07-31,82520.16542159193
2024-08-01,80892.7698996345
2024-08-02,81683.32063937686
2024-08-03,81683.32063937686
2024-08-04,81683.32063937686
2024-08-05,82022.63649815062
2024-08-06,82022.63649815062
2024-08-07,82022.63649815062
2024-08-08,82022.63649815062
2024-08-09,82022.63649815062
2024-08-10,82022.63649815062
2024-08-11,82022.63649815062
2024-08-12,82022.63649815062
2024-08-13,82022.63649815062
2024-08-14,82022.63649815062
2024-08-15,82022.63649815062
2024-08-16,82022.63649815062
2024-08-17,82022.63649815062
2024-08-18,82022.63649815062
2024-08-19,82022.63649815062
2024-08-20,82022.63649815062
2024-08-21,82022.63649815062
2024-08-22,81797.04905405514
2024-08-23,81797.04905405514
2024-08-24,81797.04905405514
2024-08-25,81797.04905405514
2024-08-26,81797.04905405514
2024-08-27,81797.04905405514
2024-08-28,82455.90862843135
2024-08-29,82455.90862843135
2024-08-30,82455.90862843135
2024-08-31,82455.90862843135
2024-09-01,82455.90862843135
2024-09-02,82455.90862843135
2024-09-03,80832.19838914821
2024-09-04,80832.19838914821
2024-09-05,80832.19838914821
2024-09-06,80163.50456129033
2024-09-07,80163.50456129033
2024-09-08,80163.50456129033
2024-09-09,80163.50456129033
2024-09-10,80163.50456129033
2024-09-11,81652.77706784844
2024-09-12,81652.77706784844
2024-09-13,81652.77706784844
2024-09-14,81652.77706784844
2024-09-15,81652.77706784844
2024-09-16,81652.77706784844
2024-09-17,81652.77706784844
2024-09-18,81652.77706784844
2024-09-19,81652.77706784844
2024-09-20,81652.77706784844
2024-09-21,81652.77706784844
2024-09-22,81652.77706784844
2024-09-23,81652.77706784844
2024-09-24,81652.77706784844
2024-09-25,81652.77706784844
2024-09-26,81652.77706784844
2024-09-27,81652.77706784844
2024-09-28,81652.77706784844
2024-09-29,81652.77706784844
2024-09-30,81652.77706784844
2024-10-01,81912.82551716875
2024-10-02,81912.82551716875
2024-10-03,81912.82551716875
2024-10-04,81912.82551716875
2024-10-05,81912.82551716875
2024-10-06,81912.82551716875
2024-10-07,81912.82551716875
2024-10-08,81912.82551716875
2024-10-09,81912.82551716875
2024-10-10,81912.82551716875
2024-10-11,81912.82551716875
2024-10-12,81912.82551716875
2024-10-13,81912.82551716875
2024-10-14,81912.82551716875
2024-10-15,81912.82551716875
2024-10-16,81912.82551716875
2024-10-17,81912.82551716875
2024-10-18,81912.82551716875
2024-10-19,81912.82551716875
2024-10-20,81912.82551716875
2024-10-21,81912.82551716875
2024-10-22,81912.82551716875
2024-10-23,82653.56912698032
2024-10-24,82653.56912698032
2024-10-25,82653.56912698032
2024-10-26,82653.56912698032
2024-10-27,82653.56912698032
2024-10-28,82653.56912698032
2024-10-29,82653.56912698032
2024-10-30,82653.56912698032
2024-10-31,82653.56912698032
2024-11-01,82653.56912698032
2024-11-02,82653.56912698032
2024-11-03,82653.56912698032
2024-11-04,82653.56912698032
2024-11-05,82653.56912698032
2024-11-06,82653.56912698032
2024-11-07,82653.56912698032
2024-11-08,82653.56912698032
2024-11-09,82653.56912698032
2024-11-10,82653.56912698032
2024-11-11,82653.56912698032
2024-11-12,82653.56912698032
2024-11-13,82653.56912698032
2024-11-14,82653.56912698032
2024-11-15,82975.64907039196
2024-11-16,82975.64907039196
2024-11-17,82975.64907039196
2024-11-18,82975.64907039196
2024-11-19,82975.64907039196
2024-11-20,82975.64907039196
2024-11-21,82975.64907039196
2024-11-22,82975.64907039196
2024-11-23,82975.64907039196
2024-11-24,82975.64907039196
2024-11-25,82975.64907039196
2024-11-26,82975.64907039196
2024-11-27,82975.64907039196
2024-11-28,82975.64907039196
2024-11-29,82975.64907039196
2024-11-30,82975.64907039196
2024-12-01,82975.64907039196
2024-12-02,82975.64907039196
2024-12-03,82975.64907039196
2024-12-04,82975.64907039196
2024-12-05,82975.64907039196
2024-12-06,82975.64907039196
2024-12-07,82975.64907039196
2024-12-08,82975.64907039196
2024-12-09,82975.64907039196
2024-12-10,82975.64907039196
2024-12-11,82975.64907039196
2024-12-12,82975.64907039196
2024-12-13,82975.64907039196
2024-12-14,82975.64907039196
2024-12-15,82975.64907039196
2024-12-16,82975.64907039196
2024-12-17,82975.64907039196
2024-12-18,81340.83713459787
2024-12-19,81340.83713459787
2024-12-20,81214.74593967864
2024-12-21,81214.74593967864
2024-12-22,81214.74593967864
2024-12-23,81214.74593967864
2024-12-24,81214.74593967864
2024-12-25,81214.74593967864
2024-12-26,81214.74593967864
2024-12-27,81982.43419650447
2024-12-28,81982.43419650447
2024-12-29,81982.43419650447
2024-12-30,81982.43419650447
2024-12-31,81982.43419650447
2025-01-01,81982.43419650447
2025-01-02,81982.43419650447
2025-01-03,81982.43419650447
2025-01-04,81982.43419650447
2025-01-05,81982.43419650447
2025-01-06,81982.43419650447
2025-01-07,81197.26008564772
2025-01-08,81197.26008564772
2025-01-09,81197.26008564772
2025-01-10,81197.26008564772
2025-01-11,81197.26008564772
2025-01-12,81197.26008564772
2025-01-13,81197.26008564772
2025-01-14,81197.26008564772
2025-01-15,81197.26008564772
2025-01-16,81197.26008564772
2025-01-17,81197.26008564772
2025-01-18,81197.26008564772
2025-01-19,81197.26008564772
2025-01-20,81197.26008564772
2025-01-21,81197.26008564772
2025-01-22,81197.26008564772
2025-01-23,81197.26008564772
2025-01-24,81197.26008564772
2025-01-25,81197.26008564772
2025-01-26,81197.26008564772
2025-01-27,81197.26008564772
2025-01-28,81197.26008564772
2025-01-29,81197.26008564772
2025-01-30,81197.26008564772
2025-01-31,81225.67637484752
2025-02-01,81225.67637484752
2025-02-02,81225.67637484752
2025-02-03,81225.67637484752
2025-02-04,81225.67637484752
2025-02-05,81225.67637484752
2025-02-06,81225.67637484752
2025-02-07,81104.24999949473
2025-02-08,81104.24999949473
2025-02-09,81104.24999949473
2025-02-10,81104.24999949473
2025-02-11,81104.24999949473
2025-02-12,81104.24999949473
2025-02-13,81104.24999949473
2025-02-14,81104.24999949473
2025-02-15,81104.24999949473
2025-02-16,81104.24999949473
2025-02-17,81104.24999949473
2025-02-18,81104.24999949473
2025-02-19,81104.24999949473
2025-02-20,81104.24999949473
2025-02-21,79950.67161973595
2025-02-22,79950.67161973595
2025-02-23,79950.67161973595
2025-02-24,79950.67161973595
2025-02-25,79950.67161973595
2025-02-26,79950.67161973595
2025-02-27,79950.67161973595
2025-02-28,79754.49394524186
2025-03-01,79754.49394524186
2025-03-02,79754.49394524186
2025-03-03,79754.49394524186
2025-03-04,79754.49394524186
2025-03-05,79754.49394524186
2025-03-06,79754.49394524186
2025-03-07,79754.49394524186
2025-03-08,79754.49394524186
2025-03-09,79754.49394524186
2025-03-10,79754.49394524186
2025-03-11,79754.49394524186
2025-03-12,79754.49394524186
2025-03-13,79754.49394524186
2025-03-14,79754.49394524186
2025-03-15,79754.49394524186
2025-03-16,79754.49394524186
2025-03-17,79754.49394524186
2025-03-18,79754.49394524186
2025-03-19,80385.42242699068
2025-03-20,81400.02776564882
2025-03-21,81400.02776564882
2025-03-22,81400.02776564882
2025-03-23,81400.02776564882
2025-03-24,81400.02776564882
2025-03-25,81400.02776564882
2025-03-26,81400.02776564882
2025-03-27,81400.02776564882
2025-03-28,81400.02776564882
2025-03-29,81400.02776564882
2025-03-30,81400.02776564882
2025-03-31,80939.97163129851
2025-04-01,80939.97163129851
2025-04-02,80531.70146540087
2025-04-03,80531.70146540087
2025-04-04,80531.70146540087
2025-04-05,80531.70146540087
2025-04-06,80531.70146540087
2025-04-07,78928.86352942656
2025-04-08,78928.86352942656
2025-04-09,77363.14759627028
2025-04-10,77363.14759627028
2025-04-11,77363.14759627028
2025-04-12,77363.14759627028
2025-04-13,77363.14759627028
2025-04-14,77363.14759627028
2025-04-15,77363.14759627028
2025-04-16,77363.14759627028
2025-04-17,77363.14759627028
2025-04-18,77363.14759627028
2025-04-19,77363.14759627028
2025-04-20,77363.14759627028
2025-04-21,77363.14759627028
2025-04-22,77363.14759627028
2025-04-23,77363.14759627028
2025-04-24,77289.25678955158
2025-04-25,77289.25678955158
2025-04-26,77289.25678955158
2025-04-27,77289.25678955158
2025-04-28,77289.25678955158
2025-04-29,77289.25678955158
2025-04-30,77502.01248852821
2025-05-01,77502.01248852821
2025-05-02,77502.01248852821
2025-05-03,77502.01248852821
2025-05-04,77502.01248852821
2025-05-05,77502.01248852821
2025-05-06,77502.01248852821
2025-05-07,77502.01248852821
2025-05-08,77502.01248852821
2025-05-09,77502.01248852821
2025-05-10,77502.01248852821
2025-05-11,77502.01248852821
2025-05-12,77502.01248852821
2025-05-13,77502.01248852821
2025-05-14,77502.01248852821
2025-05-15,77502.01248852821
2025-05-16,77502.01248852821
2025-05-17,77502.01248852821
2025-05-18,77502.01248852821
2025-05-19,77502.01248852821
2025-05-20,77502.01248852821
2025-05-21,77502.01248852821
2025-05-22,77502.01248852821
2025-05-23,77502.01248852821
2025-05-24,77502.01248852821
2025-05-25,77502.01248852821
2025-05-26,77502.01248852821
2025-05-27,78949.85113950302
2025-05-28,78949.85113950302
2025-05-29,78949.85113950302
2025-05-30,78949.85113950302
2025-05-31,78949.85113950302
2025-06-01,78949.85113950302
2025-06-02,78949.85113950302
2025-06-03,78949.85113950302
2025-06-04,78949.85113950302
2025-06-05,78949.85113950302
2025-06-06,78949.85113950302
2025-06-07,78949.85113950302
2025-06-08,78949.85113950302
2025-06-09,78949.85113950302
2025-06-10,78949.85113950302
2025-06-11,78949.85113950302
2025-06-12,78949.85113950302
2025-06-13,78949.85113950302
2025-06-14,78949.85113950302
2025-06-15,78949.85113950302
2025-06-16,78949.85113950302
2025-06-17,78949.85113950302
2025-06-18,78949.85113950302
2025-06-19,78949.85113950302
2025-06-20,78949.85113950302
2025-06-21,78949.85113950302
2025-06-22,78949.85113950302
2025-06-23,78949.85113950302
2025-06-24,78949.85113950302
2025-06-25,78949.85113950302
2025-06-26,78949.85113950302
2025-06-27,78949.85113950302
2025-06-28,78949.85113950302
2025-06-29,78949.85113950302
2025-06-30,78949.85113950302
2025-07-01,78949.85113950302
2025-07-02,78949.85113950302
2025-07-03,78949.85113950302
2025-07-04,78949.85113950302
2025-07-05,78949.85113950302
2025-07-06,78949.85113950302
2025-07-07,78949.85113950302
2025-07-08,78949.85113950302
2025-07-09,78949.85113950302
2025-07-10,78949.85113950302
2025-07-11,78949.85113950302
2025-07-12,78949.85113950302
2025-07-13,78949.85113950302
2025-07-14,78949.85113950302
2025-07-15,78949.85113950302
2025-07-16,78949.85113950302
2025-07-17,78949.85113950302
2025-07-18,78949.85113950302
2025-07-19,78949.85113950302
2025-07-20,78949.85113950302
2025-07-21,78949.85113950302
2025-07-22,78949.85113950302
2025-07-23,78949.85113950302
2025-07-24,78949.85113950302
2025-07-25,78949.85113950302
2025-07-26,78949.85113950302
2025-07-27,78949.85113950302
2025-07-28,78949.85113950302
2025-07-29,78949.85113950302
2025-07-30,78949.85113950302
2025-07-31,78604.34942567785
2025-08-01,79001.35456800125
2025-08-02,79001.35456800125
2025-08-03,79001.35456800125
2025-08-04,79001.35456800125
2025-08-05,79001.35456800125
2025-08-06,79001.35456800125
2025-08-07,79553.60335652479
2025-08-08,79553.60335652479
2025-08-09,79553.60335652479
2025-08-10,79553.60335652479
2025-08-11,79553.60335652479
2025-08-12,79553.60335652479
2025-08-13,79553.60335652479
2025-08-14,79553.60335652479
2025-08-15,79553.60335652479
2025-08-16,79553.60335652479
2025-08-17,79553.60335652479
2025-08-18,79553.60335652479
2025-08-19,79553.60335652479
2025-08-20,80694.82891467154
2025-08-21,80694.82891467154
2025-08-22,80694.82891467154
2025-08-23,80694.82891467154
2025-08-24,80694.82891467154
2025-08-25,80694.82891467154
2025-08-26,80694.82891467154
2025-08-27,80694.82891467154
2025-08-28,80694.82891467154
2025-08-29,80694.82891467154
2025-08-30,80694.82891467154
2025-08-31,80694.82891467154
2025-09-01,80694.82891467154
2025-09-02,80694.82891467154
2025-09-03,80694.82891467154
2025-09-04,80694.82891467154
2025-09-05,81123.67175887924
2025-09-06,81123.67175887924
2025-09-07,81123.67175887924
2025-09-08,81123.67175887924
2025-09-09,81123.67175887924
2025-09-10,81123.67175887924
2025-09-11,81123.67175887924
2025-09-12,81123.67175887924
2025-09-13,81123.67175887924
2025-09-14,81123.67175887924
2025-09-15,81123.67175887924
2025-09-16,81123.67175887924
2025-09-17,81123.67175887924
2025-09-18,81123.67175887924
2025-09-19,81123.67175887924
2025-09-20,81123.67175887924
2025-09-21,81123.67175887924
2025-09-22,81123.67175887924
2025-09-23,81123.67175887924
2025-09-24,81123.67175887924
2025-09-25,81123.67175887924
2025-09-26,81123.67175887924
2025-09-27,81123.67175887924
2025-09-28,81123.67175887924
2025-09-29,81123.67175887924
2025-09-30,81123.67175887924
2025-10-01,81123.67175887924
2025-10-02,81123.67175887924
2025-10-03,81123.67175887924
2025-10-04,81123.67175887924
2025-10-05,81123.67175887924
2025-10-06,81123.67175887924
2025-10-07,81123.67175887924
2025-10-08,81123.67175887924
2025-10-09,81123.67175887924
2025-10-10,79522.16684358809
2025-10-11,79522.16684358809
2025-10-12,79522.16684358809
2025-10-13,79522.16684358809
2025-10-14,79522.16684358809
2025-10-15,79522.16684358809
2025-10-16,79908.44413536602
2025-10-17,79908.44413536602
2025-10-18,79908.44413536602
2025-10-19,79908.44413536602
2025-10-20,79908.44413536602
2025-10-21,79908.44413536602
2025-10-22,80531.83661865386
2025-10-23,80531.83661865386
2025-10-24,80531.83661865386
2025-10-25,80531.83661865386
2025-10-26,80531.83661865386
2025-10-27,80531.83661865386
2025-10-28,80531.83661865386
2025-10-29,80531.83661865386
2025-10-30,80531.83661865386
2025-10-31,80531.83661865386
2025-11-01,80531.83661865386
2025-11-02,80531.83661865386
2025-11-03,80531.83661865386
2025-11-04,80531.83661865386
2025-11-05,80531.83661865386
2025-11-06,80774.95078378238
2025-11-07,80774.95078378238
2025-11-08,80774.95078378238
2025-11-09,80774.95078378238
2025-11-10,80774.95078378238
2025-11-11,80774.95078378238
2025-11-12,80774.95078378238
2025-11-13,80513.26382497179
2025-11-14,80513.26382497179
2025-11-15,80513.26382497179
2025-11-16,80513.26382497179
2025-11-17,80513.26382497179
2025-11-18,80513.26382497179
2025-11-19,80513.26382497179
2025-11-20,80513.26382497179
2025-11-21,80513.26382497179
2025-11-22,80513.26382497179
2025-11-23,80513.26382497179
2025-11-24,80513.26382497179
2025-11-25,80513.26382497179
2025-11-26,80513.26382497179
2025-11-27,80513.26382497179
2025-11-28,80513.26382497179
2025-11-29,80513.26382497179
2025-11-30,80513.26382497179
2025-12-01,80513.26382497179
2025-12-02,80513.26382497179
2025-12-03,80513.26382497179
2025-12-04,80513.26382497179
2025-12-05,80513.26382497179
2025-12-06,80513.26382497179
2025-12-07,80513.26382497179
2025-12-08,80513.26382497179
2025-12-09,80513.26382497179
2025-12-10,80513.26382497179
2025-12-11,80513.26382497179
2025-12-12,80447.78400407579
2025-12-13,80447.78400407579
2025-12-14,80447.78400407579
2025-12-15,80447.78400407579
2025-12-16,80447.78400407579
2025-12-17,80067.35296411708
2025-12-18,80067.35296411708
2025-12-19,80067.35296411708
2025-12-20,80067.35296411708
2025-12-21,80067.35296411708
2025-12-22,80067.35296411708
2025-12-23,80067.35296411708
2025-12-24,80067.35296411708
2025-12-25,80067.35296411708
2025-12-26,80067.35296411708
2025-12-27,80067.35296411708
2025-12-28,80067.35296411708
2025-12-29,80067.35296411708
2025-12-30,80067.35296411708
2025-12-31,80067.35296411708
2026-01-01,80067.35296411708
2026-01-02,80067.35296411708
2026-01-03,80067.35296411708
2026-01-04,80067.35296411708
2026-01-05,80067.35296411708
2026-01-06,80067.35296411708
2026-01-07,80067.35296411708
2026-01-08,80067.35296411708
2026-01-09,80067.35296411708
2026-01-10,80067.35296411708
2026-01-11,80067.35296411708
2026-01-12,80067.35296411708
2026-01-13,80067.35296411708
2026-01-14,80067.35296411708
2026-01-15,80067.35296411708
2026-01-16,80067.35296411708
2026-01-17,80067.35296411708
2026-01-18,80067.35296411708
2026-01-19,80067.35296411708
2026-01-20,80067.35296411708
2026-01-21,80530.45017732719
2026-01-22,80530.45017732719
2026-01-23,80530.45017732719
2026-01-24,80530.45017732719
2026-01-25,80530.45017732719
2026-01-26,80530.45017732719
2026-01-27,80530.45017732719
2026-01-28,80530.45017732719
2026-01-29,81499.88207301049
2026-01-30,81499.88207301049
2026-01-31,81499.88207301049
2026-02-01,81499.88207301049
2026-02-02,81499.88207301049
2026-02-03,81537.76635340981
2026-02-04,82211.09548663718
2026-02-05,82211.09548663718
2026-02-06,82206.67288799657
2026-02-07,82206.67288799657
2026-02-08,82206.67288799657
2026-02-09,82206.67288799657
2026-02-10,82206.67288799657
2026-02-11,82206.67288799657
2026-02-12,81065.35303928705
2026-02-13,81065.35303928705
2026-02-14,81065.35303928705
2026-02-15,81065.35303928705
2026-02-16,81065.35303928705
2026-02-17,81065.35303928705
2026-02-18,81065.35303928705
2026-02-19,81065.35303928705
2026-02-20,81065.35303928705
2026-02-21,81065.35303928705
2026-02-22,81065.35303928705
2026-02-23,81065.35303928705
2026-02-24,81065.35303928705
2026-02-25,81065.35303928705
2026-02-26,81771.63897072418
2026-02-27,81771.63897072418
2026-02-28,81771.63897072418
2026-03-01,81771.63897072418
2026-03-02,81878.94234289495
2026-03-03,81878.94234289495
2026-03-04,81878.94234289495
2026-03-05,81878.94234289495
2026-03-06,81878.94234289495
2026-03-07,81878.94234289495
2026-03-08,81878.94234289495
2026-03-09,81922.25643618393
2026-03-10,81922.25643618393
2026-03-11,81922.25643618393
2026-03-12,81922.25643618393
2026-03-13,81922.25643618393
2026-03-14,81922.25643618393
2026-03-15,81922.25643618393
2026-03-16,81922.25643618393
2026-03-17,81922.25643618393
2026-03-18,81922.25643618393
2026-03-19,81922.25643618393
2026-03-20,81922.25643618393
2026-03-21,81922.25643618393
2026-03-22,81922.25643618393
2026-03-23,81922.25643618393
2026-03-24,81922.25643618393
2026-03-25,81922.25643618393
2026-03-26,81922.25643618393
2026-03-27,81922.25643618393
2026-03-28,81922.25643618393
2026-03-29,81922.25643618393
2026-03-30,81922.25643618393
2026-03-31,82020.47783842868
2026-04-01,82020.47783842868
2026-04-02,82082.5631284764
2026-04-03,82082.5631284764
2026-04-04,82082.5631284764
2026-04-05,82082.5631284764
2026-04-06,82082.5631284764
2026-04-07,82082.5631284764
2026-04-08,82082.5631284764
2026-04-09,82082.5631284764
2026-04-10,82082.5631284764
2026-04-11,82082.5631284764
2026-04-12,82082.5631284764
2026-04-13,82082.5631284764
2026-04-14,82082.5631284764
2026-04-15,82082.5631284764
2026-04-16,82082.5631284764
2026-04-17,82082.5631284764
2026-04-18,82082.5631284764
2026-04-19,82082.5631284764
2026-04-20,82082.5631284764
2026-04-21,82082.5631284764
2026-04-22,82082.5631284764
2026-04-23,82082.5631284764
2026-04-24,82082.5631284764
2026-04-25,82082.5631284764
2026-04-26,82082.5631284764
2026-04-27,82082.5631284764
2026-04-28,82082.5631284764
2026-04-29,82082.5631284764
2026-04-30,82082.5631284764
2026-05-01,82082.5631284764
2026-05-02,82082.5631284764
2026-05-03,82082.5631284764
2026-05-04,82082.5631284764
2026-05-05,82082.5631284764
2026-05-06,82082.5631284764
2026-05-07,82082.5631284764
2026-05-08,82082.5631284764
2026-05-09,82082.5631284764
2026-05-10,82082.5631284764
2026-05-11,82082.5631284764
2026-05-12,82082.5631284764
2026-05-13,82082.5631284764
2026-05-14,82082.5631284764
2026-05-15,82082.5631284764
2026-05-16,82082.5631284764
2026-05-17,82082.5631284764
2026-05-18,82082.5631284764
2026-05-19,82082.5631284764
2026-05-20,82082.5631284764
2026-05-21,82082.5631284764
2026-05-22,82082.5631284764
2026-05-23,82082.5631284764
2026-05-24,82082.5631284764
2026-05-25,82082.5631284764
2026-05-26,82082.5631284764
2026-05-27,82082.5631284764
2026-05-28,82082.5631284764
2026-05-29,82082.5631284764
2026-05-30,82082.5631284764
2026-05-31,82082.5631284764
2026-06-01,82082.5631284764
2026-06-02,82082.5631284764
2026-06-03,82082.5631284764
2026-06-04,82082.5631284764
2026-06-05,80464.82991626844
2026-06-06,80464.82991626844
2026-06-07,80464.82991626844
2026-06-08,80464.82991626844
2026-06-09,78881.06071238912
2026-06-10,78881.06071238912
2026-06-11,78881.06071238912
2026-06-12,78881.06071238912
2026-06-13,78881.06071238912
2026-06-14,78881.06071238912
2026-06-15,78881.06071238912
2026-06-16,78881.06071238912
2026-06-17,78315.45673219246
2026-06-18,78315.45673219246
2026-06-19,78315.45673219246
2026-06-20,78315.45673219246
2026-06-21,78315.45673219246
2026-06-22,78315.45673219246
2026-06-23,78315.45673219246
2026-06-24,78315.45673219246
2026-06-25,78962.40754095012
2026-06-26,80429.00483000083
2026-06-27,80429.00483000083
2026-06-28,80429.00483000083
2026-06-29,80429.00483000083
2026-06-30,80429.00483000083
2026-07-01,80429.00483000083
2026-07-02,80429.00483000083
2026-07-03,80429.00483000083
2026-07-04,80429.00483000083
2026-07-05,80429.00483000083
2026-07-06,80429.00483000083
2026-07-07,80429.00483000083
2026-07-08,80429.00483000083
2026-07-09,80429.00483000083
2026-07-10,80429.00483000083
2026-07-11,80429.00483000083
2026-07-12,80429.00483000083
2026-07-13,80429.00483000083
2026-07-14,80429.00483000083
2026-07-15,80429.00483000083
2026-07-16,80429.00483000083
2026-07-17,80429.00483000083
2026-07-18,80429.00483000083
2026-07-19,80429.00483000083
2026-07-20,80429.00483000083
2026-07-21,80429.00483000083
2026-07-22,80429.00483000083
2026-07-23,80429.00483000083
2026-07-24,80429.00483000083
2026-07-25,80429.00483000083
2026-07-26,80429.00483000083
2026-07-27,80883.40547735717
2026-07-28,80883.40547735717
2026-07-29,80448.7445866758
2026-07-30,80448.7445866758
2026-07-31,80448.7445866758
2026-08-01,80448.7445866758
2026-08-02,80448.7445866758
2026-08-03,80448.7445866758
2026-08-04,80448.7445866758
2026-08-05,80448.7445866758
2026-08-06,80448.7445866758
2026-08-07,80448.7445866758
2026-08-08,80448.7445866758
2026-08-09,80448.7445866758
2026-08-10,80448.7445866758
2026-08-11,80448.7445866758
2026-08-12,80448.7445866758
2026-08-13,80448.7445866758
2026-08-14,80448.7445866758
2026-08-15,80448.7445866758
2026-08-16,80448.7445866758
2026-08-17,80448.7445866758
2026-08-18,80448.7445866758
2026-08-19,80448.7445866758
2026-08-20,80448.7445866758
2026-08-21,80448.7445866758
2026-08-22,80448.7445866758
2026-08-23,80448.7445866758
2026-08-24,80448.7445866758
2026-08-25,80448.7445866758
2026-08-26,80448.7445866758
2026-08-27,80448.7445866758
2026-08-28,80448.7445866758
2026-08-29,80448.7445866758
2026-08-30,80448.7445866758
2026-08-31,80448.7445866758
