timestamp,equity,net_return_365_days
2024-10-01 00:00:00+00:00,5526.202923245034,-0.4473797076754966
2024-10-02 00:00:00+00:00,5159.4685875342175,-0.4838797084598657
2024-10-03 00:00:00+00:00,4758.864007174163,-0.5239536326053286
2024-10-04 00:00:00+00:00,4709.1735037561275,-0.5280939788942303
2024-10-05 00:00:00+00:00,4765.584082911983,-0.5151681196932905
2024-10-06 00:00:00+00:00,4765.3443111555,-0.5151925131337414
2024-10-07 00:00:00+00:00,4765.3443111555,-0.5151925131337414
2024-10-08 00:00:00+00:00,4765.3443111555,-0.5151925131337414
2024-10-09 00:00:00+00:00,4771.947568944012,-0.5145207235201168
2024-10-10 00:00:00+00:00,4764.363641014302,-0.5096219325009463
2024-10-11 00:00:00+00:00,4776.1461532907815,-0.4927116968119226
2024-10-12 00:00:00+00:00,4776.1461532907815,-0.4927475963960457
2024-10-13 00:00:00+00:00,4776.1461532907815,-0.4928748522685813
2024-10-14 00:00:00+00:00,4776.1461532907815,-0.49290494426204345
2024-10-15 00:00:00+00:00,4753.770646493889,-0.4952806062502172
2024-10-16 00:00:00+00:00,4618.013816621437,-0.5114522618902044
2024-10-17 00:00:00+00:00,4701.018111055706,-0.49886367855055946
2024-10-18 00:00:00+00:00,4738.840607227605,-0.4933862580271192
2024-10-19 00:00:00+00:00,4739.604101707605,-0.4929567623727026
2024-10-20 00:00:00+00:00,4726.753669734429,-0.49117019589940336
2024-10-21 00:00:00+00:00,4723.595114310503,-0.49579542947238997
2024-10-22 00:00:00+00:00,4723.595114310503,-0.4963178628347067
2024-10-23 00:00:00+00:00,4723.595114310503,-0.5136344818547202
2024-10-24 00:00:00+00:00,4723.595114310503,-0.5514292718835159
2024-10-25 00:00:00+00:00,4723.595114310503,-0.5463105700698232
2024-10-26 00:00:00+00:00,4704.87606972106,-0.536518940850651
2024-10-27 00:00:00+00:00,4704.87606972106,-0.5326809081575467
2024-10-28 00:00:00+00:00,4704.87606972106,-0.5326809081575467
2024-10-29 00:00:00+00:00,4716.91490352106,-0.5314851323719814
2024-10-30 00:00:00+00:00,4735.969813072424,-0.5324784272974596
2024-10-31 00:00:00+00:00,4724.364554963282,-0.5318690833855467
2024-11-01 00:00:00+00:00,4716.63109586136,-0.535837071942026
2024-11-02 00:00:00+00:00,4652.425188791362,-0.5402374414720725
2024-11-03 00:00:00+00:00,4634.591215393979,-0.5416955955485381
2024-11-04 00:00:00+00:00,4593.374591373979,-0.5461927954672503
2024-11-05 00:00:00+00:00,4593.374591373979,-0.5568389999299981
2024-11-06 00:00:00+00:00,4593.374591373979,-0.5869475066701167
2024-11-07 00:00:00+00:00,4733.441454093977,-0.5635252884657704
2024-11-08 00:00:00+00:00,4861.977050859614,-0.551672910430834
2024-11-09 00:00:00+00:00,4846.688445339614,-0.5530826859078986
2024-11-10 00:00:00+00:00,4794.860118090521,-0.5592199498301232
2024-11-11 00:00:00+00:00,4794.860118090521,-0.5598439028460822
2024-11-12 00:00:00+00:00,4794.860118090521,-0.5607680618980218
2024-11-13 00:00:00+00:00,5202.296844673901,-0.5234449244834496
2024-11-14 00:00:00+00:00,5125.033123467657,-0.5294601453526198
2024-11-15 00:00:00+00:00,5805.435610804842,-0.4915673032422304
2024-11-16 00:00:00+00:00,6268.136277741042,-0.40940698518834884
2024-11-17 00:00:00+00:00,7367.676803261044,-0.30580666045059857
2024-11-18 00:00:00+00:00,6668.5633191450515,-0.3716781606835742
2024-11-19 00:00:00+00:00,7007.73114243685,-0.3397212697658806
2024-11-20 00:00:00+00:00,6836.209718892604,-0.35588227044410603
2024-11-21 00:00:00+00:00,6849.0451958345475,-0.3373809137305823
2024-11-22 00:00:00+00:00,7906.7341197345495,-0.23505353111407656
2024-11-23 00:00:00+00:00,10505.108055419714,0.016329269527551205
2024-11-24 00:00:00+00:00,10106.521619695088,-0.02223245291514242
2024-11-25 00:00:00+00:00,11136.983323483888,0.07746079965901642
2024-11-26 00:00:00+00:00,10975.654660866223,0.06185286483653951
2024-11-27 00:00:00+00:00,10637.013393907771,0.02507108664150648
2024-11-28 00:00:00+00:00,11295.04474108829,0.08225780914295533
2024-11-29 00:00:00+00:00,11231.715637577887,0.07886206157512676
2024-11-30 00:00:00+00:00,11913.832435928958,0.14408515819938117
2024-12-01 00:00:00+00:00,13709.9756556082,0.31549251131469447
2024-12-02 00:00:00+00:00,18418.247696118236,0.7671681828661736
2024-12-03 00:00:00+00:00,23431.857970469977,1.2678697713583014
2024-12-04 00:00:00+00:00,21553.103638710647,1.0860331384214215
2024-12-05 00:00:00+00:00,20702.299789785466,0.9967229553066488
2024-12-06 00:00:00+00:00,20060.8389928528,0.9421771710184805
2024-12-07 00:00:00+00:00,21931.28598267065,1.1290927971193758
2024-12-08 00:00:00+00:00,22833.2001549226,1.15271498161156
2024-12-09 00:00:00+00:00,22898.326174122598,1.1595423944557597
2024-12-10 00:00:00+00:00,18964.14333862404,0.7885093959652116
2024-12-11 00:00:00+00:00,17838.182005320523,0.6926216264603258
2024-12-12 00:00:00+00:00,17960.842253697614,0.7029949843394079
2024-12-13 00:00:00+00:00,17714.496160174753,0.7073644483902048
2024-12-14 00:00:00+00:00,18017.60355944932,0.7365786463490986
2024-12-15 00:00:00+00:00,17674.528380149313,0.703512260550399
2024-12-16 00:00:00+00:00,17862.336273710178,0.7216136232814352
2024-12-17 00:00:00+00:00,18173.917697960176,0.7516445675280585
2024-12-18 00:00:00+00:00,18252.6130802642,0.7592294119844554
2024-12-19 00:00:00+00:00,15365.430959122716,0.4809560665225001
2024-12-20 00:00:00+00:00,15001.263432593609,0.4458567511125686
2024-12-21 00:00:00+00:00,16208.054690320632,0.5621701066514875
2024-12-22 00:00:00+00:00,15886.222386688922,0.5311511587460065
2024-12-23 00:00:00+00:00,16040.833842133123,0.5460529713605116
2024-12-24 00:00:00+00:00,16374.423872348356,0.578205156371981
2024-12-25 00:00:00+00:00,16587.550315392287,0.5987467799425765
2024-12-26 00:00:00+00:00,16469.864865268202,0.6057887749222499
2024-12-27 00:00:00+00:00,16149.35072283523,0.5745390945919604
2024-12-28 00:00:00+00:00,15692.221216169182,0.5388018545645343
2024-12-29 00:00:00+00:00,15846.824849690007,0.5539625099432084
2024-12-30 00:00:00+00:00,15682.939778946517,0.5378917034384116
2024-12-31 00:00:00+00:00,15942.772862178748,0.5633713104900249
2025-01-01 00:00:00+00:00,16446.744058225024,0.6068252223532393
2025-01-02 00:00:00+00:00,18191.80462151959,0.7825349287899668
2025-01-03 00:00:00+00:00,18174.16349727337,0.6881394658294415
2025-01-04 00:00:00+00:00,18413.501903083303,0.6905809399117246
2025-01-05 00:00:00+00:00,18200.20896333244,0.7469547894676718
2025-01-06 00:00:00+00:00,18200.20896333244,0.7469547894676718
2025-01-07 00:00:00+00:00,17896.680783803233,0.7178205082055591
2025-01-08 00:00:00+00:00,15617.751960065843,0.4872917489589479
2025-01-09 00:00:00+00:00,16104.786096206666,0.5795022905381311
2025-01-10 00:00:00+00:00,14759.994962221566,0.4266585906835372
2025-01-11 00:00:00+00:00,15775.172808966643,0.5240160125334934
2025-01-12 00:00:00+00:00,16586.86823231242,0.7072152046624101
2025-01-13 00:00:00+00:00,16461.040463642443,0.6852506425610738
2025-01-14 00:00:00+00:00,18965.768665266,0.9193180225901294
2025-01-15 00:00:00+00:00,21116.974704085078,1.1721246039099742
2025-01-16 00:00:00+00:00,25526.773989406818,1.7743160919667482
2025-01-17 00:00:00+00:00,26795.51548877087,1.9122525211163435
2025-01-18 00:00:00+00:00,27319.116205438037,1.9969235356637172
2025-01-19 00:00:00+00:00,27200.640652543698,1.9440683480848375
2025-01-20 00:00:00+00:00,26592.639577494516,1.8470804885398717
2025-01-21 00:00:00+00:00,23664.682295574516,1.5422879968673784
2025-01-22 00:00:00+00:00,24225.196927859066,1.6027073599240502
2025-01-23 00:00:00+00:00,24312.90112767299,1.6283283415220877
2025-01-24 00:00:00+00:00,24487.97769007299,1.647530917690589
2025-01-25 00:00:00+00:00,24343.179736800892,1.6534355000464203
2025-01-26 00:00:00+00:00,24498.615393838623,1.6619080370063197
2025-01-27 00:00:00+00:00,24498.615393838623,1.663412425493486
2025-01-28 00:00:00+00:00,27361.272920101474,1.9760232691862134
2025-01-29 00:00:00+00:00,27399.582966201076,1.9801901655498781
2025-01-30 00:00:00+00:00,28170.96710935126,2.0722798293807085
2025-01-31 00:00:00+00:00,28172.74621655126,2.0817442364478134
2025-02-01 00:00:00+00:00,28133.465061747866,2.082973968811628
2025-02-02 00:00:00+00:00,27938.73970045828,2.0616352101977995
2025-02-03 00:00:00+00:00,27975.82153553828,2.065698781180488
2025-02-04 00:00:00+00:00,22633.74412448016,1.480293266377343
2025-02-05 00:00:00+00:00,22589.400003494466,1.4754338660024278
2025-02-06 00:00:00+00:00,21915.110519582006,1.401168937918838
2025-02-07 00:00:00+00:00,21177.40338389695,1.316339071541028
2025-02-08 00:00:00+00:00,23750.43956316016,1.5984015911817018
2025-02-09 00:00:00+00:00,24099.410738748447,1.63488552489794
2025-02-10 00:00:00+00:00,23961.531972531782,1.6217145699871582
2025-02-11 00:00:00+00:00,24522.88029121334,1.6801530918761838
2025-02-12 00:00:00+00:00,24442.985546219534,1.6610274971366503
2025-02-13 00:00:00+00:00,24796.56911699869,1.736728409405702
2025-02-14 00:00:00+00:00,25156.204702962536,1.7764203893927966
2025-02-15 00:00:00+00:00,25902.41053548782,1.8169879977938659
2025-02-16 00:00:00+00:00,26172.151402832147,1.8945774868436125
2025-02-17 00:00:00+00:00,25772.5993023857,1.85038797804197
2025-02-18 00:00:00+00:00,25465.02504115406,1.816370998757748
2025-02-19 00:00:00+00:00,25086.815405428584,1.7745419156217008
2025-02-20 00:00:00+00:00,26564.779957649273,1.9423948143908452
2025-02-21 00:00:00+00:00,26269.215472037584,1.93207497695481
2025-02-22 00:00:00+00:00,26029.901704567586,1.968879231532088
2025-02-23 00:00:00+00:00,26047.03993148879,2.01010139863991
2025-02-24 00:00:00+00:00,25915.25029338274,1.994871254445687
2025-02-25 00:00:00+00:00,25398.45524223274,1.935148325837734
2025-02-26 00:00:00+00:00,28107.272374340006,2.212386557874308
2025-02-27 00:00:00+00:00,26132.99645268161,1.7959881914354519
2025-02-28 00:00:00+00:00,26587.50090768766,1.886800669468848
2025-03-01 00:00:00+00:00,26489.868639758177,1.7921170473599948
2025-03-02 00:00:00+00:00,26708.473012376387,1.7727679015275242
2025-03-03 00:00:00+00:00,27090.25209090472,1.7928855126139767
2025-03-04 00:00:00+00:00,25830.825138804717,1.821741378924897
2025-03-05 00:00:00+00:00,26594.714208786663,1.9051880898252929
2025-03-06 00:00:00+00:00,27059.606033599815,1.8173623450684242
2025-03-07 00:00:00+00:00,27528.777326459815,1.749961941483229
2025-03-08 00:00:00+00:00,23685.417659880903,1.2805271942870764
2025-03-09 00:00:00+00:00,23238.75844643159,1.1934568280958038
2025-03-10 00:00:00+00:00,22427.077347792227,1.124898688420974
2025-03-11 00:00:00+00:00,18998.79238476849,0.8842883455267609
2025-03-12 00:00:00+00:00,19157.12151761813,0.7323759309534561
2025-03-13 00:00:00+00:00,19314.349762749596,0.9711555180746712
2025-03-14 00:00:00+00:00,18732.162735149406,0.9117395301640205
2025-03-15 00:00:00+00:00,20138.71086057064,1.0552869512741454
2025-03-16 00:00:00+00:00,20932.101389845528,1.0973545061508072
2025-03-17 00:00:00+00:00,20932.101389845528,1.1801920213135122
2025-03-18 00:00:00+00:00,20957.378947598932,1.1449572369965213
2025-03-19 00:00:00+00:00,20922.32874621778,1.102143085469029
2025-03-20 00:00:00+00:00,21979.96251857474,1.2386350080901796
2025-03-21 00:00:00+00:00,22163.08804015474,1.202701550380466
2025-03-22 00:00:00+00:00,21845.286954282117,1.1579008219194336
2025-03-23 00:00:00+00:00,21855.80882746025,1.1590976925858976
2025-03-24 00:00:00+00:00,21855.80882746025,1.157146805306113
2025-03-25 00:00:00+00:00,21823.904120470248,1.1503650755298351
2025-03-26 00:00:00+00:00,21773.494137613678,1.2230755408583716
2025-03-27 00:00:00+00:00,21464.701951210125,1.2002499220370337
2025-03-28 00:00:00+00:00,21464.701951210125,1.2001421879936793
2025-03-29 00:00:00+00:00,20453.50733469835,1.06497966222992
2025-03-30 00:00:00+00:00,20686.423677764138,1.0918553054398998
2025-03-31 00:00:00+00:00,20707.925723244403,1.0940296381624792
2025-04-01 00:00:00+00:00,20430.55098496212,1.0659809127322597
2025-04-02 00:00:00+00:00,20865.43671918031,1.0860741315319657
2025-04-03 00:00:00+00:00,20453.841364774795,1.0968277268748023
2025-04-04 00:00:00+00:00,20879.966719647433,1.1482657724239518
2025-04-05 00:00:00+00:00,21586.06748456413,1.2260774871494382
2025-04-06 00:00:00+00:00,21586.06748456413,1.2401001496721133
2025-04-07 00:00:00+00:00,18603.035648736517,0.9149009363224851
2025-04-08 00:00:00+00:00,17547.94459976823,0.7987029774959471
2025-04-09 00:00:00+00:00,16886.336238042004,0.730886662975049
2025-04-10 00:00:00+00:00,19962.2119628335,1.0487386614345766
2025-04-11 00:00:00+00:00,18710.282913475083,0.9300155184577741
2025-04-12 00:00:00+00:00,19214.662963330185,1.071497075995659
2025-04-13 00:00:00+00:00,19480.265037636214,1.1244416220425455
2025-04-14 00:00:00+00:00,19451.99794632822,1.5904264675282267
2025-04-15 00:00:00+00:00,18673.06160254057,1.4730361220665587
2025-04-16 00:00:00+00:00,17685.081469409168,1.3481161318954626
2025-04-17 00:00:00+00:00,17661.12117252767,1.3287166168787587
2025-04-18 00:00:00+00:00,17614.071617776564,1.3301514890709143
2025-04-19 00:00:00+00:00,17554.74106255289,1.2876370989327817
2025-04-20 00:00:00+00:00,17554.74106255289,1.3269183798584554
2025-04-21 00:00:00+00:00,17554.74106255289,1.2976644506624866
2025-04-22 00:00:00+00:00,17190.607291638407,1.2554095429813072
2025-04-23 00:00:00+00:00,17615.275744598002,1.243920256777575
2025-04-24 00:00:00+00:00,17567.561111588002,1.2689904964941756
2025-04-25 00:00:00+00:00,17237.20870689733,1.2315450872831808
2025-04-26 00:00:00+00:00,17050.396449097065,1.2157683852360548
2025-04-27 00:00:00+00:00,17176.340657322835,1.2516686357597808
2025-04-28 00:00:00+00:00,17176.340657322835,1.2678303816973653
2025-04-29 00:00:00+00:00,16962.385619542834,1.2395814231633584
2025-04-30 00:00:00+00:00,16474.86226844482,1.1714600529488859
2025-05-01 00:00:00+00:00,16221.40402253529,1.1634256490713946
2025-05-02 00:00:00+00:00,16259.977145964816,1.1261214420844827
2025-05-03 00:00:00+00:00,16280.68981815042,1.1283336253255207
2025-05-04 00:00:00+00:00,16280.68981815042,1.1093563893971914
2025-05-05 00:00:00+00:00,16280.68981815042,1.1122362981798033
2025-05-06 00:00:00+00:00,16263.50785215042,1.1080335530598817
2025-05-07 00:00:00+00:00,16233.528013002242,1.5152764232298215
2025-05-08 00:00:00+00:00,16218.8783251693,1.5532082044801858
2025-05-09 00:00:00+00:00,16491.173709221166,1.6138534332154006
2025-05-10 00:00:00+00:00,16749.90598544505,1.6572207165671444
2025-05-11 00:00:00+00:00,18005.6467521048,1.8646640294003145
2025-05-12 00:00:00+00:00,17688.316308479996,1.8141773615343375
2025-05-13 00:00:00+00:00,19081.09831045422,2.0357663195308238
2025-05-14 00:00:00+00:00,19573.72412685528,2.1141421466048005
2025-05-15 00:00:00+00:00,19267.899274939216,2.1030171850689072
2025-05-16 00:00:00+00:00,18969.46213269226,2.0691932430565476
2025-05-17 00:00:00+00:00,18924.708970264794,2.066147482016021
2025-05-18 00:00:00+00:00,18621.260496304258,2.01033571476625
2025-05-19 00:00:00+00:00,18621.260496304258,2.012601496990872
2025-05-20 00:00:00+00:00,19574.86942898823,2.1668791141649497
2025-05-21 00:00:00+00:00,19322.658617642814,2.09301677595797
2025-05-22 00:00:00+00:00,18032.22854964202,1.9614936678646666
2025-05-23 00:00:00+00:00,18032.22854964202,2.112327838047978
2025-05-24 00:00:00+00:00,17728.84071631204,2.0599636836785673
2025-05-25 00:00:00+00:00,17826.27995312713,2.0754895978962153
2025-05-26 00:00:00+00:00,17861.764688996464,2.0764037830877946
2025-05-27 00:00:00+00:00,17812.997790933463,2.075029279574681
2025-05-28 00:00:00+00:00,17744.40565610014,2.058793782062324
2025-05-29 00:00:00+00:00,17826.18713210014,2.084459475859248
2025-05-30 00:00:00+00:00,17700.83420550607,2.0711671415908675
2025-05-31 00:00:00+00:00,17173.62379034955,1.9818524645949678
2025-06-01 00:00:00+00:00,16205.540946295103,1.8143958508263105
2025-06-02 00:00:00+00:00,16205.540946295103,1.8128084651001286
2025-06-03 00:00:00+00:00,16257.534225950998,1.8284075292890924
2025-06-04 00:00:00+00:00,16315.813018833074,1.8416226091064143
2025-06-05 00:00:00+00:00,16330.503944978134,1.8345886314540687
2025-06-06 00:00:00+00:00,16298.915119978134,1.8397638261158358
2025-06-07 00:00:00+00:00,16298.915119978134,1.861568622522844
2025-06-08 00:00:00+00:00,16298.915119978134,2.1026405288879593
2025-06-09 00:00:00+00:00,16298.915119978134,2.1587757641663363
2025-06-10 00:00:00+00:00,16357.328373178132,2.1377516600653474
2025-06-11 00:00:00+00:00,16329.302417910862,2.173823016224297
2025-06-12 00:00:00+00:00,16314.06996019715,2.163772205616349
2025-06-13 00:00:00+00:00,16314.06996019715,2.1014503234074815
2025-06-14 00:00:00+00:00,16489.34100497512,2.2111255366664913
2025-06-15 00:00:00+00:00,16420.011606059627,2.2035500468083398
2025-06-16 00:00:00+00:00,16476.20969761226,2.172581612920851
2025-06-17 00:00:00+00:00,16476.20969761226,2.1772733008562533
2025-06-18 00:00:00+00:00,16532.497377326265,2.2102580667982097
2025-06-19 00:00:00+00:00,16822.06752367135,2.173426853244041
2025-06-20 00:00:00+00:00,16431.166565505846,2.0692462099318747
2025-06-21 00:00:00+00:00,16431.166565505846,2.057332765810544
2025-06-22 00:00:00+00:00,16431.166565505846,2.050850199347136
2025-06-23 00:00:00+00:00,17365.118797025847,2.2263246147125817
2025-06-24 00:00:00+00:00,18976.056202296397,2.5303090122027885
2025-06-25 00:00:00+00:00,19294.04833177572,2.6248314256051364
2025-06-26 00:00:00+00:00,19294.04833177572,2.6231097463517283
2025-06-27 00:00:00+00:00,19302.568893495718,2.632504117355929
2025-06-28 00:00:00+00:00,19397.723591118964,2.645046396604981
2025-06-29 00:00:00+00:00,19531.015246665225,2.6732862142649925
2025-06-30 00:00:00+00:00,19531.015246665225,2.6696309265287748
2025-07-01 00:00:00+00:00,19597.403214465226,2.6821043866490766
2025-07-02 00:00:00+00:00,19621.145419215227,2.6865652468611154
2025-07-03 00:00:00+00:00,20091.951304665454,2.775023722563494
2025-07-04 00:00:00+00:00,20416.676605315966,2.838318186605247
2025-07-05 00:00:00+00:00,20416.676605315966,2.879914594523867
2025-07-06 00:00:00+00:00,20416.676605315966,2.879914594523867
2025-07-07 00:00:00+00:00,20416.676605315966,2.879914594523867
2025-07-08 00:00:00+00:00,20289.816317563593,2.8558065042880756
2025-07-09 00:00:00+00:00,20475.211593450567,2.5293536004936383
2025-07-10 00:00:00+00:00,20834.745901494287,2.527281210651355
2025-07-11 00:00:00+00:00,20834.745901494287,2.5818653787049186
2025-07-12 00:00:00+00:00,21854.82347614429,2.694545414307201
2025-07-13 00:00:00+00:00,21926.3682976389,2.527910766127924
2025-07-14 00:00:00+00:00,22906.92512079207,2.5917213217475648
2025-07-15 00:00:00+00:00,23082.346248444017,2.6192267071779556
2025-07-16 00:00:00+00:00,22199.01912576076,2.215602884658993
2025-07-17 00:00:00+00:00,22404.01184972948,2.028362888345778
2025-07-18 00:00:00+00:00,24531.04747819572,1.8078608650354533
2025-07-19 00:00:00+00:00,23616.12210113754,2.065325320614871
2025-07-20 00:00:00+00:00,23678.05478648023,2.1494563938471445
2025-07-21 00:00:00+00:00,23632.03764559818,2.081455771557575
2025-07-22 00:00:00+00:00,23436.389898462414,2.0753070358396153
2025-07-23 00:00:00+00:00,22202.193717622416,1.9024636264090873
2025-07-24 00:00:00+00:00,19992.523316662413,1.6131558914319215
2025-07-25 00:00:00+00:00,21438.37895371993,1.67514129449834
2025-07-26 00:00:00+00:00,21395.279155236785,1.698453163722843
2025-07-27 00:00:00+00:00,21537.22273830538,1.7057295194640378
2025-07-28 00:00:00+00:00,21537.22273830538,1.7360045099906638
2025-07-29 00:00:00+00:00,21056.112592467583,1.6748861594582478
2025-07-30 00:00:00+00:00,21021.19730769509,1.6704506582905299
2025-07-31 00:00:00+00:00,20305.894740506523,1.5548060584885501
2025-08-01 00:00:00+00:00,19456.537972535647,1.4602334529365142
2025-08-02 00:00:00+00:00,18341.686845458626,1.3226311775413322
2025-08-03 00:00:00+00:00,17632.831910530324,1.5687218302343982
2025-08-04 00:00:00+00:00,19634.71531082426,1.8962219272148002
2025-08-05 00:00:00+00:00,20556.96591440825,2.1424246029414133
2025-08-06 00:00:00+00:00,20363.602635515228,2.4872226059319713
2025-08-07 00:00:00+00:00,20435.865698508333,2.4217154271676153
2025-08-08 00:00:00+00:00,20545.675584886554,2.1996270029497444
2025-08-09 00:00:00+00:00,21328.295726036155,2.301548314731944
2025-08-10 00:00:00+00:00,20550.49486674947,2.4891408579023486
2025-08-11 00:00:00+00:00,19990.873545879007,2.388879728500018
2025-08-12 00:00:00+00:00,19032.732747764418,2.248470842638702
2025-08-13 00:00:00+00:00,19090.208975517588,2.2774387799924054
2025-08-14 00:00:00+00:00,19108.827694256375,2.2582302860353765
2025-08-15 00:00:00+00:00,18506.149951540883,2.1654572371525584
2025-08-16 00:00:00+00:00,18492.809901689106,2.163175435834734
2025-08-17 00:00:00+00:00,18732.23143224789,2.1906920883026375
2025-08-18 00:00:00+00:00,18732.23143224789,2.18463880881774
2025-08-19 00:00:00+00:00,18751.802983109093,2.17706881661385
2025-08-20 00:00:00+00:00,18327.150085232694,2.0769460909016084
2025-08-21 00:00:00+00:00,19068.694940130554,2.214042552258983
2025-08-22 00:00:00+00:00,18231.79239766162,2.092278100263129
2025-08-23 00:00:00+00:00,18984.963320656236,2.219386471249195
2025-08-24 00:00:00+00:00,18675.054360868202,2.1586972974136214
2025-08-25 00:00:00+00:00,18332.998093978204,2.093567709003938
2025-08-26 00:00:00+00:00,17483.542870828747,1.9502279652746757
2025-08-27 00:00:00+00:00,18423.665441983867,2.1167174910471953
2025-08-28 00:00:00+00:00,17973.986969798545,2.0406457254139796
2025-08-29 00:00:00+00:00,18458.09076290308,2.130967182027465
2025-08-30 00:00:00+00:00,18023.308742260317,2.089975427751791
2025-08-31 00:00:00+00:00,16627.738861527894,1.890389487053279
2025-09-01 00:00:00+00:00,16627.738861527894,1.890389487053279
2025-09-02 00:00:00+00:00,16781.341658998987,1.9170901656416133
2025-09-03 00:00:00+00:00,17327.261367867337,2.0055633618369955
2025-09-04 00:00:00+00:00,17314.6820802452,2.010247432563697
2025-09-05 00:00:00+00:00,17314.6820802452,2.0151647000139308
2025-09-06 00:00:00+00:00,17314.6820802452,2.0090375696799363
2025-09-07 00:00:00+00:00,17314.6820802452,2.0519734285165363
2025-09-08 00:00:00+00:00,17314.6820802452,2.0519734285165363
2025-09-09 00:00:00+00:00,17314.6820802452,2.0519734285165363
2025-09-10 00:00:00+00:00,17314.6820802452,2.048733506127547
2025-09-11 00:00:00+00:00,17313.35748675914,2.0479643360057316
2025-09-12 00:00:00+00:00,17615.53123389862,2.1069671473633464
2025-09-13 00:00:00+00:00,17747.3356697599,2.070521943095994
2025-09-14 00:00:00+00:00,17753.088412559897,2.062003557354158
2025-09-15 00:00:00+00:00,17723.0372222999,2.040510648439676
2025-09-16 00:00:00+00:00,17686.28470528107,2.0447886932114185
2025-09-17 00:00:00+00:00,17823.305548077427,2.0490358372001816
2025-09-18 00:00:00+00:00,17733.038683656756,2.0435004420085634
2025-09-19 00:00:00+00:00,17733.038683656756,2.105683229938183
2025-09-20 00:00:00+00:00,17733.038683656756,2.1398921258125143
2025-09-21 00:00:00+00:00,17733.038683656756,2.1692550787465774
2025-09-22 00:00:00+00:00,17733.038683656756,2.0860843364944763
2025-09-23 00:00:00+00:00,17733.038683656756,2.1408335327450003
2025-09-24 00:00:00+00:00,17733.038683656756,2.141453843149646
2025-09-25 00:00:00+00:00,17598.450549156754,2.1153839753835837
2025-09-26 00:00:00+00:00,17250.926843322886,2.0564456322527334
2025-09-27 00:00:00+00:00,18046.08480128667,2.209814803415867
2025-09-28 00:00:00+00:00,17986.816404445857,2.2619692342214743
2025-09-29 00:00:00+00:00,17986.816404445857,2.137630330330455
2025-09-30 00:00:00+00:00,17997.573155685604,2.0577744161684928
2025-10-01 00:00:00+00:00,17946.954277905606,2.247610434719071
2025-10-02 00:00:00+00:00,18140.49261790561,2.515961442566938
2025-10-03 00:00:00+00:00,18808.87937477158,2.952388499947992
2025-10-04 00:00:00+00:00,18713.231059117654,2.9737824576205614
2025-10-05 00:00:00+00:00,18713.231059117654,2.926744494178149
2025-10-06 00:00:00+00:00,18713.231059117654,2.9269420711764003
2025-10-07 00:00:00+00:00,18705.13247246248,2.9252425955191605
2025-10-08 00:00:00+00:00,18321.20908059394,2.8446768762762114
2025-10-09 00:00:00+00:00,18321.20908059394,2.8393567439485206
2025-10-10 00:00:00+00:00,18354.02472502027,2.8523559719536475
2025-10-11 00:00:00+00:00,15656.595921491395,2.2780814110355365
2025-10-12 00:00:00+00:00,15656.595921491395,2.2780814110355365
2025-10-13 00:00:00+00:00,15656.595921491395,2.2780814110355365
2025-10-14 00:00:00+00:00,15644.686502693647,2.275587890440581
2025-10-15 00:00:00+00:00,15094.316932138072,2.1752303707102025
2025-10-16 00:00:00+00:00,13827.721179462842,1.9943005215127907
2025-10-17 00:00:00+00:00,13372.225232324412,1.8445381226836872
2025-10-18 00:00:00+00:00,12952.228748781621,1.7332062464871862
2025-10-19 00:00:00+00:00,13752.5786644757,1.901630256316316
2025-10-20 00:00:00+00:00,13597.134026110722,1.8766326693040196
2025-10-21 00:00:00+00:00,13839.474930852142,1.9298605396818123
2025-10-22 00:00:00+00:00,13262.894689486291,1.8077966820876132
2025-10-23 00:00:00+00:00,13234.234538820368,1.801729237699949
2025-10-24 00:00:00+00:00,13234.234538820368,1.801729237699949
2025-10-25 00:00:00+00:00,13234.234538820368,1.801729237699949
2025-10-26 00:00:00+00:00,13465.258065406653,1.8619793307765007
2025-10-27 00:00:00+00:00,13635.070528647995,1.8980721971400158
2025-10-28 00:00:00+00:00,13470.841727517995,1.863166112750903
2025-10-29 00:00:00+00:00,13039.582730541964,1.7644303527308152
2025-10-30 00:00:00+00:00,13039.582730541964,1.753307821884666
2025-10-31 00:00:00+00:00,12986.726577449943,1.748883246913378
2025-11-01 00:00:00+00:00,13211.542089964161,1.8010547828420838
2025-11-02 00:00:00+00:00,13181.184657501091,1.8331857305856833
2025-11-03 00:00:00+00:00,13181.184657501091,1.8440878698684928
2025-11-04 00:00:00+00:00,12764.351840787103,1.7788615073453018
2025-11-05 00:00:00+00:00,10404.36754625805,1.2650814426928498
2025-11-06 00:00:00+00:00,11168.476159053047,1.4314316058669867
2025-11-07 00:00:00+00:00,9847.217030437923,1.0803504439504614
2025-11-08 00:00:00+00:00,10203.202519482445,1.0985706869345435
2025-11-09 00:00:00+00:00,10108.564780457853,1.0856642415663944
2025-11-10 00:00:00+00:00,10049.362280761025,1.0958614085207201
2025-11-11 00:00:00+00:00,10213.412289961023,1.1300751301225356
2025-11-12 00:00:00+00:00,9051.614274855836,0.8877744192588672
2025-11-13 00:00:00+00:00,9240.991236255833,0.7763290931229228
2025-11-14 00:00:00+00:00,8896.334398577972,0.7358589074949449
2025-11-15 00:00:00+00:00,8297.920908220698,0.429336481275745
2025-11-16 00:00:00+00:00,8297.920908220698,0.32382586155436366
2025-11-17 00:00:00+00:00,8297.920908220698,0.12626016718701805
2025-11-18 00:00:00+00:00,7233.229553882264,0.08467584511285797
2025-11-19 00:00:00+00:00,7323.235831884264,0.04502237358063099
2025-11-20 00:00:00+00:00,7419.340019838613,0.08530023579213286
2025-11-21 00:00:00+00:00,6728.965701568709,-0.017532296960000915
2025-11-22 00:00:00+00:00,5530.85358762728,-0.30048822891075466
2025-11-23 00:00:00+00:00,5530.85358762728,-0.47350816779330085
2025-11-24 00:00:00+00:00,5607.210165398455,-0.4451889209368135
2025-11-25 00:00:00+00:00,6874.648544467645,-0.38271896933063676
2025-11-26 00:00:00+00:00,6784.342638313199,-0.38187353302005556
2025-11-27 00:00:00+00:00,6970.313711683419,-0.34471139091771885
2025-11-28 00:00:00+00:00,6790.94167096327,-0.3987680592127557
2025-11-29 00:00:00+00:00,5961.0499516132695,-0.4692663041014483
2025-11-30 00:00:00+00:00,5926.9559906516115,-0.5025147430496433
2025-12-01 00:00:00+00:00,5841.896680505323,-0.57389445267792
2025-12-02 00:00:00+00:00,5824.343690285397,-0.683773191327375
2025-12-03 00:00:00+00:00,6205.662814274897,-0.7351612995394736
2025-12-04 00:00:00+00:00,6270.075992152276,-0.709087094960614
2025-12-05 00:00:00+00:00,6270.075992152276,-0.6971314271448268
2025-12-06 00:00:00+00:00,6270.075992152276,-0.6874469709673581
2025-12-07 00:00:00+00:00,6270.075992152276,-0.7141035871263238
2025-12-08 00:00:00+00:00,6404.94661742324,-0.7194897529051616
2025-12-09 00:00:00+00:00,6402.45519134324,-0.7203963668497895
2025-12-10 00:00:00+00:00,6434.792284361338,-0.6606863716719713
2025-12-11 00:00:00+00:00,6403.963051801472,-0.6409968768178624
2025-12-12 00:00:00+00:00,6403.963051801472,-0.6434486222112952
2025-12-13 00:00:00+00:00,6777.2804257193975,-0.6174161339707818
2025-12-14 00:00:00+00:00,6979.182983201785,-0.6126464343510567
2025-12-15 00:00:00+00:00,6541.665314147116,-0.6298817612868122
2025-12-16 00:00:00+00:00,6272.507380947116,-0.6488417144973917
2025-12-17 00:00:00+00:00,6439.658760054947,-0.6456648001229955
2025-12-18 00:00:00+00:00,6055.00517066105,-0.6682663931988961
2025-12-19 00:00:00+00:00,5772.0798599318505,-0.624346373669079
2025-12-20 00:00:00+00:00,5968.182443083092,-0.6021546805107176
2025-12-21 00:00:00+00:00,6184.587072103582,-0.6184250861519498
2025-12-22 00:00:00+00:00,5946.354232192821,-0.6256911122448294
2025-12-23 00:00:00+00:00,5906.122276109355,-0.6318070285974638
2025-12-24 00:00:00+00:00,5841.0697426730585,-0.643280900249753
2025-12-25 00:00:00+00:00,5812.978353842758,-0.6495577560691014
2025-12-26 00:00:00+00:00,5812.978353842758,-0.6470536703612415
2025-12-27 00:00:00+00:00,5812.978353842758,-0.6400487887340764
2025-12-28 00:00:00+00:00,5812.978353842758,-0.6295630635226391
2025-12-29 00:00:00+00:00,5812.978353842758,-0.6331770932675846
2025-12-30 00:00:00+00:00,5710.98246319277,-0.6358474531121103
2025-12-31 00:00:00+00:00,5717.580620720323,-0.641368495295808
2026-01-01 00:00:00+00:00,5690.71757361196,-0.6539912365957912
2026-01-02 00:00:00+00:00,5690.71757361196,-0.6871823498543815
2026-01-03 00:00:00+00:00,5690.71757361196,-0.6868787069916189
2026-01-04 00:00:00+00:00,5702.667177272288,-0.6902996938177529
2026-01-05 00:00:00+00:00,5890.343704751148,-0.676358457388138
2026-01-06 00:00:00+00:00,6089.389437981402,-0.6654220042061296
2026-01-07 00:00:00+00:00,5933.936267140304,-0.668433697911704
2026-01-08 00:00:00+00:00,5226.103472962487,-0.6653741533144151
2026-01-09 00:00:00+00:00,5318.157576435063,-0.6697778197943464
2026-01-10 00:00:00+00:00,5126.56273322175,-0.6526717829956401
2026-01-11 00:00:00+00:00,5096.653867991165,-0.676919300364544
2026-01-12 00:00:00+00:00,5096.653867991165,-0.6927295860431015
2026-01-13 00:00:00+00:00,5096.653867991165,-0.690380818925258
2026-01-14 00:00:00+00:00,5350.019693729091,-0.7179117921264566
2026-01-15 00:00:00+00:00,5271.500136605077,-0.75036669738562
2026-01-16 00:00:00+00:00,5175.186375322863,-0.7972643790605708
2026-01-17 00:00:00+00:00,5175.186375322863,-0.8068637127921046
2026-01-18 00:00:00+00:00,5175.186375322863,-0.8105653807976149
2026-01-19 00:00:00+00:00,5175.186375322863,-0.8097402762887168
2026-01-20 00:00:00+00:00,5123.274669322863,-0.8073423792928508
2026-01-21 00:00:00+00:00,4850.461102335646,-0.795033753601555
2026-01-22 00:00:00+00:00,4893.817443367958,-0.7979864742506985
2026-01-23 00:00:00+00:00,4875.169798071508,-0.7994821855083933
2026-01-24 00:00:00+00:00,4875.169798071508,-0.8009157857062317
2026-01-25 00:00:00+00:00,4875.169798071508,-0.799731594196733
2026-01-26 00:00:00+00:00,4875.169798071508,-0.8010022313629361
2026-01-27 00:00:00+00:00,4957.579305546183,-0.797638387890566
2026-01-28 00:00:00+00:00,4999.127567234768,-0.8172918496214383
2026-01-29 00:00:00+00:00,5052.086964372965,-0.8156144576870021
2026-01-30 00:00:00+00:00,5052.086964372965,-0.8206633466021143
2026-01-31 00:00:00+00:00,5052.086964372965,-0.8206746717008048
2026-02-01 00:00:00+00:00,4346.904131979693,-0.8454899130825504
2026-02-02 00:00:00+00:00,4249.1407758503665,-0.8479122243377117
2026-02-03 00:00:00+00:00,4034.5406877345254,-0.8557847288734894
2026-02-04 00:00:00+00:00,3942.557946051286,-0.8258106160267535
2026-02-05 00:00:00+00:00,3449.191562117596,-0.8473092883571931
2026-02-06 00:00:00+00:00,2766.0375320190205,-0.8737840026155717
2026-02-07 00:00:00+00:00,2779.833400853159,-0.8687358714162798
2026-02-08 00:00:00+00:00,2777.7086076178616,-0.8830460126756379
2026-02-09 00:00:00+00:00,2777.7086076178616,-0.8847395632312413
2026-02-10 00:00:00+00:00,2619.0732761848226,-0.8906967518108947
2026-02-11 00:00:00+00:00,2546.5035248953955,-0.8961580575097526
2026-02-12 00:00:00+00:00,2547.0308481265424,-0.8957970644252793
2026-02-13 00:00:00+00:00,2513.9737358678954,-0.8986160656336726
2026-02-14 00:00:00+00:00,2705.5437118188634,-0.8924502426433093
2026-02-15 00:00:00+00:00,2852.2839255912268,-0.8898834561484759
2026-02-16 00:00:00+00:00,2667.478545800369,-0.8980795080716324
2026-02-17 00:00:00+00:00,2597.741738751351,-0.8992052874344387
2026-02-18 00:00:00+00:00,2637.049026589825,-0.8964442790718609
2026-02-19 00:00:00+00:00,2283.6138842067585,-0.9089715514982184
2026-02-20 00:00:00+00:00,2283.6138842067585,-0.914036032376425
2026-02-21 00:00:00+00:00,2283.6138842067585,-0.9130688205501392
2026-02-22 00:00:00+00:00,2283.6138842067585,-0.9122695924815558
2026-02-23 00:00:00+00:00,2283.6138842067585,-0.9123273166466009
2026-02-24 00:00:00+00:00,2432.849451550295,-0.9061228649537101
2026-02-25 00:00:00+00:00,2316.755337404138,-0.9087836124162457
2026-02-26 00:00:00+00:00,2971.822120562381,-0.8942685693231675
2026-02-27 00:00:00+00:00,2853.0458136792613,-0.8908259212124716
2026-02-28 00:00:00+00:00,2692.023521856625,-0.8987485310784422
2026-03-01 00:00:00+00:00,2692.023521856625,-0.8983753540470105
2026-03-02 00:00:00+00:00,2641.9334895016673,-0.9010825707528309
2026-03-03 00:00:00+00:00,2584.1048254216666,-0.9046112669328296
2026-03-04 00:00:00+00:00,2441.622389580932,-0.9054764074914134
2026-03-05 00:00:00+00:00,2832.417960739699,-0.8934969581359933
2026-03-06 00:00:00+00:00,2756.6446922046002,-0.8981269465349316
2026-03-07 00:00:00+00:00,2756.6446922046002,-0.8998631628454128
2026-03-08 00:00:00+00:00,2756.6446922046002,-0.8836142671499565
2026-03-09 00:00:00+00:00,2756.6446922046002,-0.8813772818991586
2026-03-10 00:00:00+00:00,2750.5035821753427,-0.8773579125125678
2026-03-11 00:00:00+00:00,2783.9083006123374,-0.853469197187279
2026-03-12 00:00:00+00:00,2783.9083006123374,-0.8546802400322995
2026-03-13 00:00:00+00:00,2783.9083006123374,-0.8558632138897324
2026-03-14 00:00:00+00:00,2695.6138142341933,-0.8560970320220371
2026-03-15 00:00:00+00:00,2695.6138142341933,-0.8661476480348151
2026-03-16 00:00:00+00:00,2780.2668181535732,-0.8671768893923703
2026-03-17 00:00:00+00:00,3116.2391397767115,-0.8511263116044123
2026-03-18 00:00:00+00:00,3102.934076067505,-0.8519407372541209
2026-03-19 00:00:00+00:00,2946.784544433246,-0.8591559964391655
2026-03-20 00:00:00+00:00,2946.784544433246,-0.8659331406073605
2026-03-21 00:00:00+00:00,2946.784544433246,-0.8670408862206247
2026-03-22 00:00:00+00:00,2946.784544433246,-0.8651066222842352
2026-03-23 00:00:00+00:00,2946.784544433246,-0.8651715629608352
2026-03-24 00:00:00+00:00,2989.3253137701518,-0.8632251344542198
2026-03-25 00:00:00+00:00,2669.454977862151,-0.8776820607748972
2026-03-26 00:00:00+00:00,2669.454977862151,-0.8773988703425111
2026-03-27 00:00:00+00:00,2669.454977862151,-0.8756351248701287
2026-03-28 00:00:00+00:00,2669.454977862151,-0.8756351248701287
2026-03-29 00:00:00+00:00,2685.4126334632506,-0.8687064966648737
2026-03-30 00:00:00+00:00,2641.119903043261,-0.8723259300793398
2026-03-31 00:00:00+00:00,2618.7450484332603,-0.8735389974142244
2026-04-01 00:00:00+00:00,2751.726443231694,-0.8653131555161142
2026-04-02 00:00:00+00:00,2793.725017414852,-0.8661075224537834
2026-04-03 00:00:00+00:00,2538.3323739682214,-0.8758994787971863
2026-04-04 00:00:00+00:00,2538.3323739682214,-0.8784321638032245
2026-04-05 00:00:00+00:00,2538.3323739682214,-0.882408763162473
2026-04-06 00:00:00+00:00,2538.3323739682214,-0.882408763162473
2026-04-07 00:00:00+00:00,2538.3323739682214,-0.8635527866582022
2026-04-08 00:00:00+00:00,2538.3323739682214,-0.8553487356005359
2026-04-09 00:00:00+00:00,2495.593621558221,-0.8522122509952113
2026-04-10 00:00:00+00:00,2495.593621558221,-0.8749841136741447
2026-04-11 00:00:00+00:00,2495.593621558221,-0.8666191402289859
2026-04-12 00:00:00+00:00,2495.593621558221,-0.8701203541107703
2026-04-13 00:00:00+00:00,2495.593621558221,-0.8718911874793956
2026-04-14 00:00:00+00:00,2572.9028067978807,-0.8677306663358175
2026-04-15 00:00:00+00:00,2537.162177539755,-0.864127145749117
2026-04-16 00:00:00+00:00,2537.162177539755,-0.8565365852609489
2026-04-17 00:00:00+00:00,2667.3016985343156,-0.848973251897316
2026-04-18 00:00:00+00:00,2738.139733171696,-0.8445481662281709
2026-04-19 00:00:00+00:00,2717.8525927231844,-0.8451784288336326
2026-04-20 00:00:00+00:00,2717.8525927231844,-0.8451784288336326
2026-04-21 00:00:00+00:00,2794.581094757103,-0.8408076151736354
2026-04-22 00:00:00+00:00,2870.8921110608944,-0.8329964693884137
2026-04-23 00:00:00+00:00,3013.4002792988454,-0.828932551327052
2026-04-24 00:00:00+00:00,3013.4002792988454,-0.8284679210644026
2026-04-25 00:00:00+00:00,3013.4002792988454,-0.8251804958367153
2026-04-26 00:00:00+00:00,3013.4002792988454,-0.8232650901522923
2026-04-27 00:00:00+00:00,3013.4002792988454,-0.8245609854032481
2026-04-28 00:00:00+00:00,3013.4002792988454,-0.8245609854032481
2026-04-29 00:00:00+00:00,3013.4002792988454,-0.8223480855294892
2026-04-30 00:00:00+00:00,3013.4002792988454,-0.8170910184135153
2026-05-01 00:00:00+00:00,3013.4002792988454,-0.8142330790163087
2026-05-02 00:00:00+00:00,3004.256276898845,-0.8152361316421406
2026-05-03 00:00:00+00:00,3011.2644275876946,-0.8150407346849268
2026-05-04 00:00:00+00:00,3011.527565695473,-0.8150245720953364
2026-05-05 00:00:00+00:00,2977.3499041726645,-0.8171238481029602
2026-05-06 00:00:00+00:00,3103.713670755592,-0.8091608711373293
2026-05-07 00:00:00+00:00,3294.8928379044314,-0.7970316227461223
2026-05-08 00:00:00+00:00,3294.8928379044314,-0.7968482917347468
2026-05-09 00:00:00+00:00,3294.8928379044314,-0.8002026480345624
2026-05-10 00:00:00+00:00,3285.386723146135,-0.8038564081493356
2026-05-11 00:00:00+00:00,3394.4677884667076,-0.8114775972670959
2026-05-12 00:00:00+00:00,3396.7245967167073,-0.8079678960123369
2026-05-13 00:00:00+00:00,3360.344772006668,-0.8238914386722912
2026-05-14 00:00:00+00:00,3360.344772006668,-0.8283236879079003
2026-05-15 00:00:00+00:00,3360.344772006668,-0.825598799118838
2026-05-16 00:00:00+00:00,3360.344772006668,-0.8228550314974192
2026-05-17 00:00:00+00:00,3360.344772006668,-0.822436118976172
2026-05-18 00:00:00+00:00,3360.344772006668,-0.8195425721758421
2026-05-19 00:00:00+00:00,3360.344772006668,-0.8195425721758421
2026-05-20 00:00:00+00:00,3360.344772006668,-0.8283337324830189
2026-05-21 00:00:00+00:00,3360.344772006668,-0.8260930424481826
2026-05-22 00:00:00+00:00,3360.344772006668,-0.8136478382161267
2026-05-23 00:00:00+00:00,3360.344772006668,-0.8136478382161267
2026-05-24 00:00:00+00:00,3360.344772006668,-0.8104588548243391
2026-05-25 00:00:00+00:00,3360.344772006668,-0.8114948951299742
2026-05-26 00:00:00+00:00,3360.344772006668,-0.8118693852194363
2026-05-27 00:00:00+00:00,3360.344772006668,-0.8113543373526364
2026-05-28 00:00:00+00:00,3360.344772006668,-0.8106251154796242
2026-05-29 00:00:00+00:00,3360.344772006668,-0.8114939135831467
2026-05-30 00:00:00+00:00,3360.344772006668,-0.8101589601375178
2026-05-31 00:00:00+00:00,3360.344772006668,-0.8043310594765118
2026-06-01 00:00:00+00:00,3360.344772006668,-0.792642233718529
2026-06-02 00:00:00+00:00,3465.6752847066673,-0.7861425733215659
2026-06-03 00:00:00+00:00,3078.2118090593394,-0.8106593677566576
2026-06-04 00:00:00+00:00,2860.4109390984936,-0.8246847438250997
2026-06-05 00:00:00+00:00,2902.962933510632,-0.8222367819577708
2026-06-06 00:00:00+00:00,2386.981968565954,-0.8535496411267184
2026-06-07 00:00:00+00:00,2534.484247121118,-0.8444998192539506
2026-06-08 00:00:00+00:00,2799.7851648625883,-0.8282226059677557
2026-06-09 00:00:00+00:00,2732.1667044911565,-0.8323712538914785
2026-06-10 00:00:00+00:00,2732.1667044911565,-0.8329698687854664
2026-06-11 00:00:00+00:00,2732.1667044911565,-0.8326831952420473
2026-06-12 00:00:00+00:00,2732.1667044911565,-0.8325269714328147
2026-06-13 00:00:00+00:00,2732.1667044911565,-0.8325269714328147
2026-06-14 00:00:00+00:00,2732.1667044911565,-0.8343071015593155
2026-06-15 00:00:00+00:00,2732.1667044911565,-0.8336075046693097
2026-06-16 00:00:00+00:00,2732.1667044911565,-0.834175046650013
2026-06-17 00:00:00+00:00,2732.1667044911565,-0.834175046650013
2026-06-18 00:00:00+00:00,2732.1667044911565,-0.8347396257120702
2026-06-19 00:00:00+00:00,2732.1667044911565,-0.8375843694215019
2026-06-20 00:00:00+00:00,2732.1667044911565,-0.8337204669188353
2026-06-21 00:00:00+00:00,2732.1667044911565,-0.8337204669188353
2026-06-22 00:00:00+00:00,2732.1667044911565,-0.8337204669188353
2026-06-23 00:00:00+00:00,2691.155526528788,-0.8450252164707501
2026-06-24 00:00:00+00:00,2691.155526528788,-0.8581815158092166
2026-06-25 00:00:00+00:00,2754.384882928788,-0.8572417340536801
2026-06-26 00:00:00+00:00,2653.5900583956645,-0.8624658748249625
2026-06-27 00:00:00+00:00,2786.068570763809,-0.8556633271904749
2026-06-28 00:00:00+00:00,2782.094906054608,-0.8565762166376905
2026-06-29 00:00:00+00:00,2774.6443724915644,-0.8579365006145641
2026-06-30 00:00:00+00:00,2774.6443724915644,-0.8579365006145641
2026-07-01 00:00:00+00:00,2774.6443724915644,-0.8584177535091208
2026-07-02 00:00:00+00:00,2774.6443724915644,-0.858589072492459
2026-07-03 00:00:00+00:00,2774.6443724915644,-0.8619026927540244
2026-07-04 00:00:00+00:00,2813.182854858737,-0.8622115190811095
2026-07-05 00:00:00+00:00,2839.133423065538,-0.8609404714611436
2026-07-06 00:00:00+00:00,2819.3659343821637,-0.86190867451718
2026-07-07 00:00:00+00:00,3089.359296535772,-0.8486845162776696
2026-07-08 00:00:00+00:00,2775.0574039573185,-0.8632290524209858
2026-07-09 00:00:00+00:00,2775.0574039573185,-0.8644674614818154
2026-07-10 00:00:00+00:00,2775.0574039573185,-0.8668062755803377
2026-07-11 00:00:00+00:00,2775.0574039573185,-0.8668062755803377
2026-07-12 00:00:00+00:00,2775.0574039573185,-0.8730231151495484
2026-07-13 00:00:00+00:00,2775.0574039573185,-0.8734374354071146
2026-07-14 00:00:00+00:00,2775.0574039573185,-0.8788550890473525
2026-07-15 00:00:00+00:00,2775.0574039573185,-0.8797757656830754
2026-07-16 00:00:00+00:00,2775.0574039573185,-0.8749918909373335
2026-07-17 00:00:00+00:00,2775.0574039573185,-0.8761356929031071
2026-07-18 00:00:00+00:00,2775.0574039573185,-0.8868757069414214
2026-07-19 00:00:00+00:00,2775.0574039573185,-0.8824930955186902
2026-07-20 00:00:00+00:00,2775.0574039573185,-0.8828004483906411
2026-07-21 00:00:00+00:00,2798.8356617072527,-0.8815660459042736
2026-07-22 00:00:00+00:00,2864.135602570357,-0.8777910926137023
2026-07-23 00:00:00+00:00,2833.5006965303573,-0.8723774446539785
2026-07-24 00:00:00+00:00,2833.5006965303573,-0.8582719823980984
2026-07-25 00:00:00+00:00,2833.5006965303573,-0.8678304594462495
2026-07-26 00:00:00+00:00,2833.5006965303573,-0.867564210031033
2026-07-27 00:00:00+00:00,2833.5006965303573,-0.8684370435798675
2026-07-28 00:00:00+00:00,2796.0144364303574,-0.870177577192557
2026-07-29 00:00:00+00:00,2796.0144364303574,-0.8672112706392643
2026-07-30 00:00:00+00:00,2796.0144364303574,-0.866990714396328
2026-07-31 00:00:00+00:00,2796.0144364303574,-0.8623052826698238
2026-08-01 00:00:00+00:00,2796.0144364303574,-0.8562943499826567
2026-08-02 00:00:00+00:00,2796.0144364303574,-0.8475595805342928
2026-08-03 00:00:00+00:00,2796.0144364303574,-0.8414313451964243
2026-08-04 00:00:00+00:00,2796.0144364303574,-0.8575984223774833
2026-08-05 00:00:00+00:00,2796.0144364303574,-0.8639870081960563
2026-08-06 00:00:00+00:00,2796.0144364303574,-0.8626954922232691
2026-08-07 00:00:00+00:00,2796.0144364303574,-0.8631810133380136
2026-08-08 00:00:00+00:00,2796.0144364303574,-0.8639122658742304
2026-08-09 00:00:00+00:00,2796.0144364303574,-0.8689058670066558
2026-08-10 00:00:00+00:00,2796.0144364303574,-0.8639441797114927
2026-08-11 00:00:00+00:00,2744.8088361804994,-0.862696903670509
2026-08-12 00:00:00+00:00,2744.8088361804994,-0.8557848275097066
2026-08-13 00:00:00+00:00,2744.8088361804994,-0.8562190262191156
2026-08-14 00:00:00+00:00,2744.8088361804994,-0.8563591194552704
2026-08-15 00:00:00+00:00,2744.8088361804994,-0.8516812603719361
2026-08-16 00:00:00+00:00,2744.8088361804994,-0.8515742685523527
2026-08-17 00:00:00+00:00,2744.8088361804994,-0.8534713364978366
2026-08-18 00:00:00+00:00,2744.8088361804994,-0.8534713364978366
2026-08-19 00:00:00+00:00,2744.8088361804994,-0.8536242707619679
2026-08-20 00:00:00+00:00,2744.8088361804994,-0.8502326426413587
2026-08-21 00:00:00+00:00,3107.796573363347,-0.8370210135973748
2026-08-22 00:00:00+00:00,3883.115229868649,-0.7870140716188337
2026-08-23 00:00:00+00:00,4055.817937779631,-0.7863668278270112
2026-08-24 00:00:00+00:00,4208.864665094972,-0.7746263767823751
2026-08-25 00:00:00+00:00,4118.403246654972,-0.7753557151130817
2026-08-26 00:00:00+00:00,3928.5651582447813,-0.7752992521441644
2026-08-27 00:00:00+00:00,4241.634281115823,-0.7697725083820735
2026-08-28 00:00:00+00:00,4437.974702705524,-0.7530890219202565
2026-08-29 00:00:00+00:00,4288.38868876781,-0.7676688914442561
2026-08-30 00:00:00+00:00,4288.38868876781,-0.762064294070901
2026-08-31 00:00:00+00:00,4247.55582116781,-0.744550004270544
