window_end_date,0
2022-09-01,-0.03993549702694155
2022-09-02,-0.03993549702694155
2022-09-03,-0.03993549702694155
2022-09-04,-0.03993549702694155
2022-09-05,-0.03993549702694155
2022-09-06,-0.03993549702694155
2022-09-07,-0.041086572986289704
2022-09-08,-0.041086572986289704
2022-09-09,-0.041086572986289704
2022-09-10,-0.04027338212295828
2022-09-11,-0.04027338212295828
2022-09-12,-0.04027338212295828
2022-09-13,-0.04475788462717323
2022-09-14,-0.04475788462717323
2022-09-15,-0.04475788462717323
2022-09-16,-0.04475788462717323
2022-09-17,-0.04475788462717323
2022-09-18,-0.04475788462717323
2022-09-19,-0.04475788462717323
2022-09-20,-0.04475788462717323
2022-09-21,-0.04475788462717323
2022-09-22,-0.04475788462717323
2022-09-23,-0.04475788462717323
2022-09-24,-0.04475788462717323
2022-09-25,-0.04475788462717323
2022-09-26,-0.04475788462717323
2022-09-27,-0.04475788462717323
2022-09-28,-0.04149390509224293
2022-09-29,-0.04149390509224293
2022-09-30,-0.04149390509224293
2022-10-01,-0.04149390509224293
2022-10-02,-0.04149390509224293
2022-10-03,-0.039488487628247526
2022-10-04,-0.039488487628247526
2022-10-05,-0.039488487628247526
2022-10-06,-0.03948003655162402
2022-10-07,-0.03948003655162402
2022-10-08,-0.03948003655162402
2022-10-09,-0.03948003655162402
2022-10-10,-0.03948003655162402
2022-10-11,-0.03948003655162402
2022-10-12,-0.03948003655162402
2022-10-13,-0.04896005896206912
2022-10-14,-0.04896005896206912
2022-10-15,-0.04896005896206912
2022-10-16,-0.04896005896206912
2022-10-17,-0.04896005896206912
2022-10-18,-0.04896005896206912
2022-10-19,-0.04896005896206912
2022-10-20,-0.04896005896206912
2022-10-21,-0.052057614754294046
2022-10-22,-0.052057614754294046
2022-10-23,-0.052057614754294046
2022-10-24,-0.052057614754294046
2022-10-25,-0.052057614754294046
2022-10-26,-0.052057614754294046
2022-10-27,-0.052057614754294046
2022-10-28,-0.055758144737218296
2022-10-29,-0.055758144737218296
2022-10-30,-0.055758144737218296
2022-10-31,-0.055758144737218296
2022-11-01,-0.05498011876063591
2022-11-02,-0.059416018028380146
2022-11-03,-0.059416018028380146
2022-11-04,-0.059416018028380146
2022-11-05,-0.059416018028380146
2022-11-06,-0.059416018028380146
2022-11-07,-0.059416018028380146
2022-11-08,-0.059416018028380146
2022-11-09,-0.0592444422566617
2022-11-10,-0.05976030295331025
2022-11-11,-0.05976030295331025
2022-11-12,-0.05976030295331025
2022-11-13,-0.05976030295331025
2022-11-14,-0.05976030295331025
2022-11-15,-0.05495361787518471
2022-11-16,-0.05495361787518471
2022-11-17,-0.05495361787518471
2022-11-18,-0.05495361787518471
2022-11-19,-0.05495361787518471
2022-11-20,-0.05495361787518471
2022-11-21,-0.05495361787518471
2022-11-22,-0.05495361787518471
2022-11-23,-0.05495361787518471
2022-11-24,-0.05495361787518471
2022-11-25,-0.05495361787518471
2022-11-26,-0.05495361787518471
2022-11-27,-0.05495361787518471
2022-11-28,-0.05495361787518471
2022-11-29,-0.05495361787518471
2022-11-30,-0.0549698729606084
2022-12-01,-0.0549698729606084
2022-12-02,-0.0549698729606084
2022-12-03,-0.05735190543667679
2022-12-04,-0.05735190543667679
2022-12-05,-0.0567853232846548
2022-12-06,-0.05776664953126376
2022-12-07,-0.05776664953126376
2022-12-08,-0.05776664953126376
2022-12-09,-0.05776664953126376
2022-12-10,-0.05776664953126376
2022-12-11,-0.05776664953126376
2022-12-12,-0.05776664953126376
2022-12-13,-0.06062902247625779
2022-12-14,-0.06062902247625779
2022-12-15,-0.059949746011967564
2022-12-16,-0.059002767472731366
2022-12-17,-0.059002767472731366
2022-12-18,-0.059002767472731366
2022-12-19,-0.059002767472731366
2022-12-20,-0.059002767472731366
2022-12-21,-0.059002767472731366
2022-12-22,-0.059002767472731366
2022-12-23,-0.059002767472731366
2022-12-24,-0.059002767472731366
2022-12-25,-0.059002767472731366
2022-12-26,-0.059002767472731366
2022-12-27,-0.059002767472731366
2022-12-28,-0.059002767472731366
2022-12-29,-0.059002767472731366
2022-12-30,-0.059002767472731366
2022-12-31,-0.059002767472731366
2023-01-01,-0.059002767472731366
2023-01-02,-0.059002767472731366
2023-01-03,-0.059002767472731366
2023-01-04,-0.059002767472731366
2023-01-05,-0.05202249792131097
2023-01-06,-0.05230932052947601
2023-01-07,-0.05230932052947601
2023-01-08,-0.05230932052947601
2023-01-09,-0.05230932052947601
2023-01-10,-0.060960592409514125
2023-01-11,-0.060960592409514125
2023-01-12,-0.060960592409514125
2023-01-13,-0.05638995764127075
2023-01-14,-0.05638995764127075
2023-01-15,-0.05638995764127075
2023-01-16,-0.05638995764127075
2023-01-17,-0.05638995764127075
2023-01-18,-0.06172413698376278
2023-01-19,-0.06172413698376278
2023-01-20,-0.06324057456493759
2023-01-21,-0.06324057456493759
2023-01-22,-0.06324057456493759
2023-01-23,-0.06324057456493759
2023-01-24,-0.06316995721031515
2023-01-25,-0.06316995721031515
2023-01-26,-0.06316995721031515
2023-01-27,-0.06316995721031515
2023-01-28,-0.06203609676750532
2023-01-29,-0.06203609676750532
2023-01-30,-0.06203609676750532
2023-01-31,-0.06076506272791948
2023-02-01,-0.06076506272791948
2023-02-02,-0.06076506272791948
2023-02-03,-0.06076506272791948
2023-02-04,-0.06076506272791948
2023-02-05,-0.06076506272791948
2023-02-06,-0.06076506272791948
2023-02-07,-0.06076506272791948
2023-02-08,-0.06076506272791948
2023-02-09,-0.06500100675086873
2023-02-10,-0.06500100675086873
2023-02-11,-0.06500100675086873
2023-02-12,-0.06500100675086873
2023-02-13,-0.06500100675086873
2023-02-14,-0.06500100675086873
2023-02-15,-0.06500100675086873
2023-02-16,-0.06500100675086873
2023-02-17,-0.06500100675086873
2023-02-18,-0.06500100675086873
2023-02-19,-0.06500100675086873
2023-02-20,-0.06500100675086873
2023-02-21,-0.06500100675086873
2023-02-22,-0.06500100675086873
2023-02-23,-0.06500100675086873
2023-02-24,-0.05570179694663635
2023-02-25,-0.05570179694663635
2023-02-26,-0.05570179694663635
2023-02-27,-0.05570179694663635
2023-02-28,-0.05570179694663635
2023-03-01,-0.05570179694663635
2023-03-02,-0.055990758692706644
2023-03-03,-0.055990758692706644
2023-03-04,-0.055990758692706644
2023-03-05,-0.055990758692706644
2023-03-06,-0.055990758692706644
2023-03-07,-0.059058533603692176
2023-03-08,-0.059058533603692176
2023-03-09,-0.059058533603692176
2023-03-10,-0.059058533603692176
2023-03-11,-0.059058533603692176
2023-03-12,-0.059058533603692176
2023-03-13,-0.055609897885082415
2023-03-14,-0.055609897885082415
2023-03-15,-0.055609897885082415
2023-03-16,-0.059855574921562904
2023-03-17,-0.05947565843274505
2023-03-18,-0.05947565843274505
2023-03-19,-0.05947565843274505
2023-03-20,-0.05947565843274505
2023-03-21,-0.05947565843274505
2023-03-22,-0.06192711737749379
2023-03-23,-0.06192711737749379
2023-03-24,-0.06192711737749379
2023-03-25,-0.06192711737749379
2023-03-26,-0.06192711737749379
2023-03-27,-0.06192711737749379
2023-03-28,-0.06192711737749379
2023-03-29,-0.06192711737749379
2023-03-30,-0.06192711737749379
2023-03-31,-0.060482676411609315
2023-04-01,-0.060482676411609315
2023-04-02,-0.060482676411609315
2023-04-03,-0.060482676411609315
2023-04-04,-0.060482676411609315
2023-04-05,-0.062054341290659565
2023-04-06,-0.062054341290659565
2023-04-07,-0.062054341290659565
2023-04-08,-0.062054341290659565
2023-04-09,-0.062054341290659565
2023-04-10,-0.062054341290659565
2023-04-11,-0.062054341290659565
2023-04-12,-0.062054341290659565
2023-04-13,-0.062054341290659565
2023-04-14,-0.062054341290659565
2023-04-15,-0.062054341290659565
2023-04-16,-0.062054341290659565
2023-04-17,-0.062054341290659565
2023-04-18,-0.062054341290659565
2023-04-19,-0.06031111792796995
2023-04-20,-0.06031111792796995
2023-04-21,-0.0509279867012008
2023-04-22,-0.0509279867012008
2023-04-23,-0.0509279867012008
2023-04-24,-0.0509279867012008
2023-04-25,-0.05158739974905058
2023-04-26,-0.05158739974905058
2023-04-27,-0.05158739974905058
2023-04-28,-0.05158739974905058
2023-04-29,-0.05158739974905058
2023-04-30,-0.05158739974905058
2023-05-01,-0.05158739974905058
2023-05-02,-0.051401726552323224
2023-05-03,-0.051401726552323224
2023-05-04,-0.04622505380502562
2023-05-05,-0.04622505380502562
2023-05-06,-0.04622505380502562
2023-05-07,-0.04622505380502562
2023-05-08,-0.04622505380502562
2023-05-09,-0.04622505380502562
2023-05-10,-0.03947503934014396
2023-05-11,-0.03947503934014396
2023-05-12,-0.03947503934014396
2023-05-13,-0.03947503934014396
2023-05-14,-0.03947503934014396
2023-05-15,-0.03947503934014396
2023-05-16,-0.03947503934014396
2023-05-17,-0.03947503934014396
2023-05-18,-0.03947503934014396
2023-05-19,-0.03947503934014396
2023-05-20,-0.03947503934014396
2023-05-21,-0.03947503934014396
2023-05-22,-0.03947503934014396
2023-05-23,-0.03947503934014396
2023-05-24,-0.03947503934014396
2023-05-25,-0.03947503934014396
2023-05-26,-0.03997053680112583
2023-05-27,-0.039469258152462716
2023-05-28,-0.039469258152462716
2023-05-29,-0.039469258152462716
2023-05-30,-0.039469258152462716
2023-05-31,-0.039469258152462716
2023-06-01,-0.039469258152462716
2023-06-02,-0.03746637750838444
2023-06-03,-0.03746637750838444
2023-06-04,-0.03746637750838444
2023-06-05,-0.03746637750838444
2023-06-06,-0.03746637750838444
2023-06-07,-0.03560613021122405
2023-06-08,-0.03560613021122405
2023-06-09,-0.03560613021122405
2023-06-10,-0.03560613021122405
2023-06-11,-0.03560613021122405
2023-06-12,-0.03560613021122405
2023-06-13,-0.03560613021122405
2023-06-14,-0.03560613021122405
2023-06-15,-0.03560613021122405
2023-06-16,-0.03494361765511267
2023-06-17,-0.03494361765511267
2023-06-18,-0.03494361765511267
2023-06-19,-0.03494361765511267
2023-06-20,-0.03494361765511267
2023-06-21,-0.03494361765511267
2023-06-22,-0.0390910019193933
2023-06-23,-0.0390910019193933
2023-06-24,-0.03673386001731149
2023-06-25,-0.03673386001731149
2023-06-26,-0.03673386001731149
2023-06-27,-0.03673386001731149
2023-06-28,-0.03673386001731149
2023-06-29,-0.03673386001731149
2023-06-30,-0.03673386001731149
2023-07-01,-0.03673386001731149
2023-07-02,-0.03673386001731149
2023-07-03,-0.03673386001731149
2023-07-04,-0.03673386001731149
2023-07-05,-0.03673386001731149
2023-07-06,-0.03673386001731149
2023-07-07,-0.03673386001731149
2023-07-08,-0.03673386001731149
2023-07-09,-0.03673386001731149
2023-07-10,-0.03673386001731149
2023-07-11,-0.03673386001731149
2023-07-12,-0.03673386001731149
2023-07-13,-0.04043910076418866
2023-07-14,-0.04043910076418866
2023-07-15,-0.04043910076418866
2023-07-16,-0.04043910076418866
2023-07-17,-0.04043910076418866
2023-07-18,-0.04043910076418866
2023-07-19,-0.04022566514354675
2023-07-20,-0.04022566514354675
2023-07-21,-0.04022566514354675
2023-07-22,-0.04307335555751124
2023-07-23,-0.04307335555751124
2023-07-24,-0.04307335555751124
2023-07-25,-0.04307335555751124
2023-07-26,-0.04307335555751124
2023-07-27,-0.04900865754033834
2023-07-28,-0.04900865754033834
2023-07-29,-0.04900865754033834
2023-07-30,-0.04900865754033834
2023-07-31,-0.04900865754033834
2023-08-01,-0.04900865754033834
2023-08-02,-0.04900865754033834
2023-08-03,-0.04900865754033834
2023-08-04,-0.04900865754033834
2023-08-05,-0.04900865754033834
2023-08-06,-0.04900865754033834
2023-08-07,-0.04900865754033834
2023-08-08,-0.04900865754033834
2023-08-09,-0.04900865754033834
2023-08-10,-0.04900865754033834
2023-08-11,-0.04900865754033834
2023-08-12,-0.04900865754033834
2023-08-13,-0.04900865754033834
2023-08-14,-0.04900865754033834
2023-08-15,-0.04900865754033834
2023-08-16,-0.04900865754033834
2023-08-17,-0.04900865754033834
2023-08-18,-0.04900865754033834
2023-08-19,-0.04900865754033834
2023-08-20,-0.04900865754033834
2023-08-21,-0.04900865754033834
2023-08-22,-0.04900865754033834
2023-08-23,-0.04900865754033834
2023-08-24,-0.0561630415174551
2023-08-25,-0.0561630415174551
2023-08-26,-0.046747319641825436
2023-08-27,-0.046747319641825436
2023-08-28,-0.046747319641825436
2023-08-29,-0.046747319641825436
2023-08-30,-0.046747319641825436
2023-08-31,-0.046747319641825436
2023-09-01,-0.046747319641825436
2023-09-02,-0.046747319641825436
2023-09-03,-0.046747319641825436
2023-09-04,-0.046747319641825436
2023-09-05,-0.046747319641825436
2023-09-06,-0.04313907904377712
2023-09-07,-0.041990466904741286
2023-09-08,-0.041990466904741286
2023-09-09,-0.041990466904741286
2023-09-10,-0.041990466904741286
2023-09-11,-0.041990466904741286
2023-09-12,-0.041990466904741286
2023-09-13,-0.03749297241503202
2023-09-14,-0.03749297241503202
2023-09-15,-0.03837537091515131
2023-09-16,-0.03837537091515131
2023-09-17,-0.03837537091515131
2023-09-18,-0.03837537091515131
2023-09-19,-0.03837537091515131
2023-09-20,-0.03837537091515131
2023-09-21,-0.03837537091515131
2023-09-22,-0.03837537091515131
2023-09-23,-0.03837537091515131
2023-09-24,-0.03837537091515131
2023-09-25,-0.03837537091515131
2023-09-26,-0.03837537091515131
2023-09-27,-0.03837537091515131
2023-09-28,-0.039911207628429146
2023-09-29,-0.039911207628429146
2023-09-30,-0.039911207628429146
2023-10-01,-0.039911207628429146
2023-10-02,-0.039911207628429146
2023-10-03,-0.04191574251052943
2023-10-04,-0.04191574251052943
2023-10-05,-0.04191574251052943
2023-10-06,-0.047055642462904834
2023-10-07,-0.047055642462904834
2023-10-08,-0.047055642462904834
2023-10-09,-0.04735528285811852
2023-10-10,-0.04735528285811852
2023-10-11,-0.04735528285811852
2023-10-12,-0.04735528285811852
2023-10-13,-0.037859263944505894
2023-10-14,-0.037859263944505894
2023-10-15,-0.037859263944505894
2023-10-16,-0.037859263944505894
2023-10-17,-0.03528735867352495
2023-10-18,-0.03528735867352495
2023-10-19,-0.03528735867352495
2023-10-20,-0.03528735867352495
2023-10-21,-0.03213500334425168
2023-10-22,-0.03213500334425168
2023-10-23,-0.03213500334425168
2023-10-24,-0.03213500334425168
2023-10-25,-0.03213500334425168
2023-10-26,-0.03213500334425168
2023-10-27,-0.03213500334425168
2023-10-28,-0.028341893115569006
2023-10-29,-0.028341893115569006
2023-10-30,-0.028341893115569006
2023-10-31,-0.028341893115569006
2023-11-01,-0.029141850092687327
2023-11-02,-0.02456317446264955
2023-11-03,-0.02456317446264955
2023-11-04,-0.02456317446264955
2023-11-05,-0.02456317446264955
2023-11-06,-0.02456317446264955
2023-11-07,-0.02456317446264955
2023-11-08,-0.02456317446264955
2023-11-09,-0.02657869756216047
2023-11-10,-0.026044631841700694
2023-11-11,-0.026044631841700694
2023-11-12,-0.026044631841700694
2023-11-13,-0.026044631841700694
2023-11-14,-0.026044631841700694
2023-11-15,-0.03099835350387048
2023-11-16,-0.03099835350387048
2023-11-17,-0.03099835350387048
2023-11-18,-0.03099835350387048
2023-11-19,-0.03099835350387048
2023-11-20,-0.03099835350387048
2023-11-21,-0.03099835350387048
2023-11-22,-0.03099835350387048
2023-11-23,-0.03099835350387048
2023-11-24,-0.03099835350387048
2023-11-25,-0.03099835350387048
2023-11-26,-0.03099835350387048
2023-11-27,-0.03099835350387048
2023-11-28,-0.03099835350387048
2023-11-29,-0.03099835350387048
2023-11-30,-0.03099835350387048
2023-12-01,-0.03099835350387048
2023-12-02,-0.03099835350387048
2023-12-03,-0.03099835350387048
2023-12-04,-0.03099835350387048
2023-12-05,-0.03158042569988051
2023-12-06,-0.03188438109441838
2023-12-07,-0.03188438109441838
2023-12-08,-0.03188438109441838
2023-12-09,-0.03188438109441838
2023-12-10,-0.03188438109441838
2023-12-11,-0.03188438109441838
2023-12-12,-0.03188438109441838
2023-12-13,-0.0289344198741065
2023-12-14,-0.0289344198741065
2023-12-15,-0.029636107886064966
2023-12-16,-0.029636107886064966
2023-12-17,-0.029636107886064966
2023-12-18,-0.029636107886064966
2023-12-19,-0.029636107886064966
2023-12-20,-0.03490195405045493
2023-12-21,-0.03490195405045493
2023-12-22,-0.03490195405045493
2023-12-23,-0.03490195405045493
2023-12-24,-0.03490195405045493
2023-12-25,-0.03490195405045493
2023-12-26,-0.03490195405045493
2023-12-27,-0.03490195405045493
2023-12-28,-0.03490195405045493
2023-12-29,-0.03490195405045493
2023-12-30,-0.03490195405045493
2023-12-31,-0.03490195405045493
2024-01-01,-0.03490195405045493
2024-01-02,-0.03490195405045493
2024-01-03,-0.03490195405045493
2024-01-04,-0.03490195405045493
2024-01-05,-0.03490195405045493
2024-01-06,-0.034609863028911
2024-01-07,-0.034609863028911
2024-01-08,-0.034609863028911
2024-01-09,-0.034609863028911
2024-01-10,-0.034609863028911
2024-01-11,-0.028953890573996333
2024-01-12,-0.028953890573996333
2024-01-13,-0.028953890573996333
2024-01-14,-0.028953890573996333
2024-01-15,-0.028953890573996333
2024-01-16,-0.028953890573996333
2024-01-17,-0.028953890573996333
2024-01-18,-0.02343340954951778
2024-01-19,-0.02343340954951778
2024-01-20,-0.021852531644188877
2024-01-21,-0.021852531644188877
2024-01-22,-0.021852531644188877
2024-01-23,-0.021852531644188877
2024-01-24,-0.021852531644188877
2024-01-25,-0.021852531644188877
2024-01-26,-0.021852531644188877
2024-01-27,-0.021852531644188877
2024-01-28,-0.021852531644188877
2024-01-29,-0.021852531644188877
2024-01-30,-0.021852531644188877
2024-01-31,-0.02602577391583427
2024-02-01,-0.02602577391583427
2024-02-02,-0.02602577391583427
2024-02-03,-0.02602577391583427
2024-02-04,-0.02602577391583427
2024-02-05,-0.02602577391583427
2024-02-06,-0.02602577391583427
2024-02-07,-0.02602577391583427
2024-02-08,-0.02602577391583427
2024-02-09,-0.021613255473273085
2024-02-10,-0.021613255473273085
2024-02-11,-0.021613255473273085
2024-02-12,-0.021613255473273085
2024-02-13,-0.021613255473273085
2024-02-14,-0.021613255473273085
2024-02-15,-0.021613255473273085
2024-02-16,-0.021613255473273085
2024-02-17,-0.021613255473273085
2024-02-18,-0.021613255473273085
2024-02-19,-0.021613255473273085
2024-02-20,-0.021613255473273085
2024-02-21,-0.021613255473273085
2024-02-22,-0.021613255473273085
2024-02-23,-0.021613255473273085
2024-02-24,-0.021613255473273085
2024-02-25,-0.021613255473273085
2024-02-26,-0.021613255473273085
2024-02-27,-0.021613255473273085
2024-02-28,-0.021613255473273085
2024-02-29,-0.021613255473273085
2024-03-01,-0.021313770754628814
2024-03-02,-0.021313770754628814
2024-03-03,-0.021313770754628814
2024-03-04,-0.021313770754628814
2024-03-05,-0.019063649916200354
2024-03-06,-0.015865478689263135
2024-03-07,-0.015865478689263135
2024-03-08,-0.015865478689263135
2024-03-09,-0.015865478689263135
2024-03-10,-0.015865478689263135
2024-03-11,-0.015865478689263135
2024-03-12,-0.019459249372065335
2024-03-13,-0.019459249372065335
2024-03-14,-0.014818630685145773
2024-03-15,-0.01036956753602436
2024-03-16,-0.01036956753602436
2024-03-17,-0.01036956753602436
2024-03-18,-0.01036956753602436
2024-03-19,-0.01036956753602436
2024-03-20,-0.01036956753602436
2024-03-21,-0.007783373626573553
2024-03-22,-0.007783373626573553
2024-03-23,-0.007783373626573553
2024-03-24,-0.007783373626573553
2024-03-25,-0.007783373626573553
2024-03-26,-0.007783373626573553
2024-03-27,-0.007783373626573553
2024-03-28,-0.007783373626573553
2024-03-29,-0.007783373626573553
2024-03-30,-0.007783373626573553
2024-03-31,-0.007783373626573553
2024-04-01,-0.007783373626573553
2024-04-02,-0.007783373626573553
2024-04-03,-0.007783373626573553
2024-04-04,-0.017540795125923214
2024-04-05,-0.017540795125923214
2024-04-06,-0.017540795125923214
2024-04-07,-0.017540795125923214
2024-04-08,-0.017540795125923214
2024-04-09,-0.010843386862568138
2024-04-10,-0.010843386862568138
2024-04-11,-0.010843386862568138
2024-04-12,-0.00872644333919903
2024-04-13,-0.00872644333919903
2024-04-14,-0.00872644333919903
2024-04-15,-0.01846907651250207
2024-04-16,-0.01846907651250207
2024-04-17,-0.01846907651250207
2024-04-18,-0.01846907651250207
2024-04-19,-0.01846907651250207
2024-04-20,-0.01846907651250207
2024-04-21,-0.01846907651250207
2024-04-22,-0.01846907651250207
2024-04-23,-0.01846907651250207
2024-04-24,-0.017786636931201194
2024-04-25,-0.01680428603149864
2024-04-26,-0.01680428603149864
2024-04-27,-0.01680428603149864
2024-04-28,-0.01680428603149864
2024-04-29,-0.01680428603149864
2024-04-30,-0.020980876333414056
2024-05-01,-0.012284805916863095
2024-05-02,-0.012284805916863095
2024-05-03,-0.012284805916863095
2024-05-04,-0.012284805916863095
2024-05-05,-0.012284805916863095
2024-05-06,-0.012284805916863095
2024-05-07,-0.012284805916863095
2024-05-08,-0.012284805916863095
2024-05-09,-0.019225897632652034
2024-05-10,-0.019225897632652034
2024-05-11,-0.019225897632652034
2024-05-12,-0.019225897632652034
2024-05-13,-0.019225897632652034
2024-05-14,-0.019225897632652034
2024-05-15,-0.019225897632652034
2024-05-16,-0.019225897632652034
2024-05-17,-0.019225897632652034
2024-05-18,-0.019225897632652034
2024-05-19,-0.019225897632652034
2024-05-20,-0.019225897632652034
2024-05-21,-0.019225897632652034
2024-05-22,-0.019225897632652034
2024-05-23,-0.028826874977929684
2024-05-24,-0.028826874977929684
2024-05-25,-0.028826874977929684
2024-05-26,-0.028826874977929684
2024-05-27,-0.028826874977929684
2024-05-28,-0.028826874977929684
2024-05-29,-0.028826874977929684
2024-05-30,-0.028826874977929684
2024-05-31,-0.020108408641243414
2024-06-01,-0.020108408641243414
2024-06-02,-0.020108408641243414
2024-06-03,-0.013981809809969437
2024-06-04,-0.013981809809969437
2024-06-05,-0.013981809809969437
2024-06-06,-0.013981809809969437
2024-06-07,-0.013981809809969437
2024-06-08,-0.013981809809969437
2024-06-09,-0.013981809809969437
2024-06-10,-0.013981809809969437
2024-06-11,-0.013981809809969437
2024-06-12,-0.013981809809969437
2024-06-13,-0.013981809809969437
2024-06-14,-0.013981809809969437
2024-06-15,-0.014658712676481667
2024-06-16,-0.014658712676481667
2024-06-17,-0.014658712676481667
2024-06-18,-0.014658712676481667
2024-06-19,-0.014658712676481667
2024-06-20,-0.014658712676481667
2024-06-21,-0.014658712676481667
2024-06-22,-0.014658712676481667
2024-06-23,-0.014658712676481667
2024-06-24,-0.014658712676481667
2024-06-25,-0.014658712676481667
2024-06-26,-0.014658712676481667
2024-06-27,-0.014658712676481667
2024-06-28,-0.014658712676481667
2024-06-29,-0.014658712676481667
2024-06-30,-0.014658712676481667
2024-07-01,-0.014658712676481667
2024-07-02,-0.014658712676481667
2024-07-03,-0.014658712676481667
2024-07-04,-0.014658712676481667
2024-07-05,-0.014658712676481667
2024-07-06,-0.014658712676481667
2024-07-07,-0.014658712676481667
2024-07-08,-0.014658712676481667
2024-07-09,-0.014658712676481667
2024-07-10,-0.014658712676481667
2024-07-11,-0.016001312584205007
2024-07-12,-0.016001312584205007
2024-07-13,-0.016001312584205007
2024-07-14,-0.016001312584205007
2024-07-15,-0.016001312584205007
2024-07-16,-0.016001312584205007
2024-07-17,-0.016001312584205007
2024-07-18,-0.017831492225786394
2024-07-19,-0.017831492225786394
2024-07-20,-0.017831492225786394
2024-07-21,-0.017831492225786394
2024-07-22,-0.017831492225786394
2024-07-23,-0.017831492225786394
2024-07-24,-0.02295162006482443
2024-07-25,-0.02295162006482443
2024-07-26,-0.015851701501219395
2024-07-27,-0.015851701501219395
2024-07-28,-0.015851701501219395
2024-07-29,-0.015851701501219395
2024-07-30,-0.013863825539765728
2024-07-31,-0.013863825539765728
2024-08-01,-0.02357678821653697
2024-08-02,-0.018825389707439077
2024-08-03,-0.018825389707439077
2024-08-04,-0.018825389707439077
2024-08-05,-0.016789033460165692
2024-08-06,-0.016789033460165692
2024-08-07,-0.016789033460165692
2024-08-08,-0.016789033460165692
2024-08-09,-0.016789033460165692
2024-08-10,-0.016789033460165692
2024-08-11,-0.016789033460165692
2024-08-12,-0.016789033460165692
2024-08-13,-0.016789033460165692
2024-08-14,-0.016789033460165692
2024-08-15,-0.016789033460165692
2024-08-16,-0.016789033460165692
2024-08-17,-0.016789033460165692
2024-08-18,-0.016789033460165692
2024-08-19,-0.016789033460165692
2024-08-20,-0.016789033460165692
2024-08-21,-0.016789033460165692
2024-08-22,-0.018133207501667692
2024-08-23,-0.010690553360207744
2024-08-24,-0.010690553360207744
2024-08-25,-0.010690553360207744
2024-08-26,-0.010690553360207744
2024-08-27,-0.010690553360207744
2024-08-28,-0.0067272291159746755
2024-08-29,-0.0067272291159746755
2024-08-30,-0.0067272291159746755
2024-08-31,-0.0067272291159746755
2024-09-01,-0.0067272291159746755
2024-09-02,-0.0067272291159746755
2024-09-03,-0.016494545866365895
2024-09-04,-0.016494545866365895
2024-09-05,-0.020203260717486127
2024-09-06,-0.024243645921124823
2024-09-07,-0.024243645921124823
2024-09-08,-0.024243645921124823
2024-09-09,-0.024243645921124823
2024-09-10,-0.024243645921124823
2024-09-11,-0.015262616253253869
2024-09-12,-0.015262616253253869
2024-09-13,-0.015262616253253869
2024-09-14,-0.014359009207273399
2024-09-15,-0.014359009207273399
2024-09-16,-0.014359009207273399
2024-09-17,-0.014359009207273399
2024-09-18,-0.014359009207273399
2024-09-19,-0.014359009207273399
2024-09-20,-0.014359009207273399
2024-09-21,-0.014359009207273399
2024-09-22,-0.014359009207273399
2024-09-23,-0.014359009207273399
2024-09-24,-0.014359009207273399
2024-09-25,-0.014359009207273399
2024-09-26,-0.014359009207273399
2024-09-27,-0.014359009207273399
2024-09-28,-0.014359009207273399
2024-09-29,-0.014359009207273399
2024-09-30,-0.014359009207273399
2024-10-01,-0.012794638618101817
2024-10-02,-0.012794638618101817
2024-10-03,-0.012794638618101817
2024-10-04,-0.012794638618101817
2024-10-05,-0.00746994494651565
2024-10-06,-0.00746994494651565
2024-10-07,-0.00746994494651565
2024-10-08,-0.007157759204437619
2024-10-09,-0.007157759204437619
2024-10-10,-0.007157759204437619
2024-10-11,-0.007157759204437619
2024-10-12,-0.007157759204437619
2024-10-13,-0.007157759204437619
2024-10-14,-0.007157759204437619
2024-10-15,-0.007157759204437619
2024-10-16,-0.009804657444356546
2024-10-17,-0.009804657444356546
2024-10-18,-0.009804657444356546
2024-10-19,-0.009804657444356546
2024-10-20,-0.009804657444356546
2024-10-21,-0.009804657444356546
2024-10-22,-0.009804657444356546
2024-10-23,-0.005330066515166876
2024-10-24,-0.005330066515166876
2024-10-25,-0.005330066515166876
2024-10-26,-0.005330066515166876
2024-10-27,-0.005330066515166876
2024-10-28,-0.005330066515166876
2024-10-29,-0.005330066515166876
2024-10-30,-0.005330066515166876
2024-10-31,-0.005330066515166876
2024-11-01,-0.005330066515166876
2024-11-02,-0.005330066515166876
2024-11-03,-0.005330066515166876
2024-11-04,-0.005330066515166876
2024-11-05,-0.005330066515166876
2024-11-06,-0.005330066515166876
2024-11-07,-0.005330066515166876
2024-11-08,-0.0034523312766701064
2024-11-09,-0.0034523312766701064
2024-11-10,-0.0034523312766701064
2024-11-11,-0.0034523312766701064
2024-11-12,-0.0034523312766701064
2024-11-13,-0.0034523312766701064
2024-11-14,-0.0034523312766701064
2024-11-15,-0.0015103674485629215
2024-11-16,-0.0015103674485629215
2024-11-17,-0.0015103674485629215
2024-11-18,-0.0015103674485629215
2024-11-19,-0.0015103674485629215
2024-11-20,-0.0015103674485629215
2024-11-21,-0.0015103674485629215
2024-11-22,-0.0015103674485629215
2024-11-23,-0.0015103674485629215
2024-11-24,-0.0015103674485629215
2024-11-25,-0.0015103674485629215
2024-11-26,-0.0015103674485629215
2024-11-27,-0.0015103674485629215
2024-11-28,-0.0015103674485629215
2024-11-29,-0.0015103674485629215
2024-11-30,-0.0015103674485629215
2024-12-01,-0.0015103674485629215
2024-12-02,-0.0015103674485629215
2024-12-03,-0.0015103674485629215
2024-12-04,-0.0015103674485629215
2024-12-05,-0.0001566325677999636
2024-12-06,-0.0001566325677999636
2024-12-07,-0.0001566325677999636
2024-12-08,-0.0001566325677999636
2024-12-09,-0.0001566325677999636
2024-12-10,-0.0001566325677999636
2024-12-11,-0.0001566325677999636
2024-12-12,-0.0001566325677999636
2024-12-13,-0.0001566325677999636
2024-12-14,-0.0001566325677999636
2024-12-15,-0.0001566325677999636
2024-12-16,-0.0001566325677999636
2024-12-17,-0.0001566325677999636
2024-12-18,-0.00997059780421039
2024-12-19,-0.004568719153573708
2024-12-20,-0.005339181837543894
2024-12-21,-0.005339181837543894
2024-12-22,-0.005339181837543894
2024-12-23,-0.005339181837543894
2024-12-24,-0.005339181837543894
2024-12-25,-0.005339181837543894
2024-12-26,-0.005339181837543894
2024-12-27,-0.0006375831602326576
2024-12-28,-0.0006375831602326576
2024-12-29,-0.0006375831602326576
2024-12-30,-0.0006375831602326576
2024-12-31,-0.0006375831602326576
2025-01-01,-0.0006375831602326576
2025-01-02,-0.0006375831602326576
2025-01-03,-0.0006375831602326576
2025-01-04,-0.0006375831602326576
2025-01-05,-0.0006375831602326576
2025-01-06,-0.0006375831602326576
2025-01-07,-0.005431475525343954
2025-01-08,-0.005431475525343954
2025-01-09,-0.005431475525343954
2025-01-10,-0.011224457057682158
2025-01-11,-0.011224457057682158
2025-01-12,-0.011224457057682158
2025-01-13,-0.011224457057682158
2025-01-14,-0.011224457057682158
2025-01-15,-0.011224457057682158
2025-01-16,-0.011224457057682158
2025-01-17,-0.011224457057682158
2025-01-18,-0.011224457057682158
2025-01-19,-0.011224457057682158
2025-01-20,-0.011224457057682158
2025-01-21,-0.011224457057682158
2025-01-22,-0.011224457057682158
2025-01-23,-0.011224457057682158
2025-01-24,-0.011224457057682158
2025-01-25,-0.011224457057682158
2025-01-26,-0.011224457057682158
2025-01-27,-0.011224457057682158
2025-01-28,-0.011224457057682158
2025-01-29,-0.011224457057682158
2025-01-30,-0.006987794749310772
2025-01-31,-0.006814307012296572
2025-02-01,-0.006814307012296572
2025-02-02,-0.006814307012296572
2025-02-03,-0.006814307012296572
2025-02-04,-0.006814307012296572
2025-02-05,-0.006814307012296572
2025-02-06,-0.006814307012296572
2025-02-07,-0.0075539681159132455
2025-02-08,-0.0075539681159132455
2025-02-09,-0.0075539681159132455
2025-02-10,-0.0075539681159132455
2025-02-11,-0.0075539681159132455
2025-02-12,-0.0075539681159132455
2025-02-13,-0.0075539681159132455
2025-02-14,-0.0075539681159132455
2025-02-15,-0.0075539681159132455
2025-02-16,-0.0075539681159132455
2025-02-17,-0.0075539681159132455
2025-02-18,-0.0075539681159132455
2025-02-19,-0.0075539681159132455
2025-02-20,-0.0075539681159132455
2025-02-21,-0.014591436850644346
2025-02-22,-0.014591436850644346
2025-02-23,-0.014591436850644346
2025-02-24,-0.014591436850644346
2025-02-25,-0.014591436850644346
2025-02-26,-0.014591436850644346
2025-02-27,-0.014591436850644346
2025-02-28,-0.015793492701321465
2025-03-01,-0.015793492701321465
2025-03-02,-0.015793492701321465
2025-03-03,-0.015793492701321465
2025-03-04,-0.015793492701321465
2025-03-05,-0.018051114789849887
2025-03-06,-0.018051114789849887
2025-03-07,-0.018051114789849887
2025-03-08,-0.018051114789849887
2025-03-09,-0.018051114789849887
2025-03-10,-0.018051114789849887
2025-03-11,-0.018051114789849887
2025-03-12,-0.018051114789849887
2025-03-13,-0.018051114789849887
2025-03-14,-0.02267650711682323
2025-03-15,-0.02267650711682323
2025-03-16,-0.02267650711682323
2025-03-17,-0.02267650711682323
2025-03-18,-0.02267650711682323
2025-03-19,-0.018806409744127617
2025-03-20,-0.012617059282530985
2025-03-21,-0.012617059282530985
2025-03-22,-0.012617059282530985
2025-03-23,-0.012617059282530985
2025-03-24,-0.012617059282530985
2025-03-25,-0.012617059282530985
2025-03-26,-0.012617059282530985
2025-03-27,-0.012617059282530985
2025-03-28,-0.012617059282530985
2025-03-29,-0.012617059282530985
2025-03-30,-0.012617059282530985
2025-03-31,-0.015399677359721253
2025-04-01,-0.015399677359721253
2025-04-02,-0.017886098878870382
2025-04-03,-0.017886098878870382
2025-04-04,-0.008132106808698136
2025-04-05,-0.008132106808698136
2025-04-06,-0.008132106808698136
2025-04-07,-0.017943346415884798
2025-04-08,-0.017943346415884798
2025-04-09,-0.034294990455984165
2025-04-10,-0.034294990455984165
2025-04-11,-0.034294990455984165
2025-04-12,-0.03635733031333477
2025-04-13,-0.03635733031333477
2025-04-14,-0.03635733031333477
2025-04-15,-0.02679225516772299
2025-04-16,-0.02679225516772299
2025-04-17,-0.02679225516772299
2025-04-18,-0.02679225516772299
2025-04-19,-0.02679225516772299
2025-04-20,-0.02679225516772299
2025-04-21,-0.02679225516772299
2025-04-22,-0.02679225516772299
2025-04-23,-0.02679225516772299
2025-04-24,-0.0272564773497177
2025-04-25,-0.028228385039183124
2025-04-26,-0.028228385039183124
2025-04-27,-0.028228385039183124
2025-04-28,-0.028228385039183124
2025-04-29,-0.028228385039183124
2025-04-30,-0.022742756327768343
2025-05-01,-0.03153635120017195
2025-05-02,-0.03153635120017195
2025-05-03,-0.03153635120017195
2025-05-04,-0.03153635120017195
2025-05-05,-0.03153635120017195
2025-05-06,-0.03153635120017195
2025-05-07,-0.03153635120017195
2025-05-08,-0.03153635120017195
2025-05-09,-0.03153635120017195
2025-05-10,-0.03153635120017195
2025-05-11,-0.03153635120017195
2025-05-12,-0.03153635120017195
2025-05-13,-0.03153635120017195
2025-05-14,-0.03153635120017195
2025-05-15,-0.03153635120017195
2025-05-16,-0.03153635120017195
2025-05-17,-0.03153635120017195
2025-05-18,-0.03153635120017195
2025-05-19,-0.03153635120017195
2025-05-20,-0.03153635120017195
2025-05-21,-0.03153635120017195
2025-05-22,-0.03153635120017195
2025-05-23,-0.02196215962476078
2025-05-24,-0.02196215962476078
2025-05-25,-0.02196215962476078
2025-05-26,-0.02196215962476078
2025-05-27,-0.012937396069584217
2025-05-28,-0.012937396069584217
2025-05-29,-0.012937396069584217
2025-05-30,-0.012937396069584217
2025-05-31,-0.021719665619051698
2025-06-01,-0.021719665619051698
2025-06-02,-0.021719665619051698
2025-06-03,-0.027798185480963578
2025-06-04,-0.027798185480963578
2025-06-05,-0.027798185480963578
2025-06-06,-0.027798185480963578
2025-06-07,-0.027798185480963578
2025-06-08,-0.027798185480963578
2025-06-09,-0.027798185480963578
2025-06-10,-0.027798185480963578
2025-06-11,-0.027798185480963578
2025-06-12,-0.027798185480963578
2025-06-13,-0.027798185480963578
2025-06-14,-0.027798185480963578
2025-06-15,-0.027798185480963578
2025-06-16,-0.027798185480963578
2025-06-17,-0.027798185480963578
2025-06-18,-0.027798185480963578
2025-06-19,-0.027798185480963578
2025-06-20,-0.027798185480963578
2025-06-21,-0.027798185480963578
2025-06-22,-0.027798185480963578
2025-06-23,-0.027798185480963578
2025-06-24,-0.027798185480963578
2025-06-25,-0.027798185480963578
2025-06-26,-0.027798185480963578
2025-06-27,-0.027798185480963578
2025-06-28,-0.027798185480963578
2025-06-29,-0.027798185480963578
2025-06-30,-0.027798185480963578
2025-07-01,-0.027798185480963578
2025-07-02,-0.027798185480963578
2025-07-03,-0.027798185480963578
2025-07-04,-0.027798185480963578
2025-07-05,-0.027798185480963578
2025-07-06,-0.027798185480963578
2025-07-07,-0.027798185480963578
2025-07-08,-0.027798185480963578
2025-07-09,-0.027798185480963578
2025-07-10,-0.027798185480963578
2025-07-11,-0.026471681611441533
2025-07-12,-0.026471681611441533
2025-07-13,-0.026471681611441533
2025-07-14,-0.026471681611441533
2025-07-15,-0.026471681611441533
2025-07-16,-0.026471681611441533
2025-07-17,-0.026471681611441533
2025-07-18,-0.02465760215897006
2025-07-19,-0.02465760215897006
2025-07-20,-0.02465760215897006
2025-07-21,-0.02465760215897006
2025-07-22,-0.02465760215897006
2025-07-23,-0.02465760215897006
2025-07-24,-0.019546414354624897
2025-07-25,-0.019546414354624897
2025-07-26,-0.019546414354624897
2025-07-27,-0.019546414354624897
2025-07-28,-0.019546414354624897
2025-07-29,-0.019546414354624897
2025-07-30,-0.021522835222962167
2025-07-31,-0.023658085694416076
2025-08-01,-0.011462088196567577
2025-08-02,-0.016249143946949318
2025-08-03,-0.016249143946949318
2025-08-04,-0.016249143946949318
2025-08-05,-0.01828661837477652
2025-08-06,-0.01828661837477652
2025-08-07,-0.014863709731395058
2025-08-08,-0.014863709731395058
2025-08-09,-0.014863709731395058
2025-08-10,-0.014863709731395058
2025-08-11,-0.014863709731395058
2025-08-12,-0.014863709731395058
2025-08-13,-0.014863709731395058
2025-08-14,-0.014863709731395058
2025-08-15,-0.014863709731395058
2025-08-16,-0.014863709731395058
2025-08-17,-0.014863709731395058
2025-08-18,-0.014863709731395058
2025-08-19,-0.014863709731395058
2025-08-20,-0.007818898208312275
2025-08-21,-0.007818898208312275
2025-08-22,-0.006460603894168249
2025-08-23,-0.006460603894168249
2025-08-24,-0.006460603894168249
2025-08-25,-0.006460603894168249
2025-08-26,-0.006460603894168249
2025-08-27,-0.006460603894168249
2025-08-28,-0.01042499201756597
2025-08-29,-0.01042499201756597
2025-08-30,-0.01042499201756597
2025-08-31,-0.01042499201756597
2025-09-01,-0.01042499201756597
2025-09-02,-0.01042499201756597
2025-09-03,-0.0005973977621283044
2025-09-04,-0.0005973977621283044
2025-09-05,0.0020668059565776
2025-09-06,0.006216136759210844
2025-09-07,0.006216136759210844
2025-09-08,0.006216136759210844
2025-09-09,0.006216136759210844
2025-09-10,0.006216136759210844
2025-09-11,-0.0029607840378257366
2025-09-12,-0.0029607840378257366
2025-09-13,-0.0029607840378257366
2025-09-14,-0.0029607840378257366
2025-09-15,-0.0029607840378257366
2025-09-16,-0.0029607840378257366
2025-09-17,-0.0029607840378257366
2025-09-18,-0.0029607840378257366
2025-09-19,-0.0029607840378257366
2025-09-20,-0.0029607840378257366
2025-09-21,-0.0029607840378257366
2025-09-22,-0.0029607840378257366
2025-09-23,-0.0029607840378257366
2025-09-24,-0.0029607840378257366
2025-09-25,-0.0029607840378257366
2025-09-26,-0.0029607840378257366
2025-09-27,-0.0029607840378257366
2025-09-28,-0.0029607840378257366
2025-09-29,-0.0029607840378257366
2025-09-30,-0.0029607840378257366
2025-10-01,-0.004540737800960315
2025-10-02,-0.004540737800960315
2025-10-03,-0.004540737800960315
2025-10-04,-0.004540737800960315
2025-10-05,-0.004540737800960315
2025-10-06,-0.004540737800960315
2025-10-07,-0.004540737800960315
2025-10-08,-0.004540737800960315
2025-10-09,-0.004540737800960315
2025-10-10,-0.014325348208881428
2025-10-11,-0.014325348208881428
2025-10-12,-0.014325348208881428
2025-10-13,-0.014325348208881428
2025-10-14,-0.014325348208881428
2025-10-15,-0.014325348208881428
2025-10-16,-0.011930264090886045
2025-10-17,-0.011930264090886045
2025-10-18,-0.011930264090886045
2025-10-19,-0.011930264090886045
2025-10-20,-0.011930264090886045
2025-10-21,-0.011930264090886045
2025-10-22,-0.008085427907112197
2025-10-23,-0.012547623654064921
2025-10-24,-0.012547623654064921
2025-10-25,-0.012547623654064921
2025-10-26,-0.012547623654064921
2025-10-27,-0.012547623654064921
2025-10-28,-0.012547623654064921
2025-10-29,-0.012547623654064921
2025-10-30,-0.012547623654064921
2025-10-31,-0.012547623654064921
2025-11-01,-0.012547623654064921
2025-11-02,-0.012547623654064921
2025-11-03,-0.012547623654064921
2025-11-04,-0.012547623654064921
2025-11-05,-0.012547623654064921
2025-11-06,-0.011053382057430339
2025-11-07,-0.011053382057430339
2025-11-08,-0.011053382057430339
2025-11-09,-0.011053382057430339
2025-11-10,-0.011053382057430339
2025-11-11,-0.011053382057430339
2025-11-12,-0.011053382057430339
2025-11-13,-0.012650706212342211
2025-11-14,-0.012650706212342211
2025-11-15,-0.014571003180617548
2025-11-16,-0.014571003180617548
2025-11-17,-0.014571003180617548
2025-11-18,-0.014571003180617548
2025-11-19,-0.014571003180617548
2025-11-20,-0.014571003180617548
2025-11-21,-0.014571003180617548
2025-11-22,-0.014571003180617548
2025-11-23,-0.014571003180617548
2025-11-24,-0.014571003180617548
2025-11-25,-0.014571003180617548
2025-11-26,-0.014571003180617548
2025-11-27,-0.014571003180617548
2025-11-28,-0.014571003180617548
2025-11-29,-0.014571003180617548
2025-11-30,-0.014571003180617548
2025-12-01,-0.014571003180617548
2025-12-02,-0.014571003180617548
2025-12-03,-0.014571003180617548
2025-12-04,-0.014571003180617548
2025-12-05,-0.014571003180617548
2025-12-06,-0.014571003180617548
2025-12-07,-0.014571003180617548
2025-12-08,-0.014571003180617548
2025-12-09,-0.014571003180617548
2025-12-10,-0.014571003180617548
2025-12-11,-0.014571003180617548
2025-12-12,-0.014972257913974163
2025-12-13,-0.014972257913974163
2025-12-14,-0.014972257913974163
2025-12-15,-0.014972257913974163
2025-12-16,-0.014972257913974163
2025-12-17,-0.017296223336821348
2025-12-18,-0.007554875574349085
2025-12-19,-0.007554875574349085
2025-12-20,-0.006786129163214971
2025-12-21,-0.006786129163214971
2025-12-22,-0.006786129163214971
2025-12-23,-0.006786129163214971
2025-12-24,-0.006786129163214971
2025-12-25,-0.006786129163214971
2025-12-26,-0.006786129163214971
2025-12-27,-0.01145880140176092
2025-12-28,-0.01145880140176092
2025-12-29,-0.01145880140176092
2025-12-30,-0.01145880140176092
2025-12-31,-0.01145880140176092
2026-01-01,-0.01145880140176092
2026-01-02,-0.01145880140176092
2026-01-03,-0.01145880140176092
2026-01-04,-0.01145880140176092
2026-01-05,-0.01145880140176092
2026-01-06,-0.01145880140176092
2026-01-07,-0.006693961184178865
2026-01-08,-0.006693961184178865
2026-01-09,-0.006693961184178865
2026-01-10,-0.006693961184178865
2026-01-11,-0.006693961184178865
2026-01-12,-0.006693961184178865
2026-01-13,-0.006693961184178865
2026-01-14,-0.006693961184178865
2026-01-15,-0.006693961184178865
2026-01-16,-0.006693961184178865
2026-01-17,-0.006693961184178865
2026-01-18,-0.006693961184178865
2026-01-19,-0.006693961184178865
2026-01-20,-0.006693961184178865
2026-01-21,-0.0038358176967807633
2026-01-22,-0.0038358176967807633
2026-01-23,-0.0038358176967807633
2026-01-24,-0.0038358176967807633
2026-01-25,-0.0038358176967807633
2026-01-26,-0.0038358176967807633
2026-01-27,-0.0038358176967807633
2026-01-28,-0.0038358176967807633
2026-01-29,0.0021615205447376162
2026-01-30,0.0021615205447376162
2026-01-31,0.0019864649276968294
2026-02-01,0.0019864649276968294
2026-02-02,0.0019864649276968294
2026-02-03,0.0022194942130091544
2026-02-04,0.006340250322456553
2026-02-05,0.006340250322456553
2026-02-06,0.006313249843479696
2026-02-07,0.007063246059949346
2026-02-08,0.007063246059949346
2026-02-09,0.007063246059949346
2026-02-10,0.007063246059949346
2026-02-11,0.007063246059949346
2026-02-12,8.609554481298076e-05
2026-02-13,8.609554481298076e-05
2026-02-14,8.609554481298076e-05
2026-02-15,8.609554481298076e-05
2026-02-16,8.609554481298076e-05
2026-02-17,8.609554481298076e-05
2026-02-18,8.609554481298076e-05
2026-02-19,8.609554481298076e-05
2026-02-20,8.609554481298076e-05
2026-02-21,0.007228386461123115
2026-02-22,0.007228386461123115
2026-02-23,0.007228386461123115
2026-02-24,0.007228386461123115
2026-02-25,0.007228386461123115
2026-02-26,0.011606734143833064
2026-02-27,0.011606734143833064
2026-02-28,0.012842255128854285
2026-03-01,0.012842255128854285
2026-03-02,0.013508187556121598
2026-03-03,0.013508187556121598
2026-03-04,0.013508187556121598
2026-03-05,0.013508187556121598
2026-03-06,0.013508187556121598
2026-03-07,0.013508187556121598
2026-03-08,0.013508187556121598
2026-03-09,0.013773449275322758
2026-03-10,0.013773449275322758
2026-03-11,0.013773449275322758
2026-03-12,0.013773449275322758
2026-03-13,0.013773449275322758
2026-03-14,0.013773449275322758
2026-03-15,0.013773449275322758
2026-03-16,0.013773449275322758
2026-03-17,0.013773449275322758
2026-03-18,0.013773449275322758
2026-03-19,0.00977484797838013
2026-03-20,0.0034451351955135934
2026-03-21,0.0034451351955135934
2026-03-22,0.0034451351955135934
2026-03-23,0.0034451351955135934
2026-03-24,0.0034451351955135934
2026-03-25,0.0034451351955135934
2026-03-26,0.0034451351955135934
2026-03-27,0.0034451351955135934
2026-03-28,0.0034451351955135934
2026-03-29,0.0034451351955135934
2026-03-30,0.0034451351955135934
2026-03-31,0.006886740945523995
2026-04-01,0.006886740945523995
2026-04-02,0.00981677546897708
2026-04-03,0.00981677546897708
2026-04-04,0.00981677546897708
2026-04-05,0.00981677546897708
2026-04-06,0.00981677546897708
2026-04-07,0.019905352647619612
2026-04-08,0.019905352647619612
2026-04-09,0.03015220458085932
2026-04-10,0.03015220458085932
2026-04-11,0.03015220458085932
2026-04-12,0.03015220458085932
2026-04-13,0.03015220458085932
2026-04-14,0.03015220458085932
2026-04-15,0.03015220458085932
2026-04-16,0.03015220458085932
2026-04-17,0.03015220458085932
2026-04-18,0.03015220458085932
2026-04-19,0.03015220458085932
2026-04-20,0.03015220458085932
2026-04-21,0.03015220458085932
2026-04-22,0.03015220458085932
2026-04-23,0.03015220458085932
2026-04-24,0.030643823895778244
2026-04-25,0.030643823895778244
2026-04-26,0.030643823895778244
2026-04-27,0.030643823895778244
2026-04-28,0.030643823895778244
2026-04-29,0.030643823895778244
2026-04-30,0.02923066641079819
2026-05-01,0.02923066641079819
2026-05-02,0.02923066641079819
2026-05-03,0.02923066641079819
2026-05-04,0.02923066641079819
2026-05-05,0.02923066641079819
2026-05-06,0.02923066641079819
2026-05-07,0.02923066641079819
2026-05-08,0.02923066641079819
2026-05-09,0.02923066641079819
2026-05-10,0.02923066641079819
2026-05-11,0.02923066641079819
2026-05-12,0.02923066641079819
2026-05-13,0.02923066641079819
2026-05-14,0.02923066641079819
2026-05-15,0.02923066641079819
2026-05-16,0.02923066641079819
2026-05-17,0.02923066641079819
2026-05-18,0.02923066641079819
2026-05-19,0.02923066641079819
2026-05-20,0.02923066641079819
2026-05-21,0.02923066641079819
2026-05-22,0.02923066641079819
2026-05-23,0.02923066641079819
2026-05-24,0.02923066641079819
2026-05-25,0.02923066641079819
2026-05-26,0.02923066641079819
2026-05-27,0.01982035811717231
2026-05-28,0.01982035811717231
2026-05-29,0.01982035811717231
2026-05-30,0.01982035811717231
2026-05-31,0.01982035811717231
2026-06-01,0.01982035811717231
2026-06-02,0.01982035811717231
2026-06-03,0.01982035811717231
2026-06-04,0.01982035811717231
2026-06-05,0.009757072791860333
2026-06-06,0.009757072791860333
2026-06-07,0.009757072791860333
2026-06-08,0.009757072791860333
2026-06-09,-0.00021084170967711202
2026-06-10,-0.00021084170967711202
2026-06-11,-0.00021084170967711202
2026-06-12,-0.00021084170967711202
2026-06-13,-0.00021084170967711202
2026-06-14,-0.00021084170967711202
2026-06-15,-0.00021084170967711202
2026-06-16,-0.00021084170967711202
2026-06-17,-0.003796714791036604
2026-06-18,-0.003796714791036604
2026-06-19,-0.003796714791036604
2026-06-20,-0.003796714791036604
2026-06-21,-0.003796714791036604
2026-06-22,-0.003796714791036604
2026-06-23,-0.003796714791036604
2026-06-24,-0.003796714791036604
2026-06-25,0.0002984602610618392
2026-06-26,0.009513167740340167
2026-06-27,0.009513167740340167
2026-06-28,0.009513167740340167
2026-06-29,0.009513167740340167
2026-06-30,0.009513167740340167
2026-07-01,0.009513167740340167
2026-07-02,0.009513167740340167
2026-07-03,0.009513167740340167
2026-07-04,0.009513167740340167
2026-07-05,0.009513167740340167
2026-07-06,0.009513167740340167
2026-07-07,0.009513167740340167
2026-07-08,0.009513167740340167
2026-07-09,0.009513167740340167
2026-07-10,0.009513167740340167
2026-07-11,0.009513167740340167
2026-07-12,0.009513167740340167
2026-07-13,0.009513167740340167
2026-07-14,0.009513167740340167
2026-07-15,0.009513167740340167
2026-07-16,0.009513167740340167
2026-07-17,0.009513167740340167
2026-07-18,0.009513167740340167
2026-07-19,0.009513167740340167
2026-07-20,0.009513167740340167
2026-07-21,0.009513167740340167
2026-07-22,0.009513167740340167
2026-07-23,0.009513167740340167
2026-07-24,0.009513167740340167
2026-07-25,0.009513167740340167
2026-07-26,0.009513167740340167
2026-07-27,0.012353561285235681
2026-07-28,0.012353561285235681
2026-07-29,0.009645507425622313
2026-07-30,0.009645507425622313
2026-07-31,0.011853592538167312
2026-08-01,0.009311165013408562
2026-08-02,0.009311165013408562
2026-08-03,0.009311165013408562
2026-08-04,0.009311165013408562
2026-08-05,0.009311165013408562
2026-08-06,0.009311165013408562
2026-08-07,0.005804259476872353
2026-08-08,0.005804259476872353
2026-08-09,0.005804259476872353
2026-08-10,0.005804259476872353
2026-08-11,0.005804259476872353
2026-08-12,0.005804259476872353
2026-08-13,0.005804259476872353
2026-08-14,0.005804259476872353
2026-08-15,0.005804259476872353
2026-08-16,0.005804259476872353
2026-08-17,0.005804259476872353
2026-08-18,0.005804259476872353
2026-08-19,0.005804259476872353
2026-08-20,-0.0013372809378090489
2026-08-21,-0.0013372809378090489
2026-08-22,-0.0013372809378090489
2026-08-23,-0.0013372809378090489
2026-08-24,-0.0013372809378090489
2026-08-25,-0.0013372809378090489
2026-08-26,-0.0013372809378090489
2026-08-27,-0.0013372809378090489
2026-08-28,-0.0013372809378090489
2026-08-29,-0.0013372809378090489
2026-08-30,-0.0013372809378090489
2026-08-31,-0.0013372809378090489
