boundary_utc,equity
2021-09-01 00:00:00+00:00,10000.0
2021-09-02 00:00:00+00:00,10004.66227872
2021-09-03 00:00:00+00:00,10008.532135515
2021-09-04 00:00:00+00:00,10013.387739345
2021-09-05 00:00:00+00:00,10015.651985665001
2021-09-06 00:00:00+00:00,10020.104093290001
2021-09-07 00:00:00+00:00,10020.884524915
2021-09-08 00:00:00+00:00,10025.642660725001
2021-09-09 00:00:00+00:00,10027.801679775
2021-09-10 00:00:00+00:00,10036.740876650001
2021-09-11 00:00:00+00:00,10042.20077538
2021-09-12 00:00:00+00:00,10034.482263373537
2021-09-13 00:00:00+00:00,10015.999869921849
2021-09-14 00:00:00+00:00,10045.147493248165
2021-09-15 00:00:00+00:00,10027.455330880588
2021-09-16 00:00:00+00:00,10006.33959757618
2021-09-17 00:00:00+00:00,10011.58805762317
2021-09-18 00:00:00+00:00,10032.01599623522
2021-09-19 00:00:00+00:00,10027.947855709888
2021-09-20 00:00:00+00:00,10027.651468892842
2021-09-21 00:00:00+00:00,10028.312098277842
2021-09-22 00:00:00+00:00,10028.312098277842
2021-09-23 00:00:00+00:00,9979.783368257344
2021-09-24 00:00:00+00:00,9967.580648831587
2021-09-25 00:00:00+00:00,10004.715284567572
2021-09-26 00:00:00+00:00,10005.72151233305
2021-09-27 00:00:00+00:00,9982.78220975329
2021-09-28 00:00:00+00:00,9982.824837807013
2021-09-29 00:00:00+00:00,9982.824837807013
2021-09-30 00:00:00+00:00,9977.792350433272
2021-10-01 00:00:00+00:00,9954.965608396564
2021-10-02 00:00:00+00:00,9908.002997083899
2021-10-03 00:00:00+00:00,9883.571016112384
2021-10-04 00:00:00+00:00,9882.156586884874
2021-10-05 00:00:00+00:00,9892.065976937982
2021-10-06 00:00:00+00:00,9891.753634437982
2021-10-07 00:00:00+00:00,9894.351302817982
2021-10-08 00:00:00+00:00,9895.743708817981
2021-10-09 00:00:00+00:00,9898.350783877982
2021-10-10 00:00:00+00:00,9895.152213436571
2021-10-11 00:00:00+00:00,9899.25938131733
2021-10-12 00:00:00+00:00,9899.25938131733
2021-10-13 00:00:00+00:00,9899.25938131733
2021-10-14 00:00:00+00:00,9901.43538496733
2021-10-15 00:00:00+00:00,9875.557030717227
2021-10-16 00:00:00+00:00,9864.556211213514
2021-10-17 00:00:00+00:00,9871.01439055195
2021-10-18 00:00:00+00:00,9869.188215225377
2021-10-19 00:00:00+00:00,9884.7199899853
2021-10-20 00:00:00+00:00,9884.567058226085
2021-10-21 00:00:00+00:00,9888.587672326084
2021-10-22 00:00:00+00:00,9888.817094326085
2021-10-23 00:00:00+00:00,9902.886032593926
2021-10-24 00:00:00+00:00,9903.252152143925
2021-10-25 00:00:00+00:00,9910.034298913926
2021-10-26 00:00:00+00:00,9910.034298913926
2021-10-27 00:00:00+00:00,9909.633742093925
2021-10-28 00:00:00+00:00,9912.134961630314
2021-10-29 00:00:00+00:00,9916.629892200313
2021-10-30 00:00:00+00:00,9895.881348265671
2021-10-31 00:00:00+00:00,9921.966300276225
2021-11-01 00:00:00+00:00,9929.327826651224
2021-11-02 00:00:00+00:00,9930.331963346223
2021-11-03 00:00:00+00:00,9932.091781296223
2021-11-04 00:00:00+00:00,9935.596798796223
2021-11-05 00:00:00+00:00,9935.672549996223
2021-11-06 00:00:00+00:00,9940.265322961222
2021-11-07 00:00:00+00:00,9942.015745177421
2021-11-08 00:00:00+00:00,9928.73315598844
2021-11-09 00:00:00+00:00,9904.213423614767
2021-11-10 00:00:00+00:00,9914.350612258526
2021-11-11 00:00:00+00:00,9948.244852843916
2021-11-12 00:00:00+00:00,9948.710610343916
2021-11-13 00:00:00+00:00,9951.918317294227
2021-11-14 00:00:00+00:00,9960.371201624226
2021-11-15 00:00:00+00:00,9966.320576594228
2021-11-16 00:00:00+00:00,9969.737506649057
2021-11-17 00:00:00+00:00,9969.737506649057
2021-11-18 00:00:00+00:00,9970.291989179057
2021-11-19 00:00:00+00:00,9969.755074499057
2021-11-20 00:00:00+00:00,9904.106196498264
2021-11-21 00:00:00+00:00,9879.145100667089
2021-11-22 00:00:00+00:00,9911.945323323887
2021-11-23 00:00:00+00:00,9948.870415478123
2021-11-24 00:00:00+00:00,9895.172055001036
2021-11-25 00:00:00+00:00,9894.477118518604
2021-11-26 00:00:00+00:00,9896.681870018603
2021-11-27 00:00:00+00:00,9903.167776818604
2021-11-28 00:00:00+00:00,9893.505883344791
2021-11-29 00:00:00+00:00,9907.550559799123
2021-11-30 00:00:00+00:00,9890.061076287826
2021-12-01 00:00:00+00:00,9866.360800033515
2021-12-02 00:00:00+00:00,9872.056389892632
2021-12-03 00:00:00+00:00,9881.618342511287
2021-12-04 00:00:00+00:00,9913.70277833896
2021-12-05 00:00:00+00:00,9917.088708298961
2021-12-06 00:00:00+00:00,9927.136211898389
2021-12-07 00:00:00+00:00,9928.235668503388
2021-12-08 00:00:00+00:00,9930.94209486839
2021-12-09 00:00:00+00:00,9934.139631721768
2021-12-10 00:00:00+00:00,9939.748102526768
2021-12-11 00:00:00+00:00,9945.559986001768
2021-12-12 00:00:00+00:00,9952.334923016768
2021-12-13 00:00:00+00:00,9959.128225766768
2021-12-14 00:00:00+00:00,9966.972095846768
2021-12-15 00:00:00+00:00,9966.792676661767
2021-12-16 00:00:00+00:00,9970.876924436767
2021-12-17 00:00:00+00:00,9974.624493516767
2021-12-18 00:00:00+00:00,9979.442331996766
2021-12-19 00:00:00+00:00,9985.248958156766
2021-12-20 00:00:00+00:00,9993.176448376767
2021-12-21 00:00:00+00:00,9996.410560136768
2021-12-22 00:00:00+00:00,10000.43725423677
2021-12-23 00:00:00+00:00,10005.343378141768
2021-12-24 00:00:00+00:00,10007.70504304177
2021-12-25 00:00:00+00:00,10012.02934681677
2021-12-26 00:00:00+00:00,10002.158296143085
2021-12-27 00:00:00+00:00,10016.246072661084
2021-12-28 00:00:00+00:00,10021.416506548549
2021-12-29 00:00:00+00:00,10023.430488863305
2021-12-30 00:00:00+00:00,10026.173617638304
2021-12-31 00:00:00+00:00,10028.097510338304
2022-01-01 00:00:00+00:00,10035.132409558304
2022-01-02 00:00:00+00:00,10017.11437947473
2022-01-03 00:00:00+00:00,10002.279413030667
2022-01-04 00:00:00+00:00,10017.238180463339
2022-01-05 00:00:00+00:00,10012.296894300289
2022-01-06 00:00:00+00:00,10044.459471737264
2022-01-07 00:00:00+00:00,10044.459471737264
2022-01-08 00:00:00+00:00,10048.690049312263
2022-01-09 00:00:00+00:00,10053.06301598834
2022-01-10 00:00:00+00:00,10029.654225438653
2022-01-11 00:00:00+00:00,10058.243316765605
2022-01-12 00:00:00+00:00,10058.280200040605
2022-01-13 00:00:00+00:00,10065.208064300605
2022-01-14 00:00:00+00:00,10069.183460140604
2022-01-15 00:00:00+00:00,10070.241742755605
2022-01-16 00:00:00+00:00,10077.393608505605
2022-01-17 00:00:00+00:00,10071.179829136012
2022-01-18 00:00:00+00:00,10091.628836339141
2022-01-19 00:00:00+00:00,10093.19284492414
2022-01-20 00:00:00+00:00,10095.45621416414
2022-01-21 00:00:00+00:00,10098.326674305074
2022-01-22 00:00:00+00:00,10098.326674305074
2022-01-23 00:00:00+00:00,10106.946579055073
2022-01-24 00:00:00+00:00,10071.47620568879
2022-01-25 00:00:00+00:00,10118.075390153412
2022-01-26 00:00:00+00:00,10119.726645803412
2022-01-27 00:00:00+00:00,10121.653864343412
2022-01-28 00:00:00+00:00,10123.875806803411
2022-01-29 00:00:00+00:00,10130.982355063412
2022-01-30 00:00:00+00:00,10118.836339473228
2022-01-31 00:00:00+00:00,10118.496261472143
2022-02-01 00:00:00+00:00,10138.90391499575
2022-02-02 00:00:00+00:00,10122.715902072709
2022-02-03 00:00:00+00:00,10140.119134955148
2022-02-04 00:00:00+00:00,10141.58833373015
2022-02-05 00:00:00+00:00,10072.405282321246
2022-02-06 00:00:00+00:00,10068.164621758084
2022-02-07 00:00:00+00:00,10058.834164680387
2022-02-08 00:00:00+00:00,10040.905898389348
2022-02-09 00:00:00+00:00,10043.450075989349
2022-02-10 00:00:00+00:00,10048.194957934349
2022-02-11 00:00:00+00:00,10050.675503834349
2022-02-12 00:00:00+00:00,10050.675503834349
2022-02-13 00:00:00+00:00,10056.78144367435
2022-02-14 00:00:00+00:00,10065.76022951875
2022-02-15 00:00:00+00:00,10048.147871709973
2022-02-16 00:00:00+00:00,9978.756990231652
2022-02-17 00:00:00+00:00,9995.880437461767
2022-02-18 00:00:00+00:00,10058.81333751481
2022-02-19 00:00:00+00:00,10080.28677098911
2022-02-20 00:00:00+00:00,10086.166819552787
2022-02-21 00:00:00+00:00,10096.427866072787
2022-02-22 00:00:00+00:00,10105.560256312432
2022-02-23 00:00:00+00:00,10109.309887256906
2022-02-24 00:00:00+00:00,10115.211809756905
2022-02-25 00:00:00+00:00,10116.913976916905
2022-02-26 00:00:00+00:00,10121.222358726905
2022-02-27 00:00:00+00:00,10132.242319273208
2022-02-28 00:00:00+00:00,10142.290546968208
2022-03-01 00:00:00+00:00,10041.207081851784
2022-03-02 00:00:00+00:00,10050.275189501785
2022-03-03 00:00:00+00:00,10055.636977871785
2022-03-04 00:00:00+00:00,10056.315826081785
2022-03-05 00:00:00+00:00,10061.322492241785
2022-03-06 00:00:00+00:00,10047.490206948047
2022-03-07 00:00:00+00:00,10069.644739907228
2022-03-08 00:00:00+00:00,10077.856387647427
2022-03-09 00:00:00+00:00,10056.999709508429
2022-03-10 00:00:00+00:00,10018.941001665464
2022-03-11 00:00:00+00:00,10049.607383309263
2022-03-12 00:00:00+00:00,10062.180731130407
2022-03-13 00:00:00+00:00,10059.348964966683
2022-03-14 00:00:00+00:00,10058.90880980107
2022-03-15 00:00:00+00:00,10039.086797111288
2022-03-16 00:00:00+00:00,10031.992269650224
2022-03-17 00:00:00+00:00,9992.611177291945
2022-03-18 00:00:00+00:00,9983.135547072548
2022-03-19 00:00:00+00:00,9959.075918868668
2022-03-20 00:00:00+00:00,9970.825008290905
2022-03-21 00:00:00+00:00,9985.097394971008
2022-03-22 00:00:00+00:00,9991.091751901007
2022-03-23 00:00:00+00:00,9968.379949715574
2022-03-24 00:00:00+00:00,9950.043620002243
2022-03-25 00:00:00+00:00,9929.608065279588
2022-03-26 00:00:00+00:00,9932.262372744231
2022-03-27 00:00:00+00:00,9920.782165141783
2022-03-28 00:00:00+00:00,9920.340446870752
2022-03-29 00:00:00+00:00,9904.59270220317
2022-03-30 00:00:00+00:00,9884.901999051144
2022-03-31 00:00:00+00:00,9889.480388120213
2022-04-01 00:00:00+00:00,9922.844975935259
2022-04-02 00:00:00+00:00,9928.255666585259
2022-04-03 00:00:00+00:00,9930.363658242402
2022-04-04 00:00:00+00:00,9943.173111502403
2022-04-05 00:00:00+00:00,9946.689578522404
2022-04-06 00:00:00+00:00,9947.686278362404
2022-04-07 00:00:00+00:00,9947.686278362404
2022-04-08 00:00:00+00:00,9952.313981682404
2022-04-09 00:00:00+00:00,9956.589528572684
2022-04-10 00:00:00+00:00,9932.161336288806
2022-04-11 00:00:00+00:00,9956.417411791494
2022-04-12 00:00:00+00:00,9968.749761862968
2022-04-13 00:00:00+00:00,9972.753656182967
2022-04-14 00:00:00+00:00,9976.603683902968
2022-04-15 00:00:00+00:00,9978.267902782967
2022-04-16 00:00:00+00:00,9983.28926786494
2022-04-17 00:00:00+00:00,9989.921569890817
2022-04-18 00:00:00+00:00,9999.144243170816
2022-04-19 00:00:00+00:00,10003.842594580816
2022-04-20 00:00:00+00:00,10006.743083230816
2022-04-21 00:00:00+00:00,10013.720077295817
2022-04-22 00:00:00+00:00,10017.762036275417
2022-04-23 00:00:00+00:00,10019.017842321115
2022-04-24 00:00:00+00:00,10031.264957146115
2022-04-25 00:00:00+00:00,10036.277324242916
2022-04-26 00:00:00+00:00,10041.836406849741
2022-04-27 00:00:00+00:00,10044.35829509974
2022-04-28 00:00:00+00:00,10013.297557061438
2022-04-29 00:00:00+00:00,9993.30008015847
2022-04-30 00:00:00+00:00,10057.305639166585
2022-05-01 00:00:00+00:00,10066.797778154452
2022-05-02 00:00:00+00:00,10033.10684775364
2022-05-03 00:00:00+00:00,10022.32152309278
2022-05-04 00:00:00+00:00,10048.77169354672
2022-05-05 00:00:00+00:00,9992.923912232684
2022-05-06 00:00:00+00:00,10078.531900959591
2022-05-07 00:00:00+00:00,10082.51069950959
2022-05-08 00:00:00+00:00,10090.57289371459
2022-05-09 00:00:00+00:00,10099.124676334592
2022-05-10 00:00:00+00:00,10106.062765294591
2022-05-11 00:00:00+00:00,10110.848637994592
2022-05-12 00:00:00+00:00,10124.898505314593
2022-05-13 00:00:00+00:00,10132.198752114593
2022-05-14 00:00:00+00:00,10137.215236114593
2022-05-15 00:00:00+00:00,10147.303276484885
2022-05-16 00:00:00+00:00,10155.501863384885
2022-05-17 00:00:00+00:00,10160.283917364884
2022-05-18 00:00:00+00:00,10162.164584698081
2022-05-19 00:00:00+00:00,10179.40543724808
2022-05-20 00:00:00+00:00,10143.069289926569
2022-05-21 00:00:00+00:00,10163.355186716099
2022-05-22 00:00:00+00:00,10158.284301421661
2022-05-23 00:00:00+00:00,10135.616140163684
2022-05-24 00:00:00+00:00,10159.19499737774
2022-05-25 00:00:00+00:00,10158.678361602668
2022-05-26 00:00:00+00:00,10175.351983406666
2022-05-27 00:00:00+00:00,10182.091853381666
2022-05-28 00:00:00+00:00,10188.493927301666
2022-05-29 00:00:00+00:00,10159.721038045762
2022-05-30 00:00:00+00:00,10150.937122259138
2022-05-31 00:00:00+00:00,10087.025344096366
2022-06-01 00:00:00+00:00,10089.947156616367
2022-06-02 00:00:00+00:00,10106.731154488862
2022-06-03 00:00:00+00:00,10111.230505357238
2022-06-04 00:00:00+00:00,10114.557196527237
2022-06-05 00:00:00+00:00,10119.053206727236
2022-06-06 00:00:00+00:00,10127.843750054544
2022-06-07 00:00:00+00:00,10107.754107561179
2022-06-08 00:00:00+00:00,10135.468094541076
2022-06-09 00:00:00+00:00,10153.964074186077
2022-06-10 00:00:00+00:00,10158.541609096075
2022-06-11 00:00:00+00:00,10164.154341846075
2022-06-12 00:00:00+00:00,10168.812405921828
2022-06-13 00:00:00+00:00,10178.950611211829
2022-06-14 00:00:00+00:00,10184.053399831828
2022-06-15 00:00:00+00:00,10184.007973741827
2022-06-16 00:00:00+00:00,10195.825788301827
2022-06-17 00:00:00+00:00,10207.303759416825
2022-06-18 00:00:00+00:00,10210.439624016824
2022-06-19 00:00:00+00:00,10216.286430186825
2022-06-20 00:00:00+00:00,10227.214991316825
2022-06-21 00:00:00+00:00,10233.972402216825
2022-06-22 00:00:00+00:00,10235.631722951824
2022-06-23 00:00:00+00:00,10247.834084441825
2022-06-24 00:00:00+00:00,10201.157750752218
2022-06-25 00:00:00+00:00,10160.472817608705
2022-06-26 00:00:00+00:00,10145.588243868635
2022-06-27 00:00:00+00:00,10155.626740948535
2022-06-28 00:00:00+00:00,10162.937965359462
2022-06-29 00:00:00+00:00,10164.948020029462
2022-06-30 00:00:00+00:00,10178.667103348518
2022-07-01 00:00:00+00:00,10182.305972098518
2022-07-02 00:00:00+00:00,10182.305972098518
2022-07-03 00:00:00+00:00,10186.544326448518
2022-07-04 00:00:00+00:00,10196.230562548517
2022-07-05 00:00:00+00:00,10200.886979233517
2022-07-06 00:00:00+00:00,10202.199857908516
2022-07-07 00:00:00+00:00,10170.622648285827
2022-07-08 00:00:00+00:00,10138.820928134177
2022-07-09 00:00:00+00:00,10153.812386564015
2022-07-10 00:00:00+00:00,10152.044111877392
2022-07-11 00:00:00+00:00,10183.02375054437
2022-07-12 00:00:00+00:00,10182.49762882536
2022-07-13 00:00:00+00:00,10183.63660150536
2022-07-14 00:00:00+00:00,10195.201719050812
2022-07-15 00:00:00+00:00,10201.039296110812
2022-07-16 00:00:00+00:00,10204.533433640812
2022-07-17 00:00:00+00:00,10210.137488390814
2022-07-18 00:00:00+00:00,10225.128716390815
2022-07-19 00:00:00+00:00,10123.169165166099
2022-07-20 00:00:00+00:00,10123.169165166099
2022-07-21 00:00:00+00:00,10128.557029241098
2022-07-22 00:00:00+00:00,10133.191130951098
2022-07-23 00:00:00+00:00,10135.458282801097
2022-07-24 00:00:00+00:00,10139.262971686356
2022-07-25 00:00:00+00:00,10128.059331694354
2022-07-26 00:00:00+00:00,10156.235941438354
2022-07-27 00:00:00+00:00,10158.839490213353
2022-07-28 00:00:00+00:00,10166.672001768353
2022-07-29 00:00:00+00:00,10168.032412068353
2022-07-30 00:00:00+00:00,10171.999767858353
2022-07-31 00:00:00+00:00,10177.456265758352
2022-08-01 00:00:00+00:00,10179.826146151749
2022-08-02 00:00:00+00:00,10184.086736977257
2022-08-03 00:00:00+00:00,10186.811921187258
2022-08-04 00:00:00+00:00,10194.046553937258
2022-08-05 00:00:00+00:00,10197.20600621987
2022-08-06 00:00:00+00:00,10164.777734214342
2022-08-07 00:00:00+00:00,10176.791279204928
2022-08-08 00:00:00+00:00,10174.474142617255
2022-08-09 00:00:00+00:00,10155.008142004393
2022-08-10 00:00:00+00:00,10173.787010808725
2022-08-11 00:00:00+00:00,10173.443697354161
2022-08-12 00:00:00+00:00,10164.654673269479
2022-08-13 00:00:00+00:00,10140.404137007541
2022-08-14 00:00:00+00:00,10132.574925709216
2022-08-15 00:00:00+00:00,10147.701879749597
2022-08-16 00:00:00+00:00,10158.806598915775
2022-08-17 00:00:00+00:00,10158.431781661171
2022-08-18 00:00:00+00:00,10164.700880384458
2022-08-19 00:00:00+00:00,10166.278143824458
2022-08-20 00:00:00+00:00,10165.919304484458
2022-08-21 00:00:00+00:00,10173.817663493715
2022-08-22 00:00:00+00:00,10153.626817699924
2022-08-23 00:00:00+00:00,10182.638377142304
2022-08-24 00:00:00+00:00,10182.092826467304
2022-08-25 00:00:00+00:00,10187.240830867304
2022-08-26 00:00:00+00:00,10172.122665012412
2022-08-27 00:00:00+00:00,10189.288987688986
2022-08-28 00:00:00+00:00,10191.540166278986
2022-08-29 00:00:00+00:00,10199.891632046027
2022-08-30 00:00:00+00:00,10150.682341538943
2022-08-31 00:00:00+00:00,10161.773103792204
2022-09-01 00:00:00+00:00,10149.821403142625
2022-09-02 00:00:00+00:00,10136.980100827745
2022-09-03 00:00:00+00:00,10141.142466132313
2022-09-04 00:00:00+00:00,10140.867927100344
2022-09-05 00:00:00+00:00,10129.569373302018
2022-09-06 00:00:00+00:00,10112.457831727674
2022-09-07 00:00:00+00:00,10138.094926836415
2022-09-08 00:00:00+00:00,10148.571182030833
2022-09-09 00:00:00+00:00,10151.070325250834
2022-09-10 00:00:00+00:00,10117.555196152853
2022-09-11 00:00:00+00:00,10095.809781147995
2022-09-12 00:00:00+00:00,10098.600001494193
2022-09-13 00:00:00+00:00,10117.106330379554
2022-09-14 00:00:00+00:00,10150.220824817305
2022-09-15 00:00:00+00:00,10152.840840692306
2022-09-16 00:00:00+00:00,10152.840840692306
2022-09-17 00:00:00+00:00,10154.759608147306
2022-09-18 00:00:00+00:00,10159.85133318387
2022-09-19 00:00:00+00:00,10163.955399063869
2022-09-20 00:00:00+00:00,10166.985525903869
2022-09-21 00:00:00+00:00,10170.59729510387
2022-09-22 00:00:00+00:00,10178.297785522009
2022-09-23 00:00:00+00:00,10180.901368042008
2022-09-24 00:00:00+00:00,10184.15185397701
2022-09-25 00:00:00+00:00,10189.72452363701
2022-09-26 00:00:00+00:00,10200.840674487965
2022-09-27 00:00:00+00:00,10201.546379907966
2022-09-28 00:00:00+00:00,10206.79566683691
2022-09-29 00:00:00+00:00,10213.64936263191
2022-09-30 00:00:00+00:00,10217.41149359191
2022-10-01 00:00:00+00:00,10220.85972123191
2022-10-02 00:00:00+00:00,10226.633213445635
2022-10-03 00:00:00+00:00,10235.38548706955
2022-10-04 00:00:00+00:00,10235.38548706955
2022-10-05 00:00:00+00:00,10211.66299014496
2022-10-06 00:00:00+00:00,10217.134568084559
2022-10-07 00:00:00+00:00,10217.253369242078
2022-10-08 00:00:00+00:00,10229.845049414444
2022-10-09 00:00:00+00:00,10242.143410293625
2022-10-10 00:00:00+00:00,10233.539373229396
2022-10-11 00:00:00+00:00,10250.770207214155
2022-10-12 00:00:00+00:00,10254.219553514155
2022-10-13 00:00:00+00:00,10236.31788622806
2022-10-14 00:00:00+00:00,10260.376965166008
2022-10-15 00:00:00+00:00,10260.077127901008
2022-10-16 00:00:00+00:00,10277.227982483022
2022-10-17 00:00:00+00:00,10224.999867082443
2022-10-18 00:00:00+00:00,10174.973692195334
2022-10-19 00:00:00+00:00,10184.383749889113
2022-10-20 00:00:00+00:00,10192.430652634113
2022-10-21 00:00:00+00:00,10192.430652634113
2022-10-22 00:00:00+00:00,10193.313922284113
2022-10-23 00:00:00+00:00,10160.01395114915
2022-10-24 00:00:00+00:00,10092.159006349899
2022-10-25 00:00:00+00:00,10093.9032813199
2022-10-26 00:00:00+00:00,10098.7956483849
2022-10-27 00:00:00+00:00,9998.025748482956
2022-10-28 00:00:00+00:00,10000.923875682956
2022-10-29 00:00:00+00:00,10005.837503682957
2022-10-30 00:00:00+00:00,9906.297154431917
2022-10-31 00:00:00+00:00,9914.001640097364
2022-11-01 00:00:00+00:00,9915.233757017364
2022-11-02 00:00:00+00:00,9910.572776493256
2022-11-03 00:00:00+00:00,9925.665170957345
2022-11-04 00:00:00+00:00,9925.285466852345
2022-11-05 00:00:00+00:00,9826.388215475723
2022-11-06 00:00:00+00:00,9829.387309363623
2022-11-07 00:00:00+00:00,9836.649835724504
2022-11-08 00:00:00+00:00,9837.884185264504
2022-11-09 00:00:00+00:00,9851.729917714503
2022-11-10 00:00:00+00:00,9852.156455714503
2022-11-11 00:00:00+00:00,9852.156455714503
2022-11-12 00:00:00+00:00,9856.482627084502
2022-11-13 00:00:00+00:00,9861.859346964502
2022-11-14 00:00:00+00:00,9870.249328139502
2022-11-15 00:00:00+00:00,9873.886128349503
2022-11-16 00:00:00+00:00,9871.31925354265
2022-11-17 00:00:00+00:00,9885.23367591946
2022-11-18 00:00:00+00:00,9886.842793989461
2022-11-19 00:00:00+00:00,9883.127644751603
2022-11-20 00:00:00+00:00,9881.450904427958
2022-11-21 00:00:00+00:00,9890.607475839754
2022-11-22 00:00:00+00:00,9890.825560839754
2022-11-23 00:00:00+00:00,9900.376355806646
2022-11-24 00:00:00+00:00,9885.868372319945
2022-11-25 00:00:00+00:00,9880.25646633065
2022-11-26 00:00:00+00:00,9881.60714659886
2022-11-27 00:00:00+00:00,9879.672772143827
2022-11-28 00:00:00+00:00,9883.074641025913
2022-11-29 00:00:00+00:00,9882.860003479596
2022-11-30 00:00:00+00:00,9862.64584596006
2022-12-01 00:00:00+00:00,9830.745272009466
2022-12-02 00:00:00+00:00,9838.258877136728
2022-12-03 00:00:00+00:00,9830.479870035808
2022-12-04 00:00:00+00:00,9853.033860046378
2022-12-05 00:00:00+00:00,9852.717385389427
2022-12-06 00:00:00+00:00,9851.661715871263
2022-12-07 00:00:00+00:00,9860.269233295234
2022-12-08 00:00:00+00:00,9860.175898290234
2022-12-09 00:00:00+00:00,9860.643336690235
2022-12-10 00:00:00+00:00,9862.866678375234
2022-12-11 00:00:00+00:00,9859.561657569639
2022-12-12 00:00:00+00:00,9862.401598979242
2022-12-13 00:00:00+00:00,9868.898684506976
2022-12-14 00:00:00+00:00,9876.490619166976
2022-12-15 00:00:00+00:00,9878.309379526976
2022-12-16 00:00:00+00:00,9878.451720446976
2022-12-17 00:00:00+00:00,9881.219321728222
2022-12-18 00:00:00+00:00,9860.831137429763
2022-12-19 00:00:00+00:00,9865.580010927963
2022-12-20 00:00:00+00:00,9899.024205598216
2022-12-21 00:00:00+00:00,9857.212135498266
2022-12-22 00:00:00+00:00,9859.986493739087
2022-12-23 00:00:00+00:00,9857.006122330022
2022-12-24 00:00:00+00:00,9855.448569438167
2022-12-25 00:00:00+00:00,9855.254195943711
2022-12-26 00:00:00+00:00,9854.551121961187
2022-12-27 00:00:00+00:00,9854.649227005973
2022-12-28 00:00:00+00:00,9859.789526125973
2022-12-29 00:00:00+00:00,9861.353866525973
2022-12-30 00:00:00+00:00,9862.765811215973
2022-12-31 00:00:00+00:00,9864.521510365972
2023-01-01 00:00:00+00:00,9867.359688781005
2023-01-02 00:00:00+00:00,9862.360397529772
2023-01-03 00:00:00+00:00,9844.544947371687
2023-01-04 00:00:00+00:00,9843.35765947222
2023-01-05 00:00:00+00:00,9768.06666134044
2023-01-06 00:00:00+00:00,9768.32351949044
2023-01-07 00:00:00+00:00,9767.166916880438
2023-01-08 00:00:00+00:00,9770.778867950437
2023-01-09 00:00:00+00:00,9773.883714000438
2023-01-10 00:00:00+00:00,9773.883714000438
2023-01-11 00:00:00+00:00,9779.951037360437
2023-01-12 00:00:00+00:00,9779.340716440438
2023-01-13 00:00:00+00:00,9779.340716440438
2023-01-14 00:00:00+00:00,9782.845813840437
2023-01-15 00:00:00+00:00,9685.333225640436
2023-01-16 00:00:00+00:00,9685.442845675436
2023-01-17 00:00:00+00:00,9686.422383675437
2023-01-18 00:00:00+00:00,9686.422383675437
2023-01-19 00:00:00+00:00,9688.977084375436
2023-01-20 00:00:00+00:00,9654.113256259321
2023-01-21 00:00:00+00:00,9593.080175723475
2023-01-22 00:00:00+00:00,9594.138041323477
2023-01-23 00:00:00+00:00,9598.846321573477
2023-01-24 00:00:00+00:00,9599.791256781478
2023-01-25 00:00:00+00:00,9601.630138041479
2023-01-26 00:00:00+00:00,9602.31615486648
2023-01-27 00:00:00+00:00,9603.806749116478
2023-01-28 00:00:00+00:00,9606.98558914648
2023-01-29 00:00:00+00:00,9609.33908502148
2023-01-30 00:00:00+00:00,9565.21187159855
2023-01-31 00:00:00+00:00,9613.534484231985
2023-02-01 00:00:00+00:00,9603.760635587054
2023-02-02 00:00:00+00:00,9616.835068480243
2023-02-03 00:00:00+00:00,9616.812020785243
2023-02-04 00:00:00+00:00,9622.302409600243
2023-02-05 00:00:00+00:00,9625.952171320243
2023-02-06 00:00:00+00:00,9631.243615510244
2023-02-07 00:00:00+00:00,9637.251989230244
2023-02-08 00:00:00+00:00,9606.772193370392
2023-02-09 00:00:00+00:00,9618.150945459403
2023-02-10 00:00:00+00:00,9641.44108798154
2023-02-11 00:00:00+00:00,9646.79779946154
2023-02-12 00:00:00+00:00,9649.754033138424
2023-02-13 00:00:00+00:00,9652.972955438425
2023-02-14 00:00:00+00:00,9657.543239838426
2023-02-15 00:00:00+00:00,9661.757612718426
2023-02-16 00:00:00+00:00,9661.658145038426
2023-02-17 00:00:00+00:00,9662.500208253681
2023-02-18 00:00:00+00:00,9641.850960424481
2023-02-19 00:00:00+00:00,9642.999353307963
2023-02-20 00:00:00+00:00,9647.612537532463
2023-02-21 00:00:00+00:00,9638.724215709337
2023-02-22 00:00:00+00:00,9656.205689947712
2023-02-23 00:00:00+00:00,9655.796405392834
2023-02-24 00:00:00+00:00,9656.513847292832
2023-02-25 00:00:00+00:00,9662.33907910533
2023-02-26 00:00:00+00:00,9665.20638652533
2023-02-27 00:00:00+00:00,9637.619382397404
2023-02-28 00:00:00+00:00,9642.271055382427
2023-03-01 00:00:00+00:00,9658.02560999922
2023-03-02 00:00:00+00:00,9624.941012512563
2023-03-03 00:00:00+00:00,9634.755436250052
2023-03-04 00:00:00+00:00,9634.155187602597
2023-03-05 00:00:00+00:00,9636.85678753936
2023-03-06 00:00:00+00:00,9640.86219271936
2023-03-07 00:00:00+00:00,9644.47078671936
2023-03-08 00:00:00+00:00,9646.745935294577
2023-03-09 00:00:00+00:00,9652.196777104577
2023-03-10 00:00:00+00:00,9653.06390418058
2023-03-11 00:00:00+00:00,9661.327464960581
2023-03-12 00:00:00+00:00,9664.913375465581
2023-03-13 00:00:00+00:00,9666.545654605581
2023-03-14 00:00:00+00:00,9669.046599123396
2023-03-15 00:00:00+00:00,9670.126954218395
2023-03-16 00:00:00+00:00,9671.918002488395
2023-03-17 00:00:00+00:00,9673.114979313395
2023-03-18 00:00:00+00:00,9644.530288730972
2023-03-19 00:00:00+00:00,9652.116486781306
2023-03-20 00:00:00+00:00,9647.028731965454
2023-03-21 00:00:00+00:00,9658.846918853527
2023-03-22 00:00:00+00:00,9642.283288511835
2023-03-23 00:00:00+00:00,9642.059281554973
2023-03-24 00:00:00+00:00,9642.810032154974
2023-03-25 00:00:00+00:00,9644.601947753974
2023-03-26 00:00:00+00:00,9646.466895053205
2023-03-27 00:00:00+00:00,9638.504418269238
2023-03-28 00:00:00+00:00,9648.934706702203
2023-03-29 00:00:00+00:00,9651.436466902203
2023-03-30 00:00:00+00:00,9645.252098286535
2023-03-31 00:00:00+00:00,9652.900289940166
2023-04-01 00:00:00+00:00,9655.383031270165
2023-04-02 00:00:00+00:00,9657.14158300241
2023-04-03 00:00:00+00:00,9659.32957500241
2023-04-04 00:00:00+00:00,9663.26481000241
2023-04-05 00:00:00+00:00,9664.582514222411
2023-04-06 00:00:00+00:00,9664.50156240241
2023-04-07 00:00:00+00:00,9664.76121328741
2023-04-08 00:00:00+00:00,9666.52571948741
2023-04-09 00:00:00+00:00,9668.14145906741
2023-04-10 00:00:00+00:00,9669.53645618741
2023-04-11 00:00:00+00:00,9673.73528771241
2023-04-12 00:00:00+00:00,9675.31830059028
2023-04-13 00:00:00+00:00,9676.78691621028
2023-04-14 00:00:00+00:00,9677.91833807028
2023-04-15 00:00:00+00:00,9646.970080295092
2023-04-16 00:00:00+00:00,9650.164239382786
2023-04-17 00:00:00+00:00,9641.040133780085
2023-04-18 00:00:00+00:00,9656.373633119505
2023-04-19 00:00:00+00:00,9646.624499011035
2023-04-20 00:00:00+00:00,9646.188363878035
2023-04-21 00:00:00+00:00,9646.717401453034
2023-04-22 00:00:00+00:00,9648.277046373034
2023-04-23 00:00:00+00:00,9643.280743296138
2023-04-24 00:00:00+00:00,9650.456150039621
2023-04-25 00:00:00+00:00,9654.37441183962
2023-04-26 00:00:00+00:00,9656.34425705962
2023-04-27 00:00:00+00:00,9656.271704779621
2023-04-28 00:00:00+00:00,9656.271704779621
2023-04-29 00:00:00+00:00,9657.508726940732
2023-04-30 00:00:00+00:00,9653.717162823998
2023-05-01 00:00:00+00:00,9659.26454603501
2023-05-02 00:00:00+00:00,9667.37545870501
2023-05-03 00:00:00+00:00,9668.62614705001
2023-05-04 00:00:00+00:00,9669.08156057501
2023-05-05 00:00:00+00:00,9669.06759440501
2023-05-06 00:00:00+00:00,9636.395842544167
2023-05-07 00:00:00+00:00,9670.030187006905
2023-05-08 00:00:00+00:00,9672.657940322713
2023-05-09 00:00:00+00:00,9672.657940322713
2023-05-10 00:00:00+00:00,9674.277592557712
2023-05-11 00:00:00+00:00,9674.803240697713
2023-05-12 00:00:00+00:00,9674.765618607713
2023-05-13 00:00:00+00:00,9675.968884557713
2023-05-14 00:00:00+00:00,9678.954968332713
2023-05-15 00:00:00+00:00,9675.957686563783
2023-05-16 00:00:00+00:00,9681.588318229582
2023-05-17 00:00:00+00:00,9683.007800949583
2023-05-18 00:00:00+00:00,9682.390803309583
2023-05-19 00:00:00+00:00,9681.712063179584
2023-05-20 00:00:00+00:00,9674.450230892706
2023-05-21 00:00:00+00:00,9670.718011093724
2023-05-22 00:00:00+00:00,9682.66883748975
2023-05-23 00:00:00+00:00,9687.08041869975
2023-05-24 00:00:00+00:00,9664.068812702644
2023-05-25 00:00:00+00:00,9689.950771277661
2023-05-26 00:00:00+00:00,9693.93094689766
2023-05-27 00:00:00+00:00,9695.157779372661
2023-05-28 00:00:00+00:00,9697.322386975284
2023-05-29 00:00:00+00:00,9696.848575675283
2023-05-30 00:00:00+00:00,9701.499371305285
2023-05-31 00:00:00+00:00,9703.533114805285
2023-06-01 00:00:00+00:00,9702.692866145284
2023-06-02 00:00:00+00:00,9706.003208450284
2023-06-03 00:00:00+00:00,9707.500398410284
2023-06-04 00:00:00+00:00,9709.981850870283
2023-06-05 00:00:00+00:00,9712.025687780284
2023-06-06 00:00:00+00:00,9714.755486480284
2023-06-07 00:00:00+00:00,9716.552112750285
2023-06-08 00:00:00+00:00,9716.233751910284
2023-06-09 00:00:00+00:00,9709.761511610695
2023-06-10 00:00:00+00:00,9712.332142448413
2023-06-11 00:00:00+00:00,9719.192071020932
2023-06-12 00:00:00+00:00,9720.741423740932
2023-06-13 00:00:00+00:00,9724.613455260931
2023-06-14 00:00:00+00:00,9727.19965836093
2023-06-15 00:00:00+00:00,9727.76920676093
2023-06-16 00:00:00+00:00,9729.69217663593
2023-06-17 00:00:00+00:00,9730.05768037593
2023-06-18 00:00:00+00:00,9725.869548847342
2023-06-19 00:00:00+00:00,9728.587976420784
2023-06-20 00:00:00+00:00,9733.663987540409
2023-06-21 00:00:00+00:00,9734.879185990409
2023-06-22 00:00:00+00:00,9685.027160350655
2023-06-23 00:00:00+00:00,9693.739781009761
2023-06-24 00:00:00+00:00,9683.793039669818
2023-06-25 00:00:00+00:00,9692.65580281419
2023-06-26 00:00:00+00:00,9681.415747306604
2023-06-27 00:00:00+00:00,9680.771825450605
2023-06-28 00:00:00+00:00,9667.22289469304
2023-06-29 00:00:00+00:00,9682.52051885304
2023-06-30 00:00:00+00:00,9673.895606907767
2023-07-01 00:00:00+00:00,9642.736364115002
2023-07-02 00:00:00+00:00,9646.514946316136
2023-07-03 00:00:00+00:00,9641.548852573611
2023-07-04 00:00:00+00:00,9635.147083179081
2023-07-05 00:00:00+00:00,9634.727112358103
2023-07-06 00:00:00+00:00,9636.202637738104
2023-07-07 00:00:00+00:00,9636.896799523105
2023-07-08 00:00:00+00:00,9636.896799523105
2023-07-09 00:00:00+00:00,9639.505802213105
2023-07-10 00:00:00+00:00,9640.90341649956
2023-07-11 00:00:00+00:00,9644.00227306956
2023-07-12 00:00:00+00:00,9644.823286062323
2023-07-13 00:00:00+00:00,9645.34527086065
2023-07-14 00:00:00+00:00,9646.792733800648
2023-07-15 00:00:00+00:00,9647.66991934065
2023-07-16 00:00:00+00:00,9648.836926872369
2023-07-17 00:00:00+00:00,9650.528020822763
2023-07-18 00:00:00+00:00,9653.262624542154
2023-07-19 00:00:00+00:00,9655.099253842154
2023-07-20 00:00:00+00:00,9656.07189792132
2023-07-21 00:00:00+00:00,9657.75881500632
2023-07-22 00:00:00+00:00,9658.64734894632
2023-07-23 00:00:00+00:00,9664.906286373061
2023-07-24 00:00:00+00:00,9651.982825193
2023-07-25 00:00:00+00:00,9667.994068573416
2023-07-26 00:00:00+00:00,9664.082626999858
2023-07-27 00:00:00+00:00,9657.135387344239
2023-07-28 00:00:00+00:00,9662.708105239399
2023-07-29 00:00:00+00:00,9656.359495457173
2023-07-30 00:00:00+00:00,9653.348035776726
2023-07-31 00:00:00+00:00,9652.777440240723
2023-08-01 00:00:00+00:00,9655.103619953323
2023-08-02 00:00:00+00:00,9657.708578848638
2023-08-03 00:00:00+00:00,9660.913872598638
2023-08-04 00:00:00+00:00,9660.544169698638
2023-08-05 00:00:00+00:00,9663.069060698637
2023-08-06 00:00:00+00:00,9653.242001885992
2023-08-07 00:00:00+00:00,9663.175857075084
2023-08-08 00:00:00+00:00,9676.627931745203
2023-08-09 00:00:00+00:00,9677.941907240202
2023-08-10 00:00:00+00:00,9680.160749630202
2023-08-11 00:00:00+00:00,9682.704323390202
2023-08-12 00:00:00+00:00,9681.461491930202
2023-08-13 00:00:00+00:00,9677.699481564761
2023-08-14 00:00:00+00:00,9692.427143317978
2023-08-15 00:00:00+00:00,9696.06038089798
2023-08-16 00:00:00+00:00,9695.61444863798
2023-08-17 00:00:00+00:00,9695.05420642298
2023-08-18 00:00:00+00:00,9698.494089132979
2023-08-19 00:00:00+00:00,9706.98076131298
2023-08-20 00:00:00+00:00,9700.26109918991
2023-08-21 00:00:00+00:00,9686.600046803887
2023-08-22 00:00:00+00:00,9701.500917598789
2023-08-23 00:00:00+00:00,9720.58505174686
2023-08-24 00:00:00+00:00,9724.027155851862
2023-08-25 00:00:00+00:00,9729.09714608694
2023-08-26 00:00:00+00:00,9730.343575196941
2023-08-27 00:00:00+00:00,9734.364838471954
2023-08-28 00:00:00+00:00,9725.58603088946
2023-08-29 00:00:00+00:00,9742.687616865951
2023-08-30 00:00:00+00:00,9744.39461898595
2023-08-31 00:00:00+00:00,9746.993084985952
2023-09-01 00:00:00+00:00,9750.799959308055
2023-09-02 00:00:00+00:00,9754.205855768323
2023-09-03 00:00:00+00:00,9746.564677910419
2023-09-04 00:00:00+00:00,9747.527006373017
2023-09-05 00:00:00+00:00,9751.159566335096
2023-09-06 00:00:00+00:00,9748.53198244642
2023-09-07 00:00:00+00:00,9749.591251233998
2023-09-08 00:00:00+00:00,9748.782327986435
2023-09-09 00:00:00+00:00,9749.088235636435
2023-09-10 00:00:00+00:00,9749.385338181432
2023-09-11 00:00:00+00:00,9763.510784263008
2023-09-12 00:00:00+00:00,9768.977735623006
2023-09-13 00:00:00+00:00,9728.424076664436
2023-09-14 00:00:00+00:00,9715.023495618818
2023-09-15 00:00:00+00:00,9697.281020820248
2023-09-16 00:00:00+00:00,9671.60362039935
2023-09-17 00:00:00+00:00,9676.251788668778
2023-09-18 00:00:00+00:00,9684.888163788193
2023-09-19 00:00:00+00:00,9691.133912613193
2023-09-20 00:00:00+00:00,9693.183334603193
2023-09-21 00:00:00+00:00,9693.633299573194
2023-09-22 00:00:00+00:00,9695.892277533194
2023-09-23 00:00:00+00:00,9699.936491333194
2023-09-24 00:00:00+00:00,9698.471937667213
2023-09-25 00:00:00+00:00,9714.552654306171
2023-09-26 00:00:00+00:00,9717.452976956172
2023-09-27 00:00:00+00:00,9717.40590195713
2023-09-28 00:00:00+00:00,9720.33226266713
2023-09-29 00:00:00+00:00,9652.678486438199
2023-09-30 00:00:00+00:00,9623.59286857338
2023-10-01 00:00:00+00:00,9617.672882443148
2023-10-02 00:00:00+00:00,9527.802880473047
2023-10-03 00:00:00+00:00,9532.259377773049
2023-10-04 00:00:00+00:00,9533.099746537775
2023-10-05 00:00:00+00:00,9533.898401947776
2023-10-06 00:00:00+00:00,9535.450334667776
2023-10-07 00:00:00+00:00,9501.316925498277
2023-10-08 00:00:00+00:00,9513.337595365669
2023-10-09 00:00:00+00:00,9514.855569534198
2023-10-10 00:00:00+00:00,9541.090655680424
2023-10-11 00:00:00+00:00,9541.454000770424
2023-10-12 00:00:00+00:00,9543.829486370425
2023-10-13 00:00:00+00:00,9542.735348830425
2023-10-14 00:00:00+00:00,9528.463390828496
2023-10-15 00:00:00+00:00,9526.043367456283
2023-10-16 00:00:00+00:00,9523.211654728491
2023-10-17 00:00:00+00:00,9448.21254265725
2023-10-18 00:00:00+00:00,9449.50135008225
2023-10-19 00:00:00+00:00,9453.680221117615
2023-10-20 00:00:00+00:00,9453.173746477614
2023-10-21 00:00:00+00:00,9454.095374197614
2023-10-22 00:00:00+00:00,9432.494614134544
2023-10-23 00:00:00+00:00,9401.975839123414
2023-10-24 00:00:00+00:00,9360.226336048494
2023-10-25 00:00:00+00:00,9360.095860053494
2023-10-26 00:00:00+00:00,9362.542989183494
2023-10-27 00:00:00+00:00,9362.769204863493
2023-10-28 00:00:00+00:00,9362.951634548494
2023-10-29 00:00:00+00:00,9365.155995706169
2023-10-30 00:00:00+00:00,9370.813274212693
2023-10-31 00:00:00+00:00,9377.731940027692
2023-11-01 00:00:00+00:00,9378.250282112693
2023-11-02 00:00:00+00:00,9379.828851482693
2023-11-03 00:00:00+00:00,9380.499060932692
2023-11-04 00:00:00+00:00,9381.024525137693
2023-11-05 00:00:00+00:00,9362.931503888454
2023-11-06 00:00:00+00:00,9339.77348333254
2023-11-07 00:00:00+00:00,9334.365850369313
2023-11-08 00:00:00+00:00,9344.833642506524
2023-11-09 00:00:00+00:00,9343.312361036316
2023-11-10 00:00:00+00:00,9342.766149302317
2023-11-11 00:00:00+00:00,9344.648448097318
2023-11-12 00:00:00+00:00,9351.307680452317
2023-11-13 00:00:00+00:00,9355.863067952318
2023-11-14 00:00:00+00:00,9351.731934438827
2023-11-15 00:00:00+00:00,9360.65004946708
2023-11-16 00:00:00+00:00,9365.92562334208
2023-11-17 00:00:00+00:00,9366.786848567079
2023-11-18 00:00:00+00:00,9369.792378463462
2023-11-19 00:00:00+00:00,9375.400465583463
2023-11-20 00:00:00+00:00,9379.261819823463
2023-11-21 00:00:00+00:00,9383.590330883462
2023-11-22 00:00:00+00:00,9384.956123388463
2023-11-23 00:00:00+00:00,9339.201741548883
2023-11-24 00:00:00+00:00,9339.939609945297
2023-11-25 00:00:00+00:00,9333.097084737863
2023-11-26 00:00:00+00:00,9332.606578356856
2023-11-27 00:00:00+00:00,9340.889455205315
2023-11-28 00:00:00+00:00,9340.413865969314
2023-11-29 00:00:00+00:00,9341.805746749314
2023-11-30 00:00:00+00:00,9342.559826749315
2023-12-01 00:00:00+00:00,9343.225565381315
2023-12-02 00:00:00+00:00,9326.514944747316
2023-12-03 00:00:00+00:00,9292.366550767849
2023-12-04 00:00:00+00:00,9280.380384586073
2023-12-05 00:00:00+00:00,9250.900232786073
2023-12-06 00:00:00+00:00,9250.119813986073
2023-12-07 00:00:00+00:00,9252.443850556074
2023-12-08 00:00:00+00:00,9253.427735111074
2023-12-09 00:00:00+00:00,9255.155326902062
2023-12-10 00:00:00+00:00,9259.45155921248
2023-12-11 00:00:00+00:00,9264.460181187347
2023-12-12 00:00:00+00:00,9267.721143587349
2023-12-13 00:00:00+00:00,9269.171386712349
2023-12-14 00:00:00+00:00,9269.71254227235
2023-12-15 00:00:00+00:00,9269.757552202349
2023-12-16 00:00:00+00:00,9270.06279332235
2023-12-17 00:00:00+00:00,9268.393662294025
2023-12-18 00:00:00+00:00,9275.459397612023
2023-12-19 00:00:00+00:00,9280.500932192022
2023-12-20 00:00:00+00:00,9280.037921942021
2023-12-21 00:00:00+00:00,9281.202604342021
2023-12-22 00:00:00+00:00,9281.60922900202
2023-12-23 00:00:00+00:00,9282.51208645702
2023-12-24 00:00:00+00:00,9287.04605236702
2023-12-25 00:00:00+00:00,9291.26276668702
2023-12-26 00:00:00+00:00,9290.233431199411
2023-12-27 00:00:00+00:00,9296.405875093911
2023-12-28 00:00:00+00:00,9297.535978603912
2023-12-29 00:00:00+00:00,9299.939632933912
2023-12-30 00:00:00+00:00,9302.827865883914
2023-12-31 00:00:00+00:00,9305.738529272567
2024-01-01 00:00:00+00:00,9312.041389268641
2024-01-02 00:00:00+00:00,9316.98020510864
2024-01-03 00:00:00+00:00,9318.017622633704
2024-01-04 00:00:00+00:00,9319.445888393706
2024-01-05 00:00:00+00:00,9320.040313943706
2024-01-06 00:00:00+00:00,9321.995622778706
2024-01-07 00:00:00+00:00,9326.126419063707
2024-01-08 00:00:00+00:00,9331.025418215708
2024-01-09 00:00:00+00:00,9334.337343995707
2024-01-10 00:00:00+00:00,9336.186787745708
2024-01-11 00:00:00+00:00,9243.355817098243
2024-01-12 00:00:00+00:00,9244.712696973244
2024-01-13 00:00:00+00:00,9245.939749053243
2024-01-14 00:00:00+00:00,9251.141042383242
2024-01-15 00:00:00+00:00,9254.371901223241
2024-01-16 00:00:00+00:00,9248.587591033356
2024-01-17 00:00:00+00:00,9235.596220537962
2024-01-18 00:00:00+00:00,9245.656061224758
2024-01-19 00:00:00+00:00,9258.617992051953
2024-01-20 00:00:00+00:00,9260.570835251952
2024-01-21 00:00:00+00:00,9263.336706853157
2024-01-22 00:00:00+00:00,9265.89879994025
2024-01-23 00:00:00+00:00,9267.478081435303
2024-01-24 00:00:00+00:00,9270.166575224428
2024-01-25 00:00:00+00:00,9271.947639314427
2024-01-26 00:00:00+00:00,9272.705805314428
2024-01-27 00:00:00+00:00,9273.985342739428
2024-01-28 00:00:00+00:00,9277.128991987427
2024-01-29 00:00:00+00:00,9281.097857735691
2024-01-30 00:00:00+00:00,9282.77205307169
2024-01-31 00:00:00+00:00,9282.60687704669
2024-02-01 00:00:00+00:00,9284.90252082169
2024-02-02 00:00:00+00:00,9287.09707302169
2024-02-03 00:00:00+00:00,9287.709177551691
2024-02-04 00:00:00+00:00,9290.29599219169
2024-02-05 00:00:00+00:00,9294.357991696766
2024-02-06 00:00:00+00:00,9296.279022796767
2024-02-07 00:00:00+00:00,9258.843871906247
2024-02-08 00:00:00+00:00,9232.69923917124
2024-02-09 00:00:00+00:00,9235.77394275145
2024-02-10 00:00:00+00:00,9204.591084895601
2024-02-11 00:00:00+00:00,9209.66584340159
2024-02-12 00:00:00+00:00,9206.222361760649
2024-02-13 00:00:00+00:00,9212.99052743232
2024-02-14 00:00:00+00:00,9214.941060257319
2024-02-15 00:00:00+00:00,9214.069033427319
2024-02-16 00:00:00+00:00,9214.683678777319
2024-02-17 00:00:00+00:00,9214.675959857319
2024-02-18 00:00:00+00:00,9216.19017724732
2024-02-19 00:00:00+00:00,9218.863442747319
2024-02-20 00:00:00+00:00,9220.098251747318
2024-02-21 00:00:00+00:00,9221.776207337318
2024-02-22 00:00:00+00:00,9222.231959897317
2024-02-23 00:00:00+00:00,9222.231959897317
2024-02-24 00:00:00+00:00,9221.807008797317
2024-02-25 00:00:00+00:00,9224.927229567316
2024-02-26 00:00:00+00:00,9199.942637164302
2024-02-27 00:00:00+00:00,9187.48717764126
2024-02-28 00:00:00+00:00,9174.672707188165
2024-02-29 00:00:00+00:00,9135.656500966315
2024-03-01 00:00:00+00:00,9137.022430654233
2024-03-02 00:00:00+00:00,9115.503911680842
2024-03-03 00:00:00+00:00,9119.563485102226
2024-03-04 00:00:00+00:00,9104.530858202968
2024-03-05 00:00:00+00:00,9072.81930508237
2024-03-06 00:00:00+00:00,9050.323377577592
2024-03-07 00:00:00+00:00,9050.758984902592
2024-03-08 00:00:00+00:00,9052.13207797259
2024-03-09 00:00:00+00:00,9053.549481618464
2024-03-10 00:00:00+00:00,9049.70230297639
2024-03-11 00:00:00+00:00,9056.174412747909
2024-03-12 00:00:00+00:00,9057.85491834791
2024-03-13 00:00:00+00:00,9059.66788611791
2024-03-14 00:00:00+00:00,9060.139751081595
2024-03-15 00:00:00+00:00,9060.183821201595
2024-03-16 00:00:00+00:00,9060.802582241595
2024-03-17 00:00:00+00:00,9063.172291121595
2024-03-18 00:00:00+00:00,9068.925759881595
2024-03-19 00:00:00+00:00,9069.812402446594
2024-03-20 00:00:00+00:00,9071.678854096594
2024-03-21 00:00:00+00:00,9072.743262556594
2024-03-22 00:00:00+00:00,9073.094471116594
2024-03-23 00:00:00+00:00,9073.786430476594
2024-03-24 00:00:00+00:00,9075.203492251594
2024-03-25 00:00:00+00:00,9067.375932961526
2024-03-26 00:00:00+00:00,9058.386778002074
2024-03-27 00:00:00+00:00,9058.808919838126
2024-03-28 00:00:00+00:00,9064.6990630622
2024-03-29 00:00:00+00:00,9061.024715327696
2024-03-30 00:00:00+00:00,9060.900312594486
2024-03-31 00:00:00+00:00,9061.081304916284
2024-04-01 00:00:00+00:00,9049.460186696235
2024-04-02 00:00:00+00:00,9063.935848379906
2024-04-03 00:00:00+00:00,9068.255261529906
2024-04-04 00:00:00+00:00,9069.371044374906
2024-04-05 00:00:00+00:00,9070.524828879905
2024-04-06 00:00:00+00:00,9070.524828879905
2024-04-07 00:00:00+00:00,9066.800021704066
2024-04-08 00:00:00+00:00,9057.424808028185
2024-04-09 00:00:00+00:00,9035.38759006085
2024-04-10 00:00:00+00:00,9052.925326035018
2024-04-11 00:00:00+00:00,9049.523386246605
2024-04-12 00:00:00+00:00,9049.276863837573
2024-04-13 00:00:00+00:00,9050.404615045016
2024-04-14 00:00:00+00:00,9050.404615045016
2024-04-15 00:00:00+00:00,9051.917567410015
2024-04-16 00:00:00+00:00,9052.506697930015
2024-04-17 00:00:00+00:00,9056.828957830015
2024-04-18 00:00:00+00:00,9057.924675445016
2024-04-19 00:00:00+00:00,9062.010456005015
2024-04-20 00:00:00+00:00,9061.850781765013
2024-04-21 00:00:00+00:00,9062.301503735014
2024-04-22 00:00:00+00:00,9062.531738635014
2024-04-23 00:00:00+00:00,9057.820589504927
2024-04-24 00:00:00+00:00,9056.069708097715
2024-04-25 00:00:00+00:00,9064.590923878315
2024-04-26 00:00:00+00:00,9067.991552019466
2024-04-27 00:00:00+00:00,9068.469429939465
2024-04-28 00:00:00+00:00,9069.262655029466
2024-04-29 00:00:00+00:00,9068.41781145259
2024-04-30 00:00:00+00:00,9070.293190737022
2024-05-01 00:00:00+00:00,9073.141380202022
2024-05-02 00:00:00+00:00,9074.084395352022
2024-05-03 00:00:00+00:00,9078.723127902022
2024-05-04 00:00:00+00:00,9079.900153302022
2024-05-05 00:00:00+00:00,9079.712717022021
2024-05-06 00:00:00+00:00,9080.26396859702
2024-05-07 00:00:00+00:00,9082.459994012577
2024-05-08 00:00:00+00:00,9087.872799457577
2024-05-09 00:00:00+00:00,9090.351240357577
2024-05-10 00:00:00+00:00,9094.901672340382
2024-05-11 00:00:00+00:00,9094.282589150382
2024-05-12 00:00:00+00:00,9095.475234450381
2024-05-13 00:00:00+00:00,9096.482367170382
2024-05-14 00:00:00+00:00,9098.478722545382
2024-05-15 00:00:00+00:00,9101.76165346538
2024-05-16 00:00:00+00:00,9103.61647510538
2024-05-17 00:00:00+00:00,9107.25216176538
2024-05-18 00:00:00+00:00,9107.445841860379
2024-05-19 00:00:00+00:00,9107.270985800378
2024-05-20 00:00:00+00:00,9107.89676267038
2024-05-21 00:00:00+00:00,9109.49459981038
2024-05-22 00:00:00+00:00,9097.451079409657
2024-05-23 00:00:00+00:00,9102.677877918826
2024-05-24 00:00:00+00:00,9114.759215223437
2024-05-25 00:00:00+00:00,9114.794814778437
2024-05-26 00:00:00+00:00,9114.721272493438
2024-05-27 00:00:00+00:00,9109.439481995438
2024-05-28 00:00:00+00:00,9104.924410877778
2024-05-29 00:00:00+00:00,9108.296894804507
2024-05-30 00:00:00+00:00,9113.571193016973
2024-05-31 00:00:00+00:00,9116.108506393273
2024-06-01 00:00:00+00:00,9117.271087893274
2024-06-02 00:00:00+00:00,9113.046421367653
2024-06-03 00:00:00+00:00,9118.2822637723
2024-06-04 00:00:00+00:00,9119.02064534549
2024-06-05 00:00:00+00:00,9119.94951062049
2024-06-06 00:00:00+00:00,9121.68163887549
2024-06-07 00:00:00+00:00,9126.107452201366
2024-06-08 00:00:00+00:00,9126.872832201365
2024-06-09 00:00:00+00:00,9127.474944880365
2024-06-10 00:00:00+00:00,9125.370486201085
2024-06-11 00:00:00+00:00,9128.551562610375
2024-06-12 00:00:00+00:00,9132.816981720376
2024-06-13 00:00:00+00:00,9136.796672360375
2024-06-14 00:00:00+00:00,9139.394674635376
2024-06-15 00:00:00+00:00,9141.925884030376
2024-06-16 00:00:00+00:00,9142.536573720376
2024-06-17 00:00:00+00:00,9142.220655495377
2024-06-18 00:00:00+00:00,9143.145288065376
2024-06-19 00:00:00+00:00,9147.767364470375
2024-06-20 00:00:00+00:00,9150.875638760375
2024-06-21 00:00:00+00:00,9154.727512275374
2024-06-22 00:00:00+00:00,9156.460366275374
2024-06-23 00:00:00+00:00,9156.760021065375
2024-06-24 00:00:00+00:00,9157.380000818881
2024-06-25 00:00:00+00:00,9159.654158198882
2024-06-26 00:00:00+00:00,9148.972241691055
2024-06-27 00:00:00+00:00,9164.880057377284
2024-06-28 00:00:00+00:00,9135.828817070618
2024-06-29 00:00:00+00:00,9161.098390694187
2024-06-30 00:00:00+00:00,9162.142603636003
2024-07-01 00:00:00+00:00,9171.29608930123
2024-07-02 00:00:00+00:00,9170.00467022899
2024-07-03 00:00:00+00:00,9173.63313068429
2024-07-04 00:00:00+00:00,9177.14291948429
2024-07-05 00:00:00+00:00,9185.12640258429
2024-07-06 00:00:00+00:00,9185.12640258429
2024-07-07 00:00:00+00:00,9184.656879229291
2024-07-08 00:00:00+00:00,9184.451971639292
2024-07-09 00:00:00+00:00,9186.952839619293
2024-07-10 00:00:00+00:00,9175.680046641952
2024-07-11 00:00:00+00:00,9168.112802474587
2024-07-12 00:00:00+00:00,9168.519656954755
2024-07-13 00:00:00+00:00,9160.866076191238
2024-07-14 00:00:00+00:00,9151.96138108168
2024-07-15 00:00:00+00:00,9151.543895179211
2024-07-16 00:00:00+00:00,9118.959445037346
2024-07-17 00:00:00+00:00,9124.339376223314
2024-07-18 00:00:00+00:00,9132.158230851282
2024-07-19 00:00:00+00:00,9126.953390453713
2024-07-20 00:00:00+00:00,9116.560685022336
2024-07-21 00:00:00+00:00,9116.251034089797
2024-07-22 00:00:00+00:00,9117.184695229796
2024-07-23 00:00:00+00:00,9118.934344479798
2024-07-24 00:00:00+00:00,9121.186116126766
2024-07-25 00:00:00+00:00,9125.114517036767
2024-07-26 00:00:00+00:00,9129.868631251768
2024-07-27 00:00:00+00:00,9111.43460387751
2024-07-28 00:00:00+00:00,9115.993399358666
2024-07-29 00:00:00+00:00,9112.530842072916
2024-07-30 00:00:00+00:00,9103.9494236217
2024-07-31 00:00:00+00:00,9111.08762971465
2024-08-01 00:00:00+00:00,9110.73258065765
2024-08-02 00:00:00+00:00,9116.66581073765
2024-08-03 00:00:00+00:00,9117.01242595765
2024-08-04 00:00:00+00:00,9119.08656802765
2024-08-05 00:00:00+00:00,9120.33401167265
2024-08-06 00:00:00+00:00,9123.81849517265
2024-08-07 00:00:00+00:00,9115.165967669573
2024-08-08 00:00:00+00:00,9127.242611537276
2024-08-09 00:00:00+00:00,9133.416500637275
2024-08-10 00:00:00+00:00,9133.416500637275
2024-08-11 00:00:00+00:00,9133.714656397275
2024-08-12 00:00:00+00:00,9134.868415377836
2024-08-13 00:00:00+00:00,9137.462800677837
2024-08-14 00:00:00+00:00,9139.908685437837
2024-08-15 00:00:00+00:00,9146.208544934718
2024-08-16 00:00:00+00:00,9150.212048194719
2024-08-17 00:00:00+00:00,9150.267455714718
2024-08-18 00:00:00+00:00,9147.675531939589
2024-08-19 00:00:00+00:00,9147.94237197627
2024-08-20 00:00:00+00:00,9151.343141019412
2024-08-21 00:00:00+00:00,9153.262075960189
2024-08-22 00:00:00+00:00,9143.313945942446
2024-08-23 00:00:00+00:00,9144.589071116508
2024-08-24 00:00:00+00:00,9120.916650114437
2024-08-25 00:00:00+00:00,9119.950283144035
2024-08-26 00:00:00+00:00,9123.76355704544
2024-08-27 00:00:00+00:00,9123.518650072858
2024-08-28 00:00:00+00:00,9130.982098653012
2024-08-29 00:00:00+00:00,9134.946075953012
2024-08-30 00:00:00+00:00,9139.65820210637
2024-08-31 00:00:00+00:00,9140.41613376137
2024-09-01 00:00:00+00:00,9140.900723535628
2024-09-02 00:00:00+00:00,9142.28428081563
2024-09-03 00:00:00+00:00,9111.134814225241
2024-09-04 00:00:00+00:00,9147.288213091078
2024-09-05 00:00:00+00:00,9147.288213091078
2024-09-06 00:00:00+00:00,9151.366673191078
2024-09-07 00:00:00+00:00,9152.996563531078
2024-09-08 00:00:00+00:00,9142.01348957875
2024-09-09 00:00:00+00:00,9136.528165161119
2024-09-10 00:00:00+00:00,9121.962085891299
2024-09-11 00:00:00+00:00,9115.04422532088
2024-09-12 00:00:00+00:00,9126.370536306918
2024-09-13 00:00:00+00:00,9126.07291331913
2024-09-14 00:00:00+00:00,9127.58369330913
2024-09-15 00:00:00+00:00,9127.68388418913
2024-09-16 00:00:00+00:00,9130.10554597537
2024-09-17 00:00:00+00:00,9134.566520850369
2024-09-18 00:00:00+00:00,9145.296205800369
2024-09-19 00:00:00+00:00,9150.686216850369
2024-09-20 00:00:00+00:00,9117.814278949973
2024-09-21 00:00:00+00:00,9080.424362058968
2024-09-22 00:00:00+00:00,9060.043251059287
2024-09-23 00:00:00+00:00,9065.663330894287
2024-09-24 00:00:00+00:00,9068.104642084287
2024-09-25 00:00:00+00:00,9078.037755274287
2024-09-26 00:00:00+00:00,9083.821683274286
2024-09-27 00:00:00+00:00,9086.427403149286
2024-09-28 00:00:00+00:00,9087.025781049286
2024-09-29 00:00:00+00:00,9090.136049649287
2024-09-30 00:00:00+00:00,9092.616906414287
2024-10-01 00:00:00+00:00,9095.750934339287
2024-10-02 00:00:00+00:00,9105.710758213287
2024-10-03 00:00:00+00:00,9115.334174768546
2024-10-04 00:00:00+00:00,9115.293322303547
2024-10-05 00:00:00+00:00,9117.800599903547
2024-10-06 00:00:00+00:00,9121.227365903547
2024-10-07 00:00:00+00:00,9121.067745183547
2024-10-08 00:00:00+00:00,9125.530315286487
2024-10-09 00:00:00+00:00,9139.171455851487
2024-10-10 00:00:00+00:00,9147.548390641707
2024-10-11 00:00:00+00:00,9150.589791519615
2024-10-12 00:00:00+00:00,9119.545773707561
2024-10-13 00:00:00+00:00,9099.837695383692
2024-10-14 00:00:00+00:00,9103.958181968204
2024-10-15 00:00:00+00:00,9060.16814058994
2024-10-16 00:00:00+00:00,9070.42356839494
2024-10-17 00:00:00+00:00,9066.984008137139
2024-10-18 00:00:00+00:00,9077.608279192733
2024-10-19 00:00:00+00:00,9078.362272972732
2024-10-20 00:00:00+00:00,9078.741737332732
2024-10-21 00:00:00+00:00,9081.772130932732
2024-10-22 00:00:00+00:00,9085.140555682732
2024-10-23 00:00:00+00:00,9096.909663382732
2024-10-24 00:00:00+00:00,9104.838463237733
2024-10-25 00:00:00+00:00,9105.982942557732
2024-10-26 00:00:00+00:00,9106.310669867733
2024-10-27 00:00:00+00:00,9106.310669867733
2024-10-28 00:00:00+00:00,9112.10649824326
2024-10-29 00:00:00+00:00,9116.64169891326
2024-10-30 00:00:00+00:00,9076.593199334107
2024-10-31 00:00:00+00:00,9066.393671475107
2024-11-01 00:00:00+00:00,9126.21715735011
2024-11-02 00:00:00+00:00,9128.51038831011
2024-11-03 00:00:00+00:00,9130.27937876511
2024-11-04 00:00:00+00:00,9134.03282534511
2024-11-05 00:00:00+00:00,9136.88619311511
2024-11-06 00:00:00+00:00,9122.380479531454
2024-11-07 00:00:00+00:00,9046.217979407871
2024-11-08 00:00:00+00:00,9047.420895047871
2024-11-09 00:00:00+00:00,9050.759022257873
2024-11-10 00:00:00+00:00,9022.188646057872
2024-11-11 00:00:00+00:00,9012.7796475228
2024-11-12 00:00:00+00:00,8981.613848448635
2024-11-13 00:00:00+00:00,9003.799144313181
2024-11-14 00:00:00+00:00,9013.499158862203
2024-11-15 00:00:00+00:00,9013.184193055124
2024-11-16 00:00:00+00:00,9015.869382520123
2024-11-17 00:00:00+00:00,9016.128216480123
2024-11-18 00:00:00+00:00,9020.907813540123
2024-11-19 00:00:00+00:00,8998.153138120597
2024-11-20 00:00:00+00:00,9016.33234434415
2024-11-21 00:00:00+00:00,9026.95421887509
2024-11-22 00:00:00+00:00,9029.32028682509
2024-11-23 00:00:00+00:00,9030.56714584509
2024-11-24 00:00:00+00:00,9030.250802370092
2024-11-25 00:00:00+00:00,9035.436071581456
2024-11-26 00:00:00+00:00,9038.172082081457
2024-11-27 00:00:00+00:00,9044.789263516728
2024-11-28 00:00:00+00:00,8969.745549137902
2024-11-29 00:00:00+00:00,8986.68803995236
2024-11-30 00:00:00+00:00,8984.044308129081
2024-12-01 00:00:00+00:00,8955.747454005013
2024-12-02 00:00:00+00:00,8961.484847525013
2024-12-03 00:00:00+00:00,8966.619785925013
2024-12-04 00:00:00+00:00,8973.245107485014
2024-12-05 00:00:00+00:00,8924.145303759025
2024-12-06 00:00:00+00:00,8936.98974681942
2024-12-07 00:00:00+00:00,8885.211918402905
2024-12-08 00:00:00+00:00,8886.812846952906
2024-12-09 00:00:00+00:00,8891.997208347906
2024-12-10 00:00:00+00:00,8896.168606737905
2024-12-11 00:00:00+00:00,8898.372608992906
2024-12-12 00:00:00+00:00,8898.920707167907
2024-12-13 00:00:00+00:00,8900.011980087907
2024-12-14 00:00:00+00:00,8901.601584837908
2024-12-15 00:00:00+00:00,8902.249946097907
2024-12-16 00:00:00+00:00,8907.673981857908
2024-12-17 00:00:00+00:00,8912.33695724907
2024-12-18 00:00:00+00:00,8916.93335345907
2024-12-19 00:00:00+00:00,8916.93335345907
2024-12-20 00:00:00+00:00,8921.769860359069
2024-12-21 00:00:00+00:00,8922.75394011407
2024-12-22 00:00:00+00:00,8923.08889961407
2024-12-23 00:00:00+00:00,8926.82234625407
2024-12-24 00:00:00+00:00,8931.68846782907
2024-12-25 00:00:00+00:00,8936.672151534069
2024-12-26 00:00:00+00:00,8936.672151534069
2024-12-27 00:00:00+00:00,8940.09136487407
2024-12-28 00:00:00+00:00,8941.29125396407
2024-12-29 00:00:00+00:00,8942.15111586407
2024-12-30 00:00:00+00:00,8946.26562029429
2024-12-31 00:00:00+00:00,8951.389820459957
2025-01-01 00:00:00+00:00,8956.283738299957
2025-01-02 00:00:00+00:00,8956.679963443956
2025-01-03 00:00:00+00:00,8937.477985561658
2025-01-04 00:00:00+00:00,8909.093470676453
2025-01-05 00:00:00+00:00,8900.300875451712
2025-01-06 00:00:00+00:00,8904.437592398712
2025-01-07 00:00:00+00:00,8895.066391013868
2025-01-08 00:00:00+00:00,8894.736986440837
2025-01-09 00:00:00+00:00,8894.308342120838
2025-01-10 00:00:00+00:00,8894.308342120838
2025-01-11 00:00:00+00:00,8895.552423259145
2025-01-12 00:00:00+00:00,8896.527087339146
2025-01-13 00:00:00+00:00,8901.904029271145
2025-01-14 00:00:00+00:00,8909.061809791145
2025-01-15 00:00:00+00:00,8883.409393764201
2025-01-16 00:00:00+00:00,8820.508600453826
2025-01-17 00:00:00+00:00,8819.893507653826
2025-01-18 00:00:00+00:00,8785.130659108465
2025-01-19 00:00:00+00:00,8821.653223189467
2025-01-20 00:00:00+00:00,8825.230076469468
2025-01-21 00:00:00+00:00,8828.455009269468
2025-01-22 00:00:00+00:00,8828.781715174468
2025-01-23 00:00:00+00:00,8829.709281254469
2025-01-24 00:00:00+00:00,8830.217977694469
2025-01-25 00:00:00+00:00,8830.24415513947
2025-01-26 00:00:00+00:00,8830.92791492947
2025-01-27 00:00:00+00:00,8835.180588849369
2025-01-28 00:00:00+00:00,8842.26089467437
2025-01-29 00:00:00+00:00,8851.498288169369
2025-01-30 00:00:00+00:00,8852.626526942931
2025-01-31 00:00:00+00:00,8852.271544082932
2025-02-01 00:00:00+00:00,8856.140190482933
2025-02-02 00:00:00+00:00,8856.140190482933
2025-02-03 00:00:00+00:00,8867.850659522934
2025-02-04 00:00:00+00:00,8872.274186522933
2025-02-05 00:00:00+00:00,8877.235050232934
2025-02-06 00:00:00+00:00,8877.589777032932
2025-02-07 00:00:00+00:00,8879.336463057933
2025-02-08 00:00:00+00:00,8883.766261267932
2025-02-09 00:00:00+00:00,8883.573215672932
2025-02-10 00:00:00+00:00,8894.076694670714
2025-02-11 00:00:00+00:00,8908.380737770714
2025-02-12 00:00:00+00:00,8913.698977581416
2025-02-13 00:00:00+00:00,8914.377272536416
2025-02-14 00:00:00+00:00,8914.377272536416
2025-02-15 00:00:00+00:00,8914.103827936417
2025-02-16 00:00:00+00:00,8914.978200536418
2025-02-17 00:00:00+00:00,8925.731551732732
2025-02-18 00:00:00+00:00,8901.248869589772
2025-02-19 00:00:00+00:00,8935.1570786262
2025-02-20 00:00:00+00:00,8935.030526266199
2025-02-21 00:00:00+00:00,8935.582297066197
2025-02-22 00:00:00+00:00,8937.437274166197
2025-02-23 00:00:00+00:00,8937.437274166197
2025-02-24 00:00:00+00:00,8914.375319950315
2025-02-25 00:00:00+00:00,8948.751404254303
2025-02-26 00:00:00+00:00,8954.829442389302
2025-02-27 00:00:00+00:00,8954.831238139303
2025-02-28 00:00:00+00:00,8955.091064599303
2025-03-01 00:00:00+00:00,8958.182194119303
2025-03-02 00:00:00+00:00,8958.182194119303
2025-03-03 00:00:00+00:00,8968.325630287376
2025-03-04 00:00:00+00:00,8973.200038012375
2025-03-05 00:00:00+00:00,8978.701339012376
2025-03-06 00:00:00+00:00,8978.701339012376
2025-03-07 00:00:00+00:00,8979.676223647377
2025-03-08 00:00:00+00:00,8982.781078477377
2025-03-09 00:00:00+00:00,8982.674183317378
2025-03-10 00:00:00+00:00,8990.22782625142
2025-03-11 00:00:00+00:00,9001.739481794766
2025-03-12 00:00:00+00:00,9010.557247634766
2025-03-13 00:00:00+00:00,9010.557247634766
2025-03-14 00:00:00+00:00,9011.465301914766
2025-03-15 00:00:00+00:00,8999.055341037129
2025-03-16 00:00:00+00:00,8992.804062614021
2025-03-17 00:00:00+00:00,9005.231216619726
2025-03-18 00:00:00+00:00,8995.529199288561
2025-03-19 00:00:00+00:00,8994.261091078077
2025-03-20 00:00:00+00:00,8993.96564536751
2025-03-21 00:00:00+00:00,8995.406105537511
2025-03-22 00:00:00+00:00,8997.441837272512
2025-03-23 00:00:00+00:00,8994.530494885981
2025-03-24 00:00:00+00:00,8989.77240063254
2025-03-25 00:00:00+00:00,8975.4960856963
2025-03-26 00:00:00+00:00,8978.40823502979
2025-03-27 00:00:00+00:00,8989.160687204743
2025-03-28 00:00:00+00:00,8988.909257297704
2025-03-29 00:00:00+00:00,8988.741418747704
2025-03-30 00:00:00+00:00,8989.947170287704
2025-03-31 00:00:00+00:00,8994.195969712704
2025-04-01 00:00:00+00:00,9001.654253052704
2025-04-02 00:00:00+00:00,8961.504685243675
2025-04-03 00:00:00+00:00,9008.080235087235
2025-04-04 00:00:00+00:00,9007.372423325545
2025-04-05 00:00:00+00:00,9009.620881760544
2025-04-06 00:00:00+00:00,9008.807694130543
2025-04-07 00:00:00+00:00,9013.309317490543
2025-04-08 00:00:00+00:00,9018.932524240543
2025-04-09 00:00:00+00:00,9026.248293738325
2025-04-10 00:00:00+00:00,9026.248293738325
2025-04-11 00:00:00+00:00,9028.076526403323
2025-04-12 00:00:00+00:00,9029.615494813323
2025-04-13 00:00:00+00:00,9029.591348398322
2025-04-14 00:00:00+00:00,9033.738846978324
2025-04-15 00:00:00+00:00,9025.150063284382
2025-04-16 00:00:00+00:00,9036.330336716925
2025-04-17 00:00:00+00:00,9041.709264595263
2025-04-18 00:00:00+00:00,9040.702783322635
2025-04-19 00:00:00+00:00,9039.385514994276
2025-04-20 00:00:00+00:00,9033.010795011904
2025-04-21 00:00:00+00:00,9039.813717217734
2025-04-22 00:00:00+00:00,9046.18859250319
2025-04-23 00:00:00+00:00,9052.21005991319
2025-04-24 00:00:00+00:00,9053.00122665319
2025-04-25 00:00:00+00:00,9055.283283953191
2025-04-26 00:00:00+00:00,9056.36917025319
2025-04-27 00:00:00+00:00,9058.477871542753
2025-04-28 00:00:00+00:00,9062.893963992752
2025-04-29 00:00:00+00:00,9070.595130452753
2025-04-30 00:00:00+00:00,9070.073714964776
2025-05-01 00:00:00+00:00,9076.038841998277
2025-05-02 00:00:00+00:00,9054.414896377762
2025-05-03 00:00:00+00:00,9052.445761860574
2025-05-04 00:00:00+00:00,9056.669101911795
2025-05-05 00:00:00+00:00,9069.054923404576
2025-05-06 00:00:00+00:00,9079.844227852398
2025-05-07 00:00:00+00:00,9084.695918812398
2025-05-08 00:00:00+00:00,9084.028710577397
2025-05-09 00:00:00+00:00,8993.52467335883
2025-05-10 00:00:00+00:00,8993.52467335883
2025-05-11 00:00:00+00:00,8995.83096745883
2025-05-12 00:00:00+00:00,9001.175438213832
2025-05-13 00:00:00+00:00,9009.393405206694
2025-05-14 00:00:00+00:00,9013.447890181695
2025-05-15 00:00:00+00:00,9013.215041341695
2025-05-16 00:00:00+00:00,9014.757444326695
2025-05-17 00:00:00+00:00,9016.985649086695
2025-05-18 00:00:00+00:00,9016.985649086695
2025-05-19 00:00:00+00:00,9031.391690926219
2025-05-20 00:00:00+00:00,9040.42618996622
2025-05-21 00:00:00+00:00,9046.401064378584
2025-05-22 00:00:00+00:00,9046.806072868585
2025-05-23 00:00:00+00:00,9029.505798613585
2025-05-24 00:00:00+00:00,9049.322364283586
2025-05-25 00:00:00+00:00,9048.904470513586
2025-05-26 00:00:00+00:00,9066.875941073835
2025-05-27 00:00:00+00:00,9064.056257164208
2025-05-28 00:00:00+00:00,9043.0807537797
2025-05-29 00:00:00+00:00,9038.766280062817
2025-05-30 00:00:00+00:00,9049.781786623542
2025-05-31 00:00:00+00:00,9076.512870779741
2025-06-01 00:00:00+00:00,9079.167686799741
2025-06-02 00:00:00+00:00,9089.86675322474
2025-06-03 00:00:00+00:00,9096.81439901474
2025-06-04 00:00:00+00:00,9105.087844363381
2025-06-05 00:00:00+00:00,9106.375614763381
2025-06-06 00:00:00+00:00,9107.481372073382
2025-06-07 00:00:00+00:00,9108.447450273381
2025-06-08 00:00:00+00:00,9112.354075633382
2025-06-09 00:00:00+00:00,9124.08963533914
2025-06-10 00:00:00+00:00,9131.50559510914
2025-06-11 00:00:00+00:00,9087.001093271141
2025-06-12 00:00:00+00:00,9102.03589327723
2025-06-13 00:00:00+00:00,9141.603173584112
2025-06-14 00:00:00+00:00,9141.603173584112
2025-06-15 00:00:00+00:00,9143.172864504111
2025-06-16 00:00:00+00:00,9153.351622914506
2025-06-17 00:00:00+00:00,9160.752054489507
2025-06-18 00:00:00+00:00,9166.652606798923
2025-06-19 00:00:00+00:00,9167.790182798923
2025-06-20 00:00:00+00:00,9167.129359518924
2025-06-21 00:00:00+00:00,9171.205428978925
2025-06-22 00:00:00+00:00,9173.343756801085
2025-06-23 00:00:00+00:00,9187.596843681085
2025-06-24 00:00:00+00:00,9193.087389171562
2025-06-25 00:00:00+00:00,9203.643627318648
2025-06-26 00:00:00+00:00,9206.576134368648
2025-06-27 00:00:00+00:00,9207.246978271909
2025-06-28 00:00:00+00:00,9212.063821071908
2025-06-29 00:00:00+00:00,9215.41131613191
2025-06-30 00:00:00+00:00,9192.815002244688
2025-07-01 00:00:00+00:00,9197.988645415991
2025-07-02 00:00:00+00:00,9224.599337768534
2025-07-03 00:00:00+00:00,9228.446378568535
2025-07-04 00:00:00+00:00,9231.781436303534
2025-07-05 00:00:00+00:00,9236.607122163534
2025-07-06 00:00:00+00:00,9242.091168022878
2025-07-07 00:00:00+00:00,9222.403905677867
2025-07-08 00:00:00+00:00,9232.4906464692
2025-07-09 00:00:00+00:00,9207.098279096255
2025-07-10 00:00:00+00:00,9150.413526951652
2025-07-11 00:00:00+00:00,9152.071431171653
2025-07-12 00:00:00+00:00,9156.241590691652
2025-07-13 00:00:00+00:00,9160.218063841652
2025-07-14 00:00:00+00:00,9161.192540431954
2025-07-15 00:00:00+00:00,9149.678929488766
2025-07-16 00:00:00+00:00,9166.050101054036
2025-07-17 00:00:00+00:00,9168.290317354036
2025-07-18 00:00:00+00:00,9171.579510954036
2025-07-19 00:00:00+00:00,9177.360344474035
2025-07-20 00:00:00+00:00,9180.998037169034
2025-07-21 00:00:00+00:00,9181.176067619033
2025-07-22 00:00:00+00:00,9183.642699294032
2025-07-23 00:00:00+00:00,9185.735622784034
2025-07-24 00:00:00+00:00,9187.236168584035
2025-07-25 00:00:00+00:00,9186.278837244035
2025-07-26 00:00:00+00:00,9186.278837244035
2025-07-27 00:00:00+00:00,9188.087035834034
2025-07-28 00:00:00+00:00,9187.965920084034
2025-07-29 00:00:00+00:00,9190.558927584034
2025-07-30 00:00:00+00:00,9193.717652734033
2025-07-31 00:00:00+00:00,9195.972706234032
2025-08-01 00:00:00+00:00,9195.621460069886
2025-08-02 00:00:00+00:00,9195.481112169886
2025-08-03 00:00:00+00:00,9198.395610129886
2025-08-04 00:00:00+00:00,9201.025190529885
2025-08-05 00:00:00+00:00,9164.847043060196
2025-08-06 00:00:00+00:00,9182.239562135654
2025-08-07 00:00:00+00:00,9171.026833331767
2025-08-08 00:00:00+00:00,9134.996389195048
2025-08-09 00:00:00+00:00,9109.769871839519
2025-08-10 00:00:00+00:00,9061.691659719008
2025-08-11 00:00:00+00:00,9063.9328902732
2025-08-12 00:00:00+00:00,9069.41069204235
2025-08-13 00:00:00+00:00,9019.723184362334
2025-08-14 00:00:00+00:00,9005.042202638879
2025-08-15 00:00:00+00:00,9023.816830503461
2025-08-16 00:00:00+00:00,9027.020329349796
2025-08-17 00:00:00+00:00,9027.720506849797
2025-08-18 00:00:00+00:00,9029.104068314797
2025-08-19 00:00:00+00:00,9030.400217864797
2025-08-20 00:00:00+00:00,9033.086445704797
2025-08-21 00:00:00+00:00,9010.208981557445
2025-08-22 00:00:00+00:00,9020.68486334214
2025-08-23 00:00:00+00:00,8963.786183061076
2025-08-24 00:00:00+00:00,8968.846608978398
2025-08-25 00:00:00+00:00,8968.896246519427
2025-08-26 00:00:00+00:00,8968.603532609573
2025-08-27 00:00:00+00:00,8970.645117029575
2025-08-28 00:00:00+00:00,8970.365921729575
2025-08-29 00:00:00+00:00,8973.020647814576
2025-08-30 00:00:00+00:00,8973.649370174575
2025-08-31 00:00:00+00:00,8973.649370174575
2025-09-01 00:00:00+00:00,8972.199459452211
2025-09-02 00:00:00+00:00,8974.835024162388
2025-09-03 00:00:00+00:00,8977.241012020078
2025-09-04 00:00:00+00:00,8977.353123040079
2025-09-05 00:00:00+00:00,8979.47270737008
2025-09-06 00:00:00+00:00,8981.301548738133
2025-09-07 00:00:00+00:00,8980.898570658133
2025-09-08 00:00:00+00:00,8978.41449211153
2025-09-09 00:00:00+00:00,8978.47605464619
2025-09-10 00:00:00+00:00,8978.186083041017
2025-09-11 00:00:00+00:00,8975.16994358948
2025-09-12 00:00:00+00:00,8966.62131237632
2025-09-13 00:00:00+00:00,8966.395000057195
2025-09-14 00:00:00+00:00,8966.395000057195
2025-09-15 00:00:00+00:00,8966.562953652196
2025-09-16 00:00:00+00:00,8967.653137627196
2025-09-17 00:00:00+00:00,8968.250082042196
2025-09-18 00:00:00+00:00,8968.354494532196
2025-09-19 00:00:00+00:00,8969.494225377195
2025-09-20 00:00:00+00:00,8971.512382902196
2025-09-21 00:00:00+00:00,8970.878349372197
2025-09-22 00:00:00+00:00,8970.525665367197
2025-09-23 00:00:00+00:00,8972.527093247198
2025-09-24 00:00:00+00:00,8974.431437312196
2025-09-25 00:00:00+00:00,8974.791304992195
2025-09-26 00:00:00+00:00,8976.661685322197
2025-09-27 00:00:00+00:00,8945.598893507624
2025-09-28 00:00:00+00:00,8948.555347213322
2025-09-29 00:00:00+00:00,8922.643816756496
2025-09-30 00:00:00+00:00,8907.350858682597
2025-10-01 00:00:00+00:00,8922.182669740829
2025-10-02 00:00:00+00:00,8921.605180117607
2025-10-03 00:00:00+00:00,8925.433124237607
2025-10-04 00:00:00+00:00,8925.433124237607
2025-10-05 00:00:00+00:00,8925.433124237607
2025-10-06 00:00:00+00:00,8925.493149377606
2025-10-07 00:00:00+00:00,8926.344474677606
2025-10-08 00:00:00+00:00,8927.787325877605
2025-10-09 00:00:00+00:00,8930.438896977605
2025-10-10 00:00:00+00:00,8930.720019627604
2025-10-11 00:00:00+00:00,8932.026426852604
2025-10-12 00:00:00+00:00,8940.332418327604
2025-10-13 00:00:00+00:00,8940.428097637603
2025-10-14 00:00:00+00:00,8941.259979197603
2025-10-15 00:00:00+00:00,8942.934048132602
2025-10-16 00:00:00+00:00,8944.805065632601
2025-10-17 00:00:00+00:00,8947.057148702981
2025-10-18 00:00:00+00:00,8948.70105745298
2025-10-19 00:00:00+00:00,8941.478308193007
2025-10-20 00:00:00+00:00,8930.272193233153
2025-10-21 00:00:00+00:00,8930.736179507336
2025-10-22 00:00:00+00:00,8943.56386844925
2025-10-23 00:00:00+00:00,8952.131800649095
2025-10-24 00:00:00+00:00,8944.577501272852
2025-10-25 00:00:00+00:00,8933.995387191384
2025-10-26 00:00:00+00:00,8931.433691968741
2025-10-27 00:00:00+00:00,8903.492057920017
2025-10-28 00:00:00+00:00,8908.943588217828
2025-10-29 00:00:00+00:00,8908.571284960977
2025-10-30 00:00:00+00:00,8909.939830470106
2025-10-31 00:00:00+00:00,8910.262328870105
2025-11-01 00:00:00+00:00,8901.894254779561
2025-11-02 00:00:00+00:00,8897.951109823285
2025-11-03 00:00:00+00:00,8892.868969008907
2025-11-04 00:00:00+00:00,8910.109515721824
2025-11-05 00:00:00+00:00,8910.229644276826
2025-11-06 00:00:00+00:00,8910.903706951825
2025-11-07 00:00:00+00:00,8910.903706951825
2025-11-08 00:00:00+00:00,8912.714199591826
2025-11-09 00:00:00+00:00,8914.435764976826
2025-11-10 00:00:00+00:00,8915.119165121827
2025-11-11 00:00:00+00:00,8915.119165121827
2025-11-12 00:00:00+00:00,8916.895425761828
2025-11-13 00:00:00+00:00,8920.063320450638
2025-11-14 00:00:00+00:00,8921.530687450637
2025-11-15 00:00:00+00:00,8921.241378840636
2025-11-16 00:00:00+00:00,8914.056954780652
2025-11-17 00:00:00+00:00,8928.178098637116
2025-11-18 00:00:00+00:00,8929.138830517117
2025-11-19 00:00:00+00:00,8930.069485242117
2025-11-20 00:00:00+00:00,8929.799621562117
2025-11-21 00:00:00+00:00,8929.799621562117
2025-11-22 00:00:00+00:00,8931.099019257117
2025-11-23 00:00:00+00:00,8935.573829307117
2025-11-24 00:00:00+00:00,8930.708981657184
2025-11-25 00:00:00+00:00,8906.571746973073
2025-11-26 00:00:00+00:00,8905.632223028499
2025-11-27 00:00:00+00:00,8894.977712966309
2025-11-28 00:00:00+00:00,8896.787996995625
2025-11-29 00:00:00+00:00,8896.461344173144
2025-11-30 00:00:00+00:00,8900.964033473143
2025-12-01 00:00:00+00:00,8901.099588413143
2025-12-02 00:00:00+00:00,8901.504189053143
2025-12-03 00:00:00+00:00,8902.035438453144
2025-12-04 00:00:00+00:00,8870.019917687241
2025-12-05 00:00:00+00:00,8879.224751649013
2025-12-06 00:00:00+00:00,8903.673210470457
2025-12-07 00:00:00+00:00,8899.761046685764
2025-12-08 00:00:00+00:00,8906.749131335095
2025-12-09 00:00:00+00:00,8907.955459765095
2025-12-10 00:00:00+00:00,8909.473386390095
2025-12-11 00:00:00+00:00,8911.597579300094
2025-12-12 00:00:00+00:00,8912.914613480094
2025-12-13 00:00:00+00:00,8912.664149690094
2025-12-14 00:00:00+00:00,8907.76663242079
2025-12-15 00:00:00+00:00,8917.289781790741
2025-12-16 00:00:00+00:00,8919.716184363824
2025-12-17 00:00:00+00:00,8921.364920433823
2025-12-18 00:00:00+00:00,8921.673876633824
2025-12-19 00:00:00+00:00,8922.392654973824
2025-12-20 00:00:00+00:00,8923.164322533825
2025-12-21 00:00:00+00:00,8922.392295056941
2025-12-22 00:00:00+00:00,8925.718801123028
2025-12-23 00:00:00+00:00,8927.676362143027
2025-12-24 00:00:00+00:00,8928.244753783029
2025-12-25 00:00:00+00:00,8929.81828479803
2025-12-26 00:00:00+00:00,8929.578675878029
2025-12-27 00:00:00+00:00,8930.769086078028
2025-12-28 00:00:00+00:00,8924.364059525962
2025-12-29 00:00:00+00:00,8923.913378518542
2025-12-30 00:00:00+00:00,8935.157323343026
2025-12-31 00:00:00+00:00,8936.391258143027
2026-01-01 00:00:00+00:00,8936.256876018027
2026-01-02 00:00:00+00:00,8922.94119847441
2026-01-03 00:00:00+00:00,8870.498135911552
2026-01-04 00:00:00+00:00,8869.918023741411
2026-01-05 00:00:00+00:00,8862.241222299868
2026-01-06 00:00:00+00:00,8847.93454494672
2026-01-07 00:00:00+00:00,8850.28839178672
2026-01-08 00:00:00+00:00,8849.222645626722
2026-01-09 00:00:00+00:00,8847.780570106723
2026-01-10 00:00:00+00:00,8847.892636786723
2026-01-11 00:00:00+00:00,8850.724769386721
2026-01-12 00:00:00+00:00,8836.306677753511
2026-01-13 00:00:00+00:00,8850.05669415163
2026-01-14 00:00:00+00:00,8761.99898357353
2026-01-15 00:00:00+00:00,8764.00310234853
2026-01-16 00:00:00+00:00,8764.00310234853
2026-01-17 00:00:00+00:00,8764.914160548531
2026-01-18 00:00:00+00:00,8759.596855663289
2026-01-19 00:00:00+00:00,8766.65324369664
2026-01-20 00:00:00+00:00,8766.65324369664
2026-01-21 00:00:00+00:00,8768.01213425664
2026-01-22 00:00:00+00:00,8770.843758081639
2026-01-23 00:00:00+00:00,8773.296698793649
2026-01-24 00:00:00+00:00,8773.29065665365
2026-01-25 00:00:00+00:00,8773.51406313583
2026-01-26 00:00:00+00:00,8775.990592876518
2026-01-27 00:00:00+00:00,8749.050887840831
2026-01-28 00:00:00+00:00,8725.994497838266
2026-01-29 00:00:00+00:00,8729.908349980886
2026-01-30 00:00:00+00:00,8778.877714864615
2026-01-31 00:00:00+00:00,8780.557956274615
2026-02-01 00:00:00+00:00,8783.487062694616
2026-02-02 00:00:00+00:00,8784.400581774617
2026-02-03 00:00:00+00:00,8783.973509274616
2026-02-04 00:00:00+00:00,8783.973509274616
2026-02-05 00:00:00+00:00,8784.666588707645
2026-02-06 00:00:00+00:00,8784.666588707645
2026-02-07 00:00:00+00:00,8784.666588707645
2026-02-08 00:00:00+00:00,8787.194104867645
2026-02-09 00:00:00+00:00,8788.668412867644
2026-02-10 00:00:00+00:00,8791.273787167645
2026-02-11 00:00:00+00:00,8791.855143962646
2026-02-12 00:00:00+00:00,8794.111220122646
2026-02-13 00:00:00+00:00,8795.937341997647
2026-02-14 00:00:00+00:00,8797.137697272648
2026-02-15 00:00:00+00:00,8789.136231416567
2026-02-16 00:00:00+00:00,8801.305010894883
2026-02-17 00:00:00+00:00,8803.129921674883
2026-02-18 00:00:00+00:00,8803.605138694882
2026-02-19 00:00:00+00:00,8806.392394044882
2026-02-20 00:00:00+00:00,8806.561632334882
2026-02-21 00:00:00+00:00,8807.18592399488
2026-02-22 00:00:00+00:00,8805.457659266633
2026-02-23 00:00:00+00:00,8810.86446142259
2026-02-24 00:00:00+00:00,8813.43223278259
2026-02-25 00:00:00+00:00,8814.156875687591
2026-02-26 00:00:00+00:00,8754.978015011584
2026-02-27 00:00:00+00:00,8763.594720746029
2026-02-28 00:00:00+00:00,8791.370604733214
2026-03-01 00:00:00+00:00,8816.458668886953
2026-03-02 00:00:00+00:00,8817.942832996952
2026-03-03 00:00:00+00:00,8822.344177281951
2026-03-04 00:00:00+00:00,8826.078733491951
2026-03-05 00:00:00+00:00,8827.946325171952
2026-03-06 00:00:00+00:00,8827.693345071952
2026-03-07 00:00:00+00:00,8828.765846446951
2026-03-08 00:00:00+00:00,8837.384950656276
2026-03-09 00:00:00+00:00,8839.030664916276
2026-03-10 00:00:00+00:00,8820.768241564821
2026-03-11 00:00:00+00:00,8806.371992459608
2026-03-12 00:00:00+00:00,8801.120916529379
2026-03-13 00:00:00+00:00,8793.841116619078
2026-03-14 00:00:00+00:00,8751.040865827303
2026-03-15 00:00:00+00:00,8759.081786122422
2026-03-16 00:00:00+00:00,8758.689630292423
2026-03-17 00:00:00+00:00,8762.180374792422
2026-03-18 00:00:00+00:00,8762.180374792422
2026-03-19 00:00:00+00:00,8766.375945009842
2026-03-20 00:00:00+00:00,8767.386237439843
2026-03-21 00:00:00+00:00,8767.406800299843
2026-03-22 00:00:00+00:00,8775.241257796642
2026-03-23 00:00:00+00:00,8775.241257796642
2026-03-24 00:00:00+00:00,8777.543021896643
2026-03-25 00:00:00+00:00,8777.198517136643
2026-03-26 00:00:00+00:00,8781.184509636643
2026-03-27 00:00:00+00:00,8780.431126386644
2026-03-28 00:00:00+00:00,8781.293659786645
2026-03-29 00:00:00+00:00,8780.21587297138
2026-03-30 00:00:00+00:00,8788.502539561972
2026-03-31 00:00:00+00:00,8770.512008035214
2026-04-01 00:00:00+00:00,8740.199574544486
2026-04-02 00:00:00+00:00,8727.154809239822
2026-04-03 00:00:00+00:00,8758.655685308191
2026-04-04 00:00:00+00:00,8759.843770764608
2026-04-05 00:00:00+00:00,8759.314891059008
2026-04-06 00:00:00+00:00,8761.207301649007
2026-04-07 00:00:00+00:00,8767.149741668078
2026-04-08 00:00:00+00:00,8768.636294738079
2026-04-09 00:00:00+00:00,8773.17443560808
2026-04-10 00:00:00+00:00,8773.07255058308
2026-04-11 00:00:00+00:00,8772.98543890808
2026-04-12 00:00:00+00:00,8755.542871444288
2026-04-13 00:00:00+00:00,8777.854740097382
2026-04-14 00:00:00+00:00,8778.75865563738
2026-04-15 00:00:00+00:00,8779.33607268738
2026-04-16 00:00:00+00:00,8787.644293117379
2026-04-17 00:00:00+00:00,8787.644293117379
2026-04-18 00:00:00+00:00,8788.775642557379
2026-04-19 00:00:00+00:00,8796.285645078473
2026-04-20 00:00:00+00:00,8799.559823478472
2026-04-21 00:00:00+00:00,8784.638819564405
2026-04-22 00:00:00+00:00,8779.918392170779
2026-04-23 00:00:00+00:00,8764.000604745095
2026-04-24 00:00:00+00:00,8779.072390678364
2026-04-25 00:00:00+00:00,8784.073273214428
2026-04-26 00:00:00+00:00,8783.485484683293
2026-04-27 00:00:00+00:00,8785.932159913295
2026-04-28 00:00:00+00:00,8787.621249448293
2026-04-29 00:00:00+00:00,8787.044289948293
2026-04-30 00:00:00+00:00,8792.053712154548
2026-05-01 00:00:00+00:00,8792.362404699548
2026-05-02 00:00:00+00:00,8779.434093488533
2026-05-03 00:00:00+00:00,8771.231139941767
2026-05-04 00:00:00+00:00,8769.139780857171
2026-05-05 00:00:00+00:00,8759.918033856226
2026-05-06 00:00:00+00:00,8754.71556807159
2026-05-07 00:00:00+00:00,8754.063292702183
2026-05-08 00:00:00+00:00,8752.679338782182
2026-05-09 00:00:00+00:00,8752.673839972182
2026-05-10 00:00:00+00:00,8753.827888404789
2026-05-11 00:00:00+00:00,8753.85693512479
2026-05-12 00:00:00+00:00,8752.719598364789
2026-05-13 00:00:00+00:00,8750.835039644788
2026-05-14 00:00:00+00:00,8755.44279583793
2026-05-15 00:00:00+00:00,8763.33995094793
2026-05-16 00:00:00+00:00,8764.812225047928
2026-05-17 00:00:00+00:00,8767.80792361793
2026-05-18 00:00:00+00:00,8771.87300797793
2026-05-19 00:00:00+00:00,8771.87300797793
2026-05-20 00:00:00+00:00,8770.37197542293
2026-05-21 00:00:00+00:00,8774.251970372929
2026-05-22 00:00:00+00:00,8781.638275905794
2026-05-23 00:00:00+00:00,8780.333380885793
2026-05-24 00:00:00+00:00,8783.337776860793
2026-05-25 00:00:00+00:00,8784.489876074433
2026-05-26 00:00:00+00:00,8785.413693374432
2026-05-27 00:00:00+00:00,8784.133867834431
2026-05-28 00:00:00+00:00,8791.60662186443
2026-05-29 00:00:00+00:00,8797.01639574443
2026-05-30 00:00:00+00:00,8798.33344940943
2026-05-31 00:00:00+00:00,8799.51021960943
2026-06-01 00:00:00+00:00,8799.61998107227
2026-06-02 00:00:00+00:00,8805.17162072227
2026-06-03 00:00:00+00:00,8805.17162072227
2026-06-04 00:00:00+00:00,8810.12235836227
2026-06-05 00:00:00+00:00,8818.90605618727
2026-06-06 00:00:00+00:00,8818.90605618727
2026-06-07 00:00:00+00:00,8830.67513714727
2026-06-08 00:00:00+00:00,8762.987036435683
2026-06-09 00:00:00+00:00,8762.865627813244
2026-06-10 00:00:00+00:00,8791.241189798799
2026-06-11 00:00:00+00:00,8801.14279987477
2026-06-12 00:00:00+00:00,8772.083025410464
2026-06-13 00:00:00+00:00,8771.401693804097
2026-06-14 00:00:00+00:00,8764.781275205203
2026-06-15 00:00:00+00:00,8774.364304170776
2026-06-16 00:00:00+00:00,8775.308172330777
2026-06-17 00:00:00+00:00,8775.831480405777
2026-06-18 00:00:00+00:00,8781.832700735777
2026-06-19 00:00:00+00:00,8781.901270775776
2026-06-20 00:00:00+00:00,8783.254109255775
2026-06-21 00:00:00+00:00,8771.739240807543
2026-06-22 00:00:00+00:00,8783.644009271382
2026-06-23 00:00:00+00:00,8776.300025378652
2026-06-24 00:00:00+00:00,8785.521429356919
2026-06-25 00:00:00+00:00,8791.885898854556
2026-06-26 00:00:00+00:00,8792.051213094557
2026-06-27 00:00:00+00:00,8793.757995214557
2026-06-28 00:00:00+00:00,8797.288855189558
2026-06-29 00:00:00+00:00,8799.416277889557
2026-06-30 00:00:00+00:00,8799.416277889557
2026-07-01 00:00:00+00:00,8799.732201559556
2026-07-02 00:00:00+00:00,8807.852985304557
2026-07-03 00:00:00+00:00,8807.852985304557
2026-07-04 00:00:00+00:00,8808.916724479557
2026-07-05 00:00:00+00:00,8811.837367919557
2026-07-06 00:00:00+00:00,8812.337927264558
2026-07-07 00:00:00+00:00,8813.478813074558
2026-07-08 00:00:00+00:00,8813.40701649956
2026-07-09 00:00:00+00:00,8819.68695954956
2026-07-10 00:00:00+00:00,8819.68695954956
2026-07-11 00:00:00+00:00,8819.71985384956
2026-07-12 00:00:00+00:00,8820.97892084956
2026-07-13 00:00:00+00:00,8824.15652814956
2026-07-14 00:00:00+00:00,8827.82985006956
2026-07-15 00:00:00+00:00,8827.28499498956
2026-07-16 00:00:00+00:00,8830.72821953456
2026-07-17 00:00:00+00:00,8831.69594473456
2026-07-18 00:00:00+00:00,8832.99309779456
2026-07-19 00:00:00+00:00,8820.464564196707
2026-07-20 00:00:00+00:00,8815.310444308125
2026-07-21 00:00:00+00:00,8798.09280602585
2026-07-22 00:00:00+00:00,8784.276286078079
2026-07-23 00:00:00+00:00,8782.204335325958
2026-07-24 00:00:00+00:00,8781.475958433793
2026-07-25 00:00:00+00:00,8781.443186433795
2026-07-26 00:00:00+00:00,8783.013144083794
2026-07-27 00:00:00+00:00,8732.994232846435
2026-07-28 00:00:00+00:00,8772.000797718969
2026-07-29 00:00:00+00:00,8785.841436712275
2026-07-30 00:00:00+00:00,8797.745179927275
2026-07-31 00:00:00+00:00,8801.753973787274
2026-08-01 00:00:00+00:00,8804.385969037274
2026-08-02 00:00:00+00:00,8806.817794411932
2026-08-03 00:00:00+00:00,8783.436916750437
2026-08-04 00:00:00+00:00,8811.551265186996
2026-08-05 00:00:00+00:00,8812.506966746996
2026-08-06 00:00:00+00:00,8820.95417608477
2026-08-07 00:00:00+00:00,8824.37740666477
2026-08-08 00:00:00+00:00,8825.38310234477
2026-08-09 00:00:00+00:00,8822.239446369284
2026-08-10 00:00:00+00:00,8825.966623392087
2026-08-11 00:00:00+00:00,8826.181188152086
2026-08-12 00:00:00+00:00,8825.618171192085
2026-08-13 00:00:00+00:00,8826.287648804693
2026-08-14 00:00:00+00:00,8833.565269045814
2026-08-15 00:00:00+00:00,8834.422508170814
2026-08-16 00:00:00+00:00,8834.357829017532
2026-08-17 00:00:00+00:00,8836.357659317531
2026-08-18 00:00:00+00:00,8835.86200361753
2026-08-19 00:00:00+00:00,8835.86200361753
2026-08-20 00:00:00+00:00,8836.36195828253
2026-08-21 00:00:00+00:00,8842.86687145253
2026-08-22 00:00:00+00:00,8788.459384148984
2026-08-23 00:00:00+00:00,8815.302395336292
2026-08-24 00:00:00+00:00,8804.036917468022
2026-08-25 00:00:00+00:00,8798.917767923283
2026-08-26 00:00:00+00:00,8810.22443684058
2026-08-27 00:00:00+00:00,8809.763553715438
2026-08-28 00:00:00+00:00,8813.082301660439
2026-08-29 00:00:00+00:00,8813.082301660439
2026-08-30 00:00:00+00:00,8814.61264398544
2026-08-31 00:00:00+00:00,8817.210268158105
2026-09-01 00:00:00+00:00,8818.888974733107
